index,time_s,wavelength_nm,A_main_real,A_main_imag,A_aux_real,A_aux_imag,main_spectrum_db,aux_spectrum_db,param_wl_center_nm,param_FSR_main,param_FSR_aux,param_coupling_ring_bus,param_coupling_ring_ring,param_coupling_ring_drop,param_gamma,param_alpha_int_main,param_alpha_int_aux,param_beta_2,param_intensity_in,param_detuning_main,param_detuning_aux,param_detuning_step,param_nrt,param_n_per_step,param_n_small_time
0,-2.5e-11,1560.0,-2.5065541,-0.33957952,-6.421391,-2.264492,37.845188491679934,46.17886388465726,1560.0,20000000000.0,21000000000.0,0.3,0.4,0.0,1.229,8.643,4.321,4e-26,60.0,0.0211,0.0761,0.005,2000,5,1024
1,-2.4951124e-11,1559.8378,-2.4138494,-0.25359935,-6.4892106,-2.250643,-77.48516004304625,-72.18816868227981,1560.0,20000000000.0,21000000000.0,0.3,0.4,0.0,1.229,8.643,4.321,4e-26,60.0,0.0211,0.0761,0.005,2000,5,1024
2,-2.4902249e-11,1559.6757,-2.3216577,-0.168657,-6.527232,-2.2480767,-76.05068475928434,-80.45490103502505,1560.0,20000000000.0,21000000000.0,0.3,0.4,0.0,1.229,8.643,4.321,4e-26,60.0,0.0211,0.0761,0.005,2000,5,1024
3,-2.4853373e-11,1559.5135,-2.2305784,-0.08474583,-6.5306864,-2.2513015,-77.38554778247979,-83.08794899481373,1560.0,20000000000.0,21000000000.0,0.3,0.4,0.0,1.229,8.643,4.321,4e-26,60.0,0.0211,0.0761,0.005,2000,5,1024
4,-2.4804497e-11,1559.3514,-2.1408975,-0.0026130439,-6.505574,-2.267358,-77.24330654618633,-77.97810320628578,1560.0,20000000000.0,21000000000.0,0.3,0.4,0.0,1.229,8.643,4.321,4e-26,60.0,0.0211,0.0761,0.005,2000,5,1024
5,-2.4755621e-11,1559.1893,-2.054382,0.08040124,-6.4486485,-2.2912188,-80.39791678679683,-79.7336077876125,1560.0,20000000000.0,21000000000.0,0.3,0.4,0.0,1.229,8.643,4.321,4e-26,60.0,0.0211,0.0761,0.005,2000,5,1024
6,-2.4706745e-11,1559.0272,-1.9701763,0.16223438,-6.364449,-2.3280692,-85.32148348108177,-74.55516983669497,1560.0,20000000000.0,21000000000.0,0.3,0.4,0.0,1.229,8.643,4.321,4e-26,60.0,0.0211,0.0761,0.005,2000,5,1024
7,-2.465787e-11,1558.8654,-1.8905638,0.24605483,-6.25181,-2.375249,-83.2365599245023,-65.6835855346022,1560.0,20000000000.0,21000000000.0,0.3,0.4,0.0,1.229,8.643,4.321,4e-26,60.0,0.0211,0.0761,0.005,2000,5,1024
8,-2.4608994e-11,1558.7035,-1.8143443,0.33051836,-6.1145997,-2.4351158,-74.89191813514412,-69.47425994546236,1560.0,20000000000.0,21000000000.0,0.3,0.4,0.0,1.229,8.643,4.321,4e-26,60.0,0.0211,0.0761,0.005,2000,5,1024
9,-2.4560118e-11,1558.5416,-1.7442142,0.4183087,-5.9531617,-2.5078194,31.860464757273377,41.45704897264276,1560.0,20000000000.0,21000000000.0,0.3,0.4,0.0,1.229,8.643,4.321,4e-26,60.0,0.0211,0.0761,0.005,2000,5,1024
10,-2.4511242e-11,1558.3798,-1.6785499,0.50781745,-5.7704124,-2.5927422,-76.57780661478404,-70.64158725563382,1560.0,20000000000.0,21000000000.0,0.3,0.4,0.0,1.229,8.643,4.321,4e-26,60.0,0.0211,0.0761,0.005,2000,5,1024
11,-2.4462366e-11,1558.2178,-1.6196743,0.60203373,-5.5682425,-2.6919985,-80.66096686546759,-63.31416074292356,1560.0,20000000000.0,21000000000.0,0.3,0.4,0.0,1.229,8.643,4.321,4e-26,60.0,0.0211,0.0761,0.005,2000,5,1024
12,-2.441349e-11,1558.056,-1.5664845,0.69877774,-5.346331,-2.8017259,-76.1097420339385,-71.41015035908657,1560.0,20000000000.0,21000000000.0,0.3,0.4,0.0,1.229,8.643,4.321,4e-26,60.0,0.0211,0.0761,0.005,2000,5,1024
13,-2.4364614e-11,1557.8943,-1.5201352,0.79991335,-5.1103296,-2.927239,-80.11103910582366,-69.49683540952722,1560.0,20000000000.0,21000000000.0,0.3,0.4,0.0,1.229,8.643,4.321,4e-26,60.0,0.0211,0.0761,0.005,2000,5,1024
14,-2.4315739e-11,1557.7325,-1.4797493,0.9049459,-4.8563633,-3.0614724,-75.80102056154755,-77.94583551346898,1560.0,20000000000.0,21000000000.0,0.3,0.4,0.0,1.229,8.643,4.321,4e-26,60.0,0.0211,0.0761,0.005,2000,5,1024
15,-2.4266863e-11,1557.5708,-1.4455254,1.0129607,-4.5922055,-3.211334,-86.05184021208545,-86.03003874136968,1560.0,20000000000.0,21000000000.0,0.3,0.4,0.0,1.229,8.643,4.321,4e-26,60.0,0.0211,0.0761,0.005,2000,5,1024
16,-2.4217987e-11,1557.4092,-1.4176903,1.1238283,-4.313196,-3.3690047,-80.03985993298456,-87.78790117874215,1560.0,20000000000.0,21000000000.0,0.3,0.4,0.0,1.229,8.643,4.321,4e-26,60.0,0.0211,0.0761,0.005,2000,5,1024
17,-2.4169111e-11,1557.2476,-1.3946168,1.235731,-4.026517,-3.5407388,-84.40549748545368,-75.96618971571878,1560.0,20000000000.0,21000000000.0,0.3,0.4,0.0,1.229,8.643,4.321,4e-26,60.0,0.0211,0.0761,0.005,2000,5,1024
18,-2.4120235e-11,1557.0858,-1.3768376,1.3486149,-3.7287712,-3.7201166,9.944338958210107,11.424280603174143,1560.0,20000000000.0,21000000000.0,0.3,0.4,0.0,1.229,8.643,4.321,4e-26,60.0,0.0211,0.0761,0.005,2000,5,1024
19,-2.407136e-11,1556.9243,-1.3623302,1.4602597,-3.4252577,-3.911235,-86.96911992003984,-82.18719926381135,1560.0,20000000000.0,21000000000.0,0.3,0.4,0.0,1.229,8.643,4.321,4e-26,60.0,0.0211,0.0761,0.005,2000,5,1024
20,-2.4022484e-11,1556.7627,-1.3519367,1.5703295,-3.1146955,-4.110381,-78.6556287944574,-97.03410716469749,1560.0,20000000000.0,21000000000.0,0.3,0.4,0.0,1.229,8.643,4.321,4e-26,60.0,0.0211,0.0761,0.005,2000,5,1024
21,-2.3973608e-11,1556.6012,-1.3424802,1.6754452,-2.8000767,-4.318743,-81.71545120675725,-77.645312994093,1560.0,20000000000.0,21000000000.0,0.3,0.4,0.0,1.229,8.643,4.321,4e-26,60.0,0.0211,0.0761,0.005,2000,5,1024
22,-2.3924732e-11,1556.44,-1.3359169,1.7763275,-2.483644,-4.5362954,-79.21376175607534,-74.9913133142823,1560.0,20000000000.0,21000000000.0,0.3,0.4,0.0,1.229,8.643,4.321,4e-26,60.0,0.0211,0.0761,0.005,2000,5,1024
23,-2.3875856e-11,1556.2784,-1.328406,1.8693802,-2.1643577,-4.76012,-80.83416188606037,-78.81529429843636,1560.0,20000000000.0,21000000000.0,0.3,0.4,0.0,1.229,8.643,4.321,4e-26,60.0,0.0211,0.0761,0.005,2000,5,1024
24,-2.382698e-11,1556.1171,-1.3220273,1.9546622,-1.8472099,-4.9935946,-82.0129553511587,-73.27120313689063,1560.0,20000000000.0,21000000000.0,0.3,0.4,0.0,1.229,8.643,4.321,4e-26,60.0,0.0211,0.0761,0.005,2000,5,1024
25,-2.3778104e-11,1555.9556,-1.314207,2.0298548,-1.5301342,-5.230619,-90.72422959647228,-78.39229939358634,1560.0,20000000000.0,21000000000.0,0.3,0.4,0.0,1.229,8.643,4.321,4e-26,60.0,0.0211,0.0761,0.005,2000,5,1024
26,-2.3729229e-11,1555.7943,-1.3058256,2.095081,-1.2190226,-5.4770236,-84.27298035003155,-74.38967945004946,1560.0,20000000000.0,21000000000.0,0.3,0.4,0.0,1.229,8.643,4.321,4e-26,60.0,0.0211,0.0761,0.005,2000,5,1024
27,-2.3680353e-11,1555.6329,-1.2957019,2.1479692,-0.90823174,-5.725026,6.29941759162768,14.481670888444905,1560.0,20000000000.0,21000000000.0,0.3,0.4,0.0,1.229,8.643,4.321,4e-26,60.0,0.0211,0.0761,0.005,2000,5,1024
28,-2.3631477e-11,1555.4717,-1.2845098,2.188918,-0.6064016,-5.980121,-91.68806472487529,-66.78252671244715,1560.0,20000000000.0,21000000000.0,0.3,0.4,0.0,1.229,8.643,4.321,4e-26,60.0,0.0211,0.0761,0.005,2000,5,1024
29,-2.3582601e-11,1555.3104,-1.2727954,2.217848,-0.30695605,-6.2346625,-80.97887353929124,-68.72304575094427,1560.0,20000000000.0,21000000000.0,0.3,0.4,0.0,1.229,8.643,4.321,4e-26,60.0,0.0211,0.0761,0.005,2000,5,1024
30,-2.3533725e-11,1555.1492,-1.2599205,2.233464,-0.016064368,-6.49288,-83.20504910484856,-73.91442729027851,1560.0,20000000000.0,21000000000.0,0.3,0.4,0.0,1.229,8.643,4.321,4e-26,60.0,0.0211,0.0761,0.005,2000,5,1024
31,-2.348485e-11,1554.9882,-1.247749,2.2369847,0.27066004,-6.748719,-79.72001308462617,-78.03924841061234,1560.0,20000000000.0,21000000000.0,0.3,0.4,0.0,1.229,8.643,4.321,4e-26,60.0,0.0211,0.0761,0.005,2000,5,1024
32,-2.3435974e-11,1554.8269,-1.2354127,2.2277446,0.55088747,-7.003404,-86.36577903087412,-72.23032329321255,1560.0,20000000000.0,21000000000.0,0.3,0.4,0.0,1.229,8.643,4.321,4e-26,60.0,0.0211,0.0761,0.005,2000,5,1024
33,-2.3387096e-11,1554.6658,-1.225797,2.2072237,0.82672834,-7.2534328,-79.19714636798433,-77.70299022434452,1560.0,20000000000.0,21000000000.0,0.3,0.4,0.0,1.229,8.643,4.321,4e-26,60.0,0.0211,0.0761,0.005,2000,5,1024
34,-2.333822e-11,1554.5048,-1.2170492,2.1747792,1.0991918,-7.4972644,-83.1485040261414,-72.4622406338313,1560.0,20000000000.0,21000000000.0,0.3,0.4,0.0,1.229,8.643,4.321,4e-26,60.0,0.0211,0.0761,0.005,2000,5,1024
35,-2.3289344e-11,1554.3436,-1.2125373,2.1325479,1.3682436,-7.734767,-82.55073881972768,-74.38188233489586,1560.0,20000000000.0,21000000000.0,0.3,0.4,0.0,1.229,8.643,4.321,4e-26,60.0,0.0211,0.0761,0.005,2000,5,1024
36,-2.3240469e-11,1554.1827,-1.2101383,2.079539,1.6374077,-7.961039,-9.454933845216765,-2.5354061675452755,1560.0,20000000000.0,21000000000.0,0.3,0.4,0.0,1.229,8.643,4.321,4e-26,60.0,0.0211,0.0761,0.005,2000,5,1024
37,-2.3191593e-11,1554.0217,-1.2128814,2.0181797,1.9034619,-8.1792555,-88.3453549872215,-81.48527318664304,1560.0,20000000000.0,21000000000.0,0.3,0.4,0.0,1.229,8.643,4.321,4e-26,60.0,0.0211,0.0761,0.005,2000,5,1024
38,-2.3142717e-11,1553.8608,-1.2189323,1.9478238,2.173452,-8.382716,-82.67363072628638,-73.31350561746312,1560.0,20000000000.0,21000000000.0,0.3,0.4,0.0,1.229,8.643,4.321,4e-26,60.0,0.0211,0.0761,0.005,2000,5,1024
39,-2.3093841e-11,1553.7,-1.2303418,1.8699903,2.4419186,-8.576508,-76.32150572617638,-82.3656835169289,1560.0,20000000000.0,21000000000.0,0.3,0.4,0.0,1.229,8.643,4.321,4e-26,60.0,0.0211,0.0761,0.005,2000,5,1024
40,-2.3044965e-11,1553.5391,-1.2460225,1.7851368,2.715276,-8.754204,-77.18755949005165,-76.38110914835787,1560.0,20000000000.0,21000000000.0,0.3,0.4,0.0,1.229,8.643,4.321,4e-26,60.0,0.0211,0.0761,0.005,2000,5,1024
41,-2.299609e-11,1553.3782,-1.2662057,1.6938632,2.9884813,-8.921248,-76.33205161230921,-75.90839363370593,1560.0,20000000000.0,21000000000.0,0.3,0.4,0.0,1.229,8.643,4.321,4e-26,60.0,0.0211,0.0761,0.005,2000,5,1024
42,-2.2947214e-11,1553.2174,-1.2915373,1.5969117,3.2657597,-9.072611,-76.95416496689683,-73.33160050767168,1560.0,20000000000.0,21000000000.0,0.3,0.4,0.0,1.229,8.643,4.321,4e-26,60.0,0.0211,0.0761,0.005,2000,5,1024
43,-2.2898338e-11,1553.0566,-1.3207633,1.4941628,3.5434217,-9.2133045,-77.753228358271,-76.90330183913447,1560.0,20000000000.0,21000000000.0,0.3,0.4,0.0,1.229,8.643,4.321,4e-26,60.0,0.0211,0.0761,0.005,2000,5,1024
44,-2.2849462e-11,1552.8959,-1.3554457,1.3878882,3.8228471,-9.340613,-77.83441252252373,-87.81144384623403,1560.0,20000000000.0,21000000000.0,0.3,0.4,0.0,1.229,8.643,4.321,4e-26,60.0,0.0211,0.0761,0.005,2000,5,1024
45,-2.2800586e-11,1552.7352,-1.3932421,1.2765286,4.1002984,-9.458828,-9.094559597526704,-4.665692338797925,1560.0,20000000000.0,21000000000.0,0.3,0.4,0.0,1.229,8.643,4.321,4e-26,60.0,0.0211,0.0761,0.005,2000,5,1024
46,-2.275171e-11,1552.5746,-1.4366274,1.1628507,4.375399,-9.56724,-81.56626668708958,-76.49606000042587,1560.0,20000000000.0,21000000000.0,0.3,0.4,0.0,1.229,8.643,4.321,4e-26,60.0,0.0211,0.0761,0.005,2000,5,1024
47,-2.2702834e-11,1552.414,-1.4829265,1.0455207,4.6456475,-9.667885,-86.07901300823322,-77.94218512269913,1560.0,20000000000.0,21000000000.0,0.3,0.4,0.0,1.229,8.643,4.321,4e-26,60.0,0.0211,0.0761,0.005,2000,5,1024
48,-2.2653959e-11,1552.2533,-1.5349344,0.9268371,4.9074254,-9.7627,-79.9001597516681,-72.13249144625789,1560.0,20000000000.0,21000000000.0,0.3,0.4,0.0,1.229,8.643,4.321,4e-26,60.0,0.0211,0.0761,0.005,2000,5,1024
49,-2.2605083e-11,1552.0927,-1.5898033,0.8063451,5.1599507,-9.851288,-79.99890285676537,-73.69178677174003,1560.0,20000000000.0,21000000000.0,0.3,0.4,0.0,1.229,8.643,4.321,4e-26,60.0,0.0211,0.0761,0.005,2000,5,1024
50,-2.2556207e-11,1551.9323,-1.6498011,0.68627363,5.3976912,-9.938257,-73.44366982450157,-67.71735909235704,1560.0,20000000000.0,21000000000.0,0.3,0.4,0.0,1.229,8.643,4.321,4e-26,60.0,0.0211,0.0761,0.005,2000,5,1024
51,-2.2507331e-11,1551.7717,-1.7136973,0.566213,5.6203384,-10.0197525,-81.81731201309519,-68.84206499650975,1560.0,20000000000.0,21000000000.0,0.3,0.4,0.0,1.229,8.643,4.321,4e-26,60.0,0.0211,0.0761,0.005,2000,5,1024
52,-2.2458455e-11,1551.6112,-1.7817372,0.4470524,5.821784,-10.101942,-79.46219080696318,-67.37551798945184,1560.0,20000000000.0,21000000000.0,0.3,0.4,0.0,1.229,8.643,4.321,4e-26,60.0,0.0211,0.0761,0.005,2000,5,1024
53,-2.240958e-11,1551.4508,-1.8543137,0.33100832,6.0032563,-10.178638,-77.93656888726134,-76.53550342296171,1560.0,20000000000.0,21000000000.0,0.3,0.4,0.0,1.229,8.643,4.321,4e-26,60.0,0.0211,0.0761,0.005,2000,5,1024
54,-2.2360704e-11,1551.2904,-1.9301307,0.2172533,6.1581717,-10.25647,-28.699378922784085,-19.545663342085,1560.0,20000000000.0,21000000000.0,0.3,0.4,0.0,1.229,8.643,4.321,4e-26,60.0,0.0211,0.0761,0.005,2000,5,1024
55,-2.2311828e-11,1551.13,-2.0107758,0.108176924,6.288522,-10.328324,-77.64529897579965,-72.99796500015799,1560.0,20000000000.0,21000000000.0,0.3,0.4,0.0,1.229,8.643,4.321,4e-26,60.0,0.0211,0.0761,0.005,2000,5,1024
56,-2.2262952e-11,1550.9696,-2.0935602,0.0026502663,6.388711,-10.398832,-84.57790996387777,-78.31187401204352,1560.0,20000000000.0,21000000000.0,0.3,0.4,0.0,1.229,8.643,4.321,4e-26,60.0,0.0211,0.0761,0.005,2000,5,1024
57,-2.2214076e-11,1550.8093,-2.180331,-0.096759684,6.4605117,-10.46229,-82.09058485657293,-70.68293146108289,1560.0,20000000000.0,21000000000.0,0.3,0.4,0.0,1.229,8.643,4.321,4e-26,60.0,0.0211,0.0761,0.005,2000,5,1024
58,-2.21652e-11,1550.649,-2.2685761,-0.19183779,6.5009894,-10.520212,-98.590071877676,-83.37391881162888,1560.0,20000000000.0,21000000000.0,0.3,0.4,0.0,1.229,8.643,4.321,4e-26,60.0,0.0211,0.0761,0.005,2000,5,1024
59,-2.2116324e-11,1550.4889,-2.3598063,-0.28044176,6.5111876,-10.570274,-81.3125754747456,-71.49759051078681,1560.0,20000000000.0,21000000000.0,0.3,0.4,0.0,1.229,8.643,4.321,4e-26,60.0,0.0211,0.0761,0.005,2000,5,1024
60,-2.2067449e-11,1550.3286,-2.4512393,-0.36460447,6.49067,-10.610342,-86.96965841733402,-85.20942173771964,1560.0,20000000000.0,21000000000.0,0.3,0.4,0.0,1.229,8.643,4.321,4e-26,60.0,0.0211,0.0761,0.005,2000,5,1024
61,-2.2018573e-11,1550.1685,-2.5439322,-0.442679,6.438627,-10.64042,-75.84254878269104,-76.2541322636256,1560.0,20000000000.0,21000000000.0,0.3,0.4,0.0,1.229,8.643,4.321,4e-26,60.0,0.0211,0.0761,0.005,2000,5,1024
62,-2.1969697e-11,1550.0083,-2.63606,-0.516675,6.3585944,-10.656123,-97.9455836117488,-78.65395768898439,1560.0,20000000000.0,21000000000.0,0.3,0.4,0.0,1.229,8.643,4.321,4e-26,60.0,0.0211,0.0761,0.005,2000,5,1024
63,-2.1920821e-11,1549.8483,-2.7275586,-0.5865379,6.248247,-10.66041,-33.087174575852046,-38.05841887906014,1560.0,20000000000.0,21000000000.0,0.3,0.4,0.0,1.229,8.643,4.321,4e-26,60.0,0.0211,0.0761,0.005,2000,5,1024
64,-2.1871945e-11,1549.6882,-2.8175068,-0.65313226,6.1128445,-10.647056,-78.58239706447714,-77.3126032338409,1560.0,20000000000.0,21000000000.0,0.3,0.4,0.0,1.229,8.643,4.321,4e-26,60.0,0.0211,0.0761,0.005,2000,5,1024
65,-2.182307e-11,1549.5282,-2.905157,-0.71767706,5.9492435,-10.621487,-93.33286525922232,-72.3523514775787,1560.0,20000000000.0,21000000000.0,0.3,0.4,0.0,1.229,8.643,4.321,4e-26,60.0,0.0211,0.0761,0.005,2000,5,1024
66,-2.1774194e-11,1549.3682,-2.9905043,-0.7808053,5.7642283,-10.576063,-90.39411170493814,-77.33756528834203,1560.0,20000000000.0,21000000000.0,0.3,0.4,0.0,1.229,8.643,4.321,4e-26,60.0,0.0211,0.0761,0.005,2000,5,1024
67,-2.1725318e-11,1549.2081,-3.0719633,-0.8445987,5.55491,-10.517182,-72.89674595844686,-79.47382697047257,1560.0,20000000000.0,21000000000.0,0.3,0.4,0.0,1.229,8.643,4.321,4e-26,60.0,0.0211,0.0761,0.005,2000,5,1024
68,-2.1676442e-11,1549.0482,-3.1506615,-0.9082686,5.3273726,-10.43922,-81.98920264823144,-73.06804756421451,1560.0,20000000000.0,21000000000.0,0.3,0.4,0.0,1.229,8.643,4.321,4e-26,60.0,0.0211,0.0761,0.005,2000,5,1024
69,-2.1627566e-11,1548.8882,-3.2246926,-0.9742709,5.0804687,-10.346959,-71.1088459558041,-72.89732874404203,1560.0,20000000000.0,21000000000.0,0.3,0.4,0.0,1.229,8.643,4.321,4e-26,60.0,0.0211,0.0761,0.005,2000,5,1024
70,-2.157869e-11,1548.7284,-3.2956913,-1.0420579,4.818619,-10.236854,-79.79745460676683,-75.862604866861,1560.0,20000000000.0,21000000000.0,0.3,0.4,0.0,1.229,8.643,4.321,4e-26,60.0,0.0211,0.0761,0.005,2000,5,1024
71,-2.1529814e-11,1548.5686,-3.3618855,-1.1136843,4.5426555,-10.110686,-79.4486079001779,-68.06186688394371,1560.0,20000000000.0,21000000000.0,0.3,0.4,0.0,1.229,8.643,4.321,4e-26,60.0,0.0211,0.0761,0.005,2000,5,1024
72,-2.1480939e-11,1548.4087,-3.424761,-1.1875186,4.254153,-9.969694,-62.25041496056815,-52.43029560505313,1560.0,20000000000.0,21000000000.0,0.3,0.4,0.0,1.229,8.643,4.321,4e-26,60.0,0.0211,0.0761,0.005,2000,5,1024
73,-2.1432063e-11,1548.249,-3.482882,-1.2648737,3.9570158,-9.812611,-73.17848128932803,-66.01646166835188,1560.0,20000000000.0,21000000000.0,0.3,0.4,0.0,1.229,8.643,4.321,4e-26,60.0,0.0211,0.0761,0.005,2000,5,1024
74,-2.1383187e-11,1548.0892,-3.5379777,-1.3442702,3.650598,-9.642886,-81.86660657848353,-73.93700813259798,1560.0,20000000000.0,21000000000.0,0.3,0.4,0.0,1.229,8.643,4.321,4e-26,60.0,0.0211,0.0761,0.005,2000,5,1024
75,-2.1334311e-11,1547.9296,-3.5889323,-1.425818,3.341171,-9.456468,-71.42589056146682,-61.45431340461138,1560.0,20000000000.0,21000000000.0,0.3,0.4,0.0,1.229,8.643,4.321,4e-26,60.0,0.0211,0.0761,0.005,2000,5,1024
76,-2.1285435e-11,1547.7698,-3.637046,-1.5085465,3.0245764,-9.259891,-84.42560250912864,-76.41328923108466,1560.0,20000000000.0,21000000000.0,0.3,0.4,0.0,1.229,8.643,4.321,4e-26,60.0,0.0211,0.0761,0.005,2000,5,1024
77,-2.123656e-11,1547.6101,-3.68178,-1.5908607,2.71025,-9.047548,-73.09366208998574,-71.31771104550111,1560.0,20000000000.0,21000000000.0,0.3,0.4,0.0,1.229,8.643,4.321,4e-26,60.0,0.0211,0.0761,0.005,2000,5,1024
78,-2.1187684e-11,1547.4507,-3.7238119,-1.6717383,2.3934615,-8.826501,-77.01105885991879,-69.75067970660966,1560.0,20000000000.0,21000000000.0,0.3,0.4,0.0,1.229,8.643,4.321,4e-26,60.0,0.0211,0.0761,0.005,2000,5,1024
79,-2.1138808e-11,1547.291,-3.7633026,-1.7496818,2.0814688,-8.59156,-88.98238072314699,-73.45537600409031,1560.0,20000000000.0,21000000000.0,0.3,0.4,0.0,1.229,8.643,4.321,4e-26,60.0,0.0211,0.0761,0.005,2000,5,1024
80,-2.1089932e-11,1547.1316,-3.8001153,-1.8240012,1.7718545,-8.348526,-76.6862746795127,-74.53770112466692,1560.0,20000000000.0,21000000000.0,0.3,0.4,0.0,1.229,8.643,4.321,4e-26,60.0,0.0211,0.0761,0.005,2000,5,1024
81,-2.1041056e-11,1546.9719,-3.8347847,-1.8924363,1.4692494,-8.094871,-67.2610657745897,-66.49310538318682,1560.0,20000000000.0,21000000000.0,0.3,0.4,0.0,1.229,8.643,4.321,4e-26,60.0,0.0211,0.0761,0.005,2000,5,1024
82,-2.099218e-11,1546.8125,-3.8664775,-1.9545763,1.1732255,-7.8338995,-75.65224615193456,-74.65775895283485,1560.0,20000000000.0,21000000000.0,0.3,0.4,0.0,1.229,8.643,4.321,4e-26,60.0,0.0211,0.0761,0.005,2000,5,1024
83,-2.0943304e-11,1546.6531,-3.8961112,-2.0081594,0.88531077,-7.565994,-73.64117954964237,-85.83313726036502,1560.0,20000000000.0,21000000000.0,0.3,0.4,0.0,1.229,8.643,4.321,4e-26,60.0,0.0211,0.0761,0.005,2000,5,1024
84,-2.0894429e-11,1546.4937,-3.9221396,-2.053882,0.60673493,-7.291501,-77.03945473368749,-77.56148724596403,1560.0,20000000000.0,21000000000.0,0.3,0.4,0.0,1.229,8.643,4.321,4e-26,60.0,0.0211,0.0761,0.005,2000,5,1024
85,-2.0845553e-11,1546.3342,-3.945761,-2.089373,0.33658248,-7.0138917,-78.82724239014286,-76.78128863618062,1560.0,20000000000.0,21000000000.0,0.3,0.4,0.0,1.229,8.643,4.321,4e-26,60.0,0.0211,0.0761,0.005,2000,5,1024
86,-2.0796677e-11,1546.1749,-3.9648275,-2.1151633,0.07766187,-6.731642,-79.67919275835396,-79.3838208766361,1560.0,20000000000.0,21000000000.0,0.3,0.4,0.0,1.229,8.643,4.321,4e-26,60.0,0.0211,0.0761,0.005,2000,5,1024
87,-2.0747801e-11,1546.0156,-3.980046,-2.1302094,-0.17473441,-6.4508157,-79.8644328937707,-78.27241104146742,1560.0,20000000000.0,21000000000.0,0.3,0.4,0.0,1.229,8.643,4.321,4e-26,60.0,0.0211,0.0761,0.005,2000,5,1024
88,-2.0698925e-11,1545.8562,-3.9904892,-2.135256,-0.41576216,-6.1670785,-82.65537607271936,-82.0380761698429,1560.0,20000000000.0,21000000000.0,0.3,0.4,0.0,1.229,8.643,4.321,4e-26,60.0,0.0211,0.0761,0.005,2000,5,1024
89,-2.065005e-11,1545.697,-3.9957945,-2.1299548,-0.65248346,-5.8884807,-71.27056415555218,-79.5548370761413,1560.0,20000000000.0,21000000000.0,0.3,0.4,0.0,1.229,8.643,4.321,4e-26,60.0,0.0211,0.0761,0.005,2000,5,1024
90,-2.0601174e-11,1545.5377,-3.9954493,-2.114869,-0.88099825,-5.611214,-66.80842529033548,-59.97332645498952,1560.0,20000000000.0,21000000000.0,0.3,0.4,0.0,1.229,8.643,4.321,4e-26,60.0,0.0211,0.0761,0.005,2000,5,1024
91,-2.0552298e-11,1545.3787,-3.988494,-2.0906928,-1.1081939,-5.341242,-69.86329308606528,-63.68313164693072,1560.0,20000000000.0,21000000000.0,0.3,0.4,0.0,1.229,8.643,4.321,4e-26,60.0,0.0211,0.0761,0.005,2000,5,1024
92,-2.0503422e-11,1545.2196,-3.975832,-2.0570874,-1.3317884,-5.0764017,-75.02926936273171,-66.20352969132458,1560.0,20000000000.0,21000000000.0,0.3,0.4,0.0,1.229,8.643,4.321,4e-26,60.0,0.0211,0.0761,0.005,2000,5,1024
93,-2.0454546e-11,1545.0604,-3.9559293,-2.0162096,-1.5565646,-4.8218737,-73.84932958961457,-65.7665816834319,1560.0,20000000000.0,21000000000.0,0.3,0.4,0.0,1.229,8.643,4.321,4e-26,60.0,0.0211,0.0761,0.005,2000,5,1024
94,-2.040567e-11,1544.9014,-3.9300222,-1.9676094,-1.783344,-4.5760703,-74.7094426811268,-73.63186420332747,1560.0,20000000000.0,21000000000.0,0.3,0.4,0.0,1.229,8.643,4.321,4e-26,60.0,0.0211,0.0761,0.005,2000,5,1024
95,-2.0356794e-11,1544.7423,-3.8968923,-1.9130106,-2.0146217,-4.341472,-87.85975224644004,-73.03418919216583,1560.0,20000000000.0,21000000000.0,0.3,0.4,0.0,1.229,8.643,4.321,4e-26,60.0,0.0211,0.0761,0.005,2000,5,1024
96,-2.0307917e-11,1544.5833,-3.8580146,-1.8520303,-2.2524178,-4.1193986,-85.99121861959155,-94.89956812660274,1560.0,20000000000.0,21000000000.0,0.3,0.4,0.0,1.229,8.643,4.321,4e-26,60.0,0.0211,0.0761,0.005,2000,5,1024
97,-2.0259041e-11,1544.4242,-3.8124793,-1.7866802,-2.4967043,-3.9092414,-77.83865900040139,-71.17566819333607,1560.0,20000000000.0,21000000000.0,0.3,0.4,0.0,1.229,8.643,4.321,4e-26,60.0,0.0211,0.0761,0.005,2000,5,1024
98,-2.0210165e-11,1544.2653,-3.7615738,-1.7160082,-2.7506716,-3.7141883,-77.75944422566057,-67.44155266680508,1560.0,20000000000.0,21000000000.0,0.3,0.4,0.0,1.229,8.643,4.321,4e-26,60.0,0.0211,0.0761,0.005,2000,5,1024
99,-2.016129e-11,1544.1063,-3.7051919,-1.6421118,-3.0105727,-3.5313787,-80.04536933592493,-70.85915434676735,1560.0,20000000000.0,21000000000.0,0.3,0.4,0.0,1.229,8.643,4.321,4e-26,60.0,0.0211,0.0761,0.005,2000,5,1024
100,-2.0112413e-11,1543.9474,-3.6442049,-1.5641851,-3.2806973,-3.3649876,-75.8542765192785,-75.7224037626174,1560.0,20000000000.0,21000000000.0,0.3,0.4,0.0,1.229,8.643,4.321,4e-26,60.0,0.0211,0.0761,0.005,2000,5,1024
101,-2.0063538e-11,1543.7886,-3.5785437,-1.4832993,-3.5554957,-3.210005,-78.41961704704909,-75.02707528055896,1560.0,20000000000.0,21000000000.0,0.3,0.4,0.0,1.229,8.643,4.321,4e-26,60.0,0.0211,0.0761,0.005,2000,5,1024
102,-2.0014662e-11,1543.6298,-3.5088782,-1.4001385,-3.8362558,-3.0717268,-77.77060439425652,-78.24679041600682,1560.0,20000000000.0,21000000000.0,0.3,0.4,0.0,1.229,8.643,4.321,4e-26,60.0,0.0211,0.0761,0.005,2000,5,1024
103,-1.9965786e-11,1543.471,-3.4363556,-1.3141183,-4.118266,-2.9444664,-75.43356266667062,-76.73289633955612,1560.0,20000000000.0,21000000000.0,0.3,0.4,0.0,1.229,8.643,4.321,4e-26,60.0,0.0211,0.0761,0.005,2000,5,1024
104,-1.991691e-11,1543.3121,-3.3598282,-1.2267058,-4.401579,-2.8323348,-88.10308498806546,-83.34830477068391,1560.0,20000000000.0,21000000000.0,0.3,0.4,0.0,1.229,8.643,4.321,4e-26,60.0,0.0211,0.0761,0.005,2000,5,1024
105,-1.9868034e-11,1543.1534,-3.2812905,-1.1368126,-4.679394,-2.7304096,-81.36876830858105,-83.10332443859083,1560.0,20000000000.0,21000000000.0,0.3,0.4,0.0,1.229,8.643,4.321,4e-26,60.0,0.0211,0.0761,0.005,2000,5,1024
106,-1.9819158e-11,1542.9949,-3.1994576,-1.0467397,-4.951213,-2.641924,-82.50424736431755,-84.62585182591786,1560.0,20000000000.0,21000000000.0,0.3,0.4,0.0,1.229,8.643,4.321,4e-26,60.0,0.0211,0.0761,0.005,2000,5,1024
107,-1.9770283e-11,1542.8362,-3.1160464,-0.9546219,-5.2108545,-2.562842,-75.09716816507877,-82.23283043019825,1560.0,20000000000.0,21000000000.0,0.3,0.4,0.0,1.229,8.643,4.321,4e-26,60.0,0.0211,0.0761,0.005,2000,5,1024
108,-1.9721407e-11,1542.6775,-3.0298512,-0.8629068,-5.4562874,-2.493958,-72.17303279112622,-70.82958684522515,1560.0,20000000000.0,21000000000.0,0.3,0.4,0.0,1.229,8.643,4.321,4e-26,60.0,0.0211,0.0761,0.005,2000,5,1024
109,-1.9672531e-11,1542.5189,-2.9429078,-0.770303,-5.6835446,-2.4345565,-72.23852147216951,-71.55728199650608,1560.0,20000000000.0,21000000000.0,0.3,0.4,0.0,1.229,8.643,4.321,4e-26,60.0,0.0211,0.0761,0.005,2000,5,1024
110,-1.9623655e-11,1542.3604,-2.8530614,-0.6785873,-5.888548,-2.383116,-79.82819329036707,-71.18898762819299,1560.0,20000000000.0,21000000000.0,0.3,0.4,0.0,1.229,8.643,4.321,4e-26,60.0,0.0211,0.0761,0.005,2000,5,1024
111,-1.957478e-11,1542.2019,-2.7628431,-0.5871343,-6.0694246,-2.3413801,-91.95990720360135,-73.35608224749902,1560.0,20000000000.0,21000000000.0,0.3,0.4,0.0,1.229,8.643,4.321,4e-26,60.0,0.0211,0.0761,0.005,2000,5,1024
112,-1.9525903e-11,1542.0433,-2.670919,-0.49699286,-6.221735,-2.3056839,-77.39274809360856,-87.86910241676976,1560.0,20000000000.0,21000000000.0,0.3,0.4,0.0,1.229,8.643,4.321,4e-26,60.0,0.0211,0.0761,0.005,2000,5,1024
113,-1.9477028e-11,1541.8849,-2.5784934,-0.40802655,-6.3464203,-2.2799022,-83.76668726128761,-76.08162493968527,1560.0,20000000000.0,21000000000.0,0.3,0.4,0.0,1.229,8.643,4.321,4e-26,60.0,0.0211,0.0761,0.005,2000,5,1024
114,-1.9428152e-11,1541.7264,-2.4860034,-0.3201158,-6.4384108,-2.259439,-80.69379977026607,-67.04978723342634,1560.0,20000000000.0,21000000000.0,0.3,0.4,0.0,1.229,8.643,4.321,4e-26,60.0,0.0211,0.0761,0.005,2000,5,1024
115,-1.9379276e-11,1541.568,-2.3929887,-0.23464248,-6.5011,-2.2502124,-79.70891825315441,-72.41438888708939,1560.0,20000000000.0,21000000000.0,0.3,0.4,0.0,1.229,8.643,4.321,4e-26,60.0,0.0211,0.0761,0.005,2000,5,1024
116,-1.93304e-11,1541.4097,-2.3013072,-0.14965779,-6.53002,-2.2470465,-89.56666021586246,-77.72884555295147,1560.0,20000000000.0,21000000000.0,0.3,0.4,0.0,1.229,8.643,4.321,4e-26,60.0,0.0211,0.0761,0.005,2000,5,1024
117,-1.9281524e-11,1541.2513,-2.2101672,-0.06664558,-6.5284634,-2.2550783,-81.143188657383,-74.95189742662467,1560.0,20000000000.0,21000000000.0,0.3,0.4,0.0,1.229,8.643,4.321,4e-26,60.0,0.0211,0.0761,0.005,2000,5,1024
118,-1.9232648e-11,1541.0929,-2.1219049,0.016226653,-6.494859,-2.2708755,-79.49143604479835,-69.18847532491301,1560.0,20000000000.0,21000000000.0,0.3,0.4,0.0,1.229,8.643,4.321,4e-26,60.0,0.0211,0.0761,0.005,2000,5,1024
119,-1.9183773e-11,1540.9347,-2.0351675,0.09810099,-6.432821,-2.2988777,-75.23234299929442,-80.50221134795885,1560.0,20000000000.0,21000000000.0,0.3,0.4,0.0,1.229,8.643,4.321,4e-26,60.0,0.0211,0.0761,0.005,2000,5,1024
120,-1.9134897e-11,1540.7765,-1.9527001,0.18115337,-6.341186,-2.337173,-80.83570909756908,-70.44303989549077,1560.0,20000000000.0,21000000000.0,0.3,0.4,0.0,1.229,8.643,4.321,4e-26,60.0,0.0211,0.0761,0.005,2000,5,1024
121,-1.9086021e-11,1540.6183,-1.8729094,0.26422828,-6.2236214,-2.3874755,-83.66329884024674,-70.29244540501436,1560.0,20000000000.0,21000000000.0,0.3,0.4,0.0,1.229,8.643,4.321,4e-26,60.0,0.0211,0.0761,0.005,2000,5,1024
122,-1.9037145e-11,1540.4602,-1.7987833,0.3500756,-6.08098,-2.4506516,-73.7760612925765,-73.58586524560491,1560.0,20000000000.0,21000000000.0,0.3,0.4,0.0,1.229,8.643,4.321,4e-26,60.0,0.0211,0.0761,0.005,2000,5,1024
123,-1.898827e-11,1540.302,-1.7288624,0.43762827,-5.914442,-2.525053,-75.7770410961902,-80.58052357913418,1560.0,20000000000.0,21000000000.0,0.3,0.4,0.0,1.229,8.643,4.321,4e-26,60.0,0.0211,0.0761,0.005,2000,5,1024
124,-1.8939393e-11,1540.1439,-1.6652168,0.5286909,-5.727858,-2.6147282,-86.03060013501478,-78.9652388917491,1560.0,20000000000.0,21000000000.0,0.3,0.4,0.0,1.229,8.643,4.321,4e-26,60.0,0.0211,0.0761,0.005,2000,5,1024
125,-1.8890518e-11,1539.9858,-1.6070607,0.62314844,-5.519467,-2.714162,-83.05804822149017,-73.27312746915466,1560.0,20000000000.0,21000000000.0,0.3,0.4,0.0,1.229,8.643,4.321,4e-26,60.0,0.0211,0.0761,0.005,2000,5,1024
126,-1.8841642e-11,1539.8278,-1.5556028,0.72103214,-5.2959104,-2.8300946,-77.39879052812122,-76.53351770146358,1560.0,20000000000.0,21000000000.0,0.3,0.4,0.0,1.229,8.643,4.321,4e-26,60.0,0.0211,0.0761,0.005,2000,5,1024
127,-1.8792766e-11,1539.6697,-1.5104213,0.823055,-5.054125,-2.954683,-83.33980103077947,-78.27415802164273,1560.0,20000000000.0,21000000000.0,0.3,0.4,0.0,1.229,8.643,4.321,4e-26,60.0,0.0211,0.0761,0.005,2000,5,1024
128,-1.874389e-11,1539.5118,-1.4714202,0.92865455,-4.799799,-3.0952027,-86.89976170023186,-73.60950982177506,1560.0,20000000000.0,21000000000.0,0.3,0.4,0.0,1.229,8.643,4.321,4e-26,60.0,0.0211,0.0761,0.005,2000,5,1024
129,-1.8695014e-11,1539.3538,-1.4391499,1.0375105,-4.530371,-3.2442749,-78.85759817425006,-75.88199970046006,1560.0,20000000000.0,21000000000.0,0.3,0.4,0.0,1.229,8.643,4.321,4e-26,60.0,0.0211,0.0761,0.005,2000,5,1024
130,-1.8646138e-11,1539.1959,-1.4116397,1.1483207,-4.2513013,-3.407132,-77.47089541890406,-73.4800514586087,1560.0,20000000000.0,21000000000.0,0.3,0.4,0.0,1.229,8.643,4.321,4e-26,60.0,0.0211,0.0761,0.005,2000,5,1024
131,-1.8597263e-11,1539.0381,-1.3906025,1.2610981,-3.960761,-3.579032,-74.2272303533165,-66.24394213603203,1560.0,20000000000.0,21000000000.0,0.3,0.4,0.0,1.229,8.643,4.321,4e-26,60.0,0.0211,0.0761,0.005,2000,5,1024
132,-1.8548387e-11,1538.8801,-1.3729323,1.3732558,-3.6623259,-3.7619627,-73.62040939645155,-70.13711233619412,1560.0,20000000000.0,21000000000.0,0.3,0.4,0.0,1.229,8.643,4.321,4e-26,60.0,0.0211,0.0761,0.005,2000,5,1024
133,-1.8499511e-11,1538.7224,-1.3602047,1.4851538,-3.357002,-3.9545712,-84.10461093645156,-78.7738682932989,1560.0,20000000000.0,21000000000.0,0.3,0.4,0.0,1.229,8.643,4.321,4e-26,60.0,0.0211,0.0761,0.005,2000,5,1024
134,-1.8450635e-11,1538.5646,-1.3492491,1.593864,-3.0449712,-4.1555157,-82.20502977523554,-84.37965631559223,1560.0,20000000000.0,21000000000.0,0.3,0.4,0.0,1.229,8.643,4.321,4e-26,60.0,0.0211,0.0761,0.005,2000,5,1024
135,-1.840176e-11,1538.4069,-1.3412905,1.6987808,-2.7309241,-4.3672657,-83.28735793897016,-82.31848964375034,1560.0,20000000000.0,21000000000.0,0.3,0.4,0.0,1.229,8.643,4.321,4e-26,60.0,0.0211,0.0761,0.005,2000,5,1024
136,-1.8352883e-11,1538.2491,-1.3337654,1.7972282,-2.4117284,-4.584324,-87.11222005853615,-79.54583798682931,1560.0,20000000000.0,21000000000.0,0.3,0.4,0.0,1.229,8.643,4.321,4e-26,60.0,0.0211,0.0761,0.005,2000,5,1024
137,-1.830401e-11,1538.0916,-1.3275306,1.8892857,-2.094736,-4.8124394,-78.40020274404522,-68.8462883596202,1560.0,20000000000.0,21000000000.0,0.3,0.4,0.0,1.229,8.643,4.321,4e-26,60.0,0.0211,0.0761,0.005,2000,5,1024
138,-1.8255134e-11,1537.9338,-1.3202385,1.9721936,-1.7752935,-5.044445,-90.07463473433232,-74.74774536134373,1560.0,20000000000.0,21000000000.0,0.3,0.4,0.0,1.229,8.643,4.321,4e-26,60.0,0.0211,0.0761,0.005,2000,5,1024
139,-1.8206256e-11,1537.7761,-1.3125237,2.04545,-1.4615297,-5.286174,-85.24198948335383,-79.1786617637503,1560.0,20000000000.0,21000000000.0,0.3,0.4,0.0,1.229,8.643,4.321,4e-26,60.0,0.0211,0.0761,0.005,2000,5,1024
140,-1.815738e-11,1537.6185,-1.3036265,2.107784,-1.147815,-5.530773,-82.30665915209119,-73.62157759320186,1560.0,20000000000.0,21000000000.0,0.3,0.4,0.0,1.229,8.643,4.321,4e-26,60.0,0.0211,0.0761,0.005,2000,5,1024
141,-1.8108504e-11,1537.461,-1.2931435,2.1582878,-0.8415566,-5.782667,-77.76225509427576,-76.27312177836858,1560.0,20000000000.0,21000000000.0,0.3,0.4,0.0,1.229,8.643,4.321,4e-26,60.0,0.0211,0.0761,0.005,2000,5,1024
142,-1.8059628e-11,1537.3036,-1.282188,2.1965587,-0.53833413,-6.0357113,-81.0732653654707,-77.71906040918543,1560.0,20000000000.0,21000000000.0,0.3,0.4,0.0,1.229,8.643,4.321,4e-26,60.0,0.0211,0.0761,0.005,2000,5,1024
143,-1.8010753e-11,1537.146,-1.2694504,2.2220676,-0.24233371,-6.2924194,-81.10096819326493,-68.79521617719631,1560.0,20000000000.0,21000000000.0,0.3,0.4,0.0,1.229,8.643,4.321,4e-26,60.0,0.0211,0.0761,0.005,2000,5,1024
144,-1.7961877e-11,1536.9885,-1.2575699,2.2355118,0.04804551,-6.5492077,-77.91599939616015,-80.8275218501056,1560.0,20000000000.0,21000000000.0,0.3,0.4,0.0,1.229,8.643,4.321,4e-26,60.0,0.0211,0.0761,0.005,2000,5,1024
145,-1.7913001e-11,1536.831,-1.2443843,2.2355824,0.33323318,-6.8052034,-77.59172223936343,-79.3283518999339,1560.0,20000000000.0,21000000000.0,0.3,0.4,0.0,1.229,8.643,4.321,4e-26,60.0,0.0211,0.0761,0.005,2000,5,1024
146,-1.7864125e-11,1536.6737,-1.2336463,2.2244272,0.61201394,-7.0595417,-70.83679763479,-82.58817432310289,1560.0,20000000000.0,21000000000.0,0.3,0.4,0.0,1.229,8.643,4.321,4e-26,60.0,0.0211,0.0761,0.005,2000,5,1024
147,-1.781525e-11,1536.5162,-1.2230991,2.2008684,0.88857013,-7.3074656,-88.57464732865958,-74.90117082920699,1560.0,20000000000.0,21000000000.0,0.3,0.4,0.0,1.229,8.643,4.321,4e-26,60.0,0.0211,0.0761,0.005,2000,5,1024
148,-1.7766373e-11,1536.3589,-1.2163525,2.1665707,1.1583481,-7.5513444,-78.87656426448139,-82.23740933956073,1560.0,20000000000.0,21000000000.0,0.3,0.4,0.0,1.229,8.643,4.321,4e-26,60.0,0.0211,0.0761,0.005,2000,5,1024
149,-1.77175e-11,1536.2018,-1.2114077,2.1212618,1.4288403,-7.785218,-75.22465350307635,-76.92273602656726,1560.0,20000000000.0,21000000000.0,0.3,0.4,0.0,1.229,8.643,4.321,4e-26,60.0,0.0211,0.0761,0.005,2000,5,1024
150,-1.7668622e-11,1536.0444,-1.2108169,2.0666864,1.6956004,-8.011752,-85.19634531422248,-83.07022444400806,1560.0,20000000000.0,21000000000.0,0.3,0.4,0.0,1.229,8.643,4.321,4e-26,60.0,0.0211,0.0761,0.005,2000,5,1024
151,-1.7619746e-11,1535.8872,-1.2138324,2.0031023,1.9644519,-8.22464,-87.69935762959742,-82.40261582460494,1560.0,20000000000.0,21000000000.0,0.3,0.4,0.0,1.229,8.643,4.321,4e-26,60.0,0.0211,0.0761,0.005,2000,5,1024
152,-1.757087e-11,1535.73,-1.2212869,1.9312378,2.2320175,-8.428094,-80.47894537303372,-81.76659398876991,1560.0,20000000000.0,21000000000.0,0.3,0.4,0.0,1.229,8.643,4.321,4e-26,60.0,0.0211,0.0761,0.005,2000,5,1024
153,-1.7521994e-11,1535.5729,-1.2335213,1.8518677,2.503456,-8.616317,-89.04984535933131,-75.0096765452024,1560.0,20000000000.0,21000000000.0,0.3,0.4,0.0,1.229,8.643,4.321,4e-26,60.0,0.0211,0.0761,0.005,2000,5,1024
154,-1.7473118e-11,1535.4158,-1.2498753,1.7652992,2.7748716,-8.793403,-81.76887579404102,-85.67501448745736,1560.0,20000000000.0,21000000000.0,0.3,0.4,0.0,1.229,8.643,4.321,4e-26,60.0,0.0211,0.0761,0.005,2000,5,1024
155,-1.7424243e-11,1535.2587,-1.2718678,1.6728103,3.0504913,-8.955247,-89.24214773054513,-71.68916328841279,1560.0,20000000000.0,21000000000.0,0.3,0.4,0.0,1.229,8.643,4.321,4e-26,60.0,0.0211,0.0761,0.005,2000,5,1024
156,-1.7375367e-11,1535.1016,-1.2972003,1.5743934,3.3271933,-9.105427,-77.23057263865823,-64.62768527807236,1560.0,20000000000.0,21000000000.0,0.3,0.4,0.0,1.229,8.643,4.321,4e-26,60.0,0.0211,0.0761,0.005,2000,5,1024
157,-1.7326491e-11,1534.9445,-1.3285166,1.4712662,3.6050649,-9.242617,-72.57710462208097,-62.93156619448598,1560.0,20000000000.0,21000000000.0,0.3,0.4,0.0,1.229,8.643,4.321,4e-26,60.0,0.0211,0.0761,0.005,2000,5,1024
158,-1.7277615e-11,1534.7875,-1.3629164,1.3631718,3.8848765,-9.3674965,-80.62725817183983,-64.22639675790691,1560.0,20000000000.0,21000000000.0,0.3,0.4,0.0,1.229,8.643,4.321,4e-26,60.0,0.0211,0.0761,0.005,2000,5,1024
159,-1.722874e-11,1534.6304,-1.4030751,1.2521292,4.1615834,-9.4837885,-73.74783923694963,-67.58898912852285,1560.0,20000000000.0,21000000000.0,0.3,0.4,0.0,1.229,8.643,4.321,4e-26,60.0,0.0211,0.0761,0.005,2000,5,1024
160,-1.7179863e-11,1534.4735,-1.4461088,1.1366855,4.436326,-9.589612,-74.35414487419908,-74.03068107342527,1560.0,20000000000.0,21000000000.0,0.3,0.4,0.0,1.229,8.643,4.321,4e-26,60.0,0.0211,0.0761,0.005,2000,5,1024
161,-1.7130988e-11,1534.3165,-1.4942871,1.0194463,4.704494,-9.68993,-76.21118407377479,-69.65011290708011,1560.0,20000000000.0,21000000000.0,0.3,0.4,0.0,1.229,8.643,4.321,4e-26,60.0,0.0211,0.0761,0.005,2000,5,1024
162,-1.7082112e-11,1534.1597,-1.5463227,0.9000306,4.965403,-9.782257,-81.64355393030398,-74.59639524909845,1560.0,20000000000.0,21000000000.0,0.3,0.4,0.0,1.229,8.643,4.321,4e-26,60.0,0.0211,0.0761,0.005,2000,5,1024
163,-1.7033236e-11,1534.0029,-1.6028134,0.7797226,5.213659,-9.8720665,-79.94340388236719,-78.07066335629324,1560.0,20000000000.0,21000000000.0,0.3,0.4,0.0,1.229,8.643,4.321,4e-26,60.0,0.0211,0.0761,0.005,2000,5,1024
164,-1.698436e-11,1533.8461,-1.6634715,0.6594075,5.4495955,-9.955674,-72.8904779590641,-78.08768369333855,1560.0,20000000000.0,21000000000.0,0.3,0.4,0.0,1.229,8.643,4.321,4e-26,60.0,0.0211,0.0761,0.005,2000,5,1024
165,-1.6935484e-11,1533.6893,-1.7281971,0.53936774,5.666333,-10.039058,-88.37294096660217,-75.52666226063862,1560.0,20000000000.0,21000000000.0,0.3,0.4,0.0,1.229,8.643,4.321,4e-26,60.0,0.0211,0.0761,0.005,2000,5,1024
166,-1.6886608e-11,1533.5326,-1.7978942,0.42134365,5.8649397,-10.118112,-81.15627989936547,-73.33474857626948,1560.0,20000000000.0,21000000000.0,0.3,0.4,0.0,1.229,8.643,4.321,4e-26,60.0,0.0211,0.0761,0.005,2000,5,1024
167,-1.6837733e-11,1533.3759,-1.8705182,0.30505827,6.039264,-10.196954,-94.22238394763414,-80.69953420678783,1560.0,20000000000.0,21000000000.0,0.3,0.4,0.0,1.229,8.643,4.321,4e-26,60.0,0.0211,0.0761,0.005,2000,5,1024
168,-1.6788857e-11,1533.2191,-1.9481051,0.19314304,6.190078,-10.271766,-80.85483285811291,-75.8410597032036,1560.0,20000000000.0,21000000000.0,0.3,0.4,0.0,1.229,8.643,4.321,4e-26,60.0,0.0211,0.0761,0.005,2000,5,1024
169,-1.6739981e-11,1533.0625,-2.028326,0.08397181,6.312764,-10.344805,-71.70262192965909,-77.91360774996346,1560.0,20000000000.0,21000000000.0,0.3,0.4,0.0,1.229,8.643,4.321,4e-26,60.0,0.0211,0.0761,0.005,2000,5,1024
170,-1.6691105e-11,1532.9059,-2.1129286,-0.0192173,6.4072967,-10.4130335,-87.34445761547262,-79.44552148689138,1560.0,20000000000.0,21000000000.0,0.3,0.4,0.0,1.229,8.643,4.321,4e-26,60.0,0.0211,0.0761,0.005,2000,5,1024
171,-1.664223e-11,1532.7493,-2.1994143,-0.118895754,6.472052,-10.475815,-78.52560831316616,-71.47280869185808,1560.0,20000000000.0,21000000000.0,0.3,0.4,0.0,1.229,8.643,4.321,4e-26,60.0,0.0211,0.0761,0.005,2000,5,1024
172,-1.6593353e-11,1532.5927,-2.2890248,-0.21176036,6.505631,-10.532525,-76.09400139118456,-69.63053843989286,1560.0,20000000000.0,21000000000.0,0.3,0.4,0.0,1.229,8.643,4.321,4e-26,60.0,0.0211,0.0761,0.005,2000,5,1024
173,-1.6544478e-11,1532.4362,-2.379805,-0.29966533,6.509576,-10.579468,-84.27196935404274,-79.70024907749433,1560.0,20000000000.0,21000000000.0,0.3,0.4,0.0,1.229,8.643,4.321,4e-26,60.0,0.0211,0.0761,0.005,2000,5,1024
174,-1.6495602e-11,1532.2797,-2.4721446,-0.38225716,6.4808607,-10.618799,-72.04255552321595,-67.77161749215624,1560.0,20000000000.0,21000000000.0,0.3,0.4,0.0,1.229,8.643,4.321,4e-26,60.0,0.0211,0.0761,0.005,2000,5,1024
175,-1.6446726e-11,1532.1232,-2.5642838,-0.45956495,6.4243603,-10.643845,-80.14559773216264,-69.84101271491049,1560.0,20000000000.0,21000000000.0,0.3,0.4,0.0,1.229,8.643,4.321,4e-26,60.0,0.0211,0.0761,0.005,2000,5,1024
176,-1.639785e-11,1531.9668,-2.656415,-0.5326507,6.335941,-10.659282,-78.79746112737605,-66.11845879618544,1560.0,20000000000.0,21000000000.0,0.3,0.4,0.0,1.229,8.643,4.321,4e-26,60.0,0.0211,0.0761,0.005,2000,5,1024
177,-1.6348974e-11,1531.8104,-2.74788,-0.6013642,6.221096,-10.657444,-84.73031232198339,-77.49595463055047,1560.0,20000000000.0,21000000000.0,0.3,0.4,0.0,1.229,8.643,4.321,4e-26,60.0,0.0211,0.0761,0.005,2000,5,1024
178,-1.6300098e-11,1531.654,-2.8369644,-0.6679198,6.077885,-10.643823,-79.04898238210745,-73.85481413027982,1560.0,20000000000.0,21000000000.0,0.3,0.4,0.0,1.229,8.643,4.321,4e-26,60.0,0.0211,0.0761,0.005,2000,5,1024
179,-1.6251223e-11,1531.4977,-2.9245348,-0.7314252,5.9107842,-10.611598,-73.14313945041357,-66.52969508196853,1560.0,20000000000.0,21000000000.0,0.3,0.4,0.0,1.229,8.643,4.321,4e-26,60.0,0.0211,0.0761,0.005,2000,5,1024
180,-1.6202347e-11,1531.3414,-3.0084481,-0.7953171,5.719254,-10.565535,-84.56509188383268,-70.58871993224048,1560.0,20000000000.0,21000000000.0,0.3,0.4,0.0,1.229,8.643,4.321,4e-26,60.0,0.0211,0.0761,0.005,2000,5,1024
181,-1.6153471e-11,1531.1852,-3.090034,-0.8580145,5.506934,-10.500771,-76.4132908804375,-72.43123179498258,1560.0,20000000000.0,21000000000.0,0.3,0.4,0.0,1.229,8.643,4.321,4e-26,60.0,0.0211,0.0761,0.005,2000,5,1024
182,-1.6104595e-11,1531.0288,-3.167157,-0.922926,5.273955,-10.420594,-76.0341096779856,-84.9904459787827,1560.0,20000000000.0,21000000000.0,0.3,0.4,0.0,1.229,8.643,4.321,4e-26,60.0,0.0211,0.0761,0.005,2000,5,1024
183,-1.605572e-11,1530.8727,-3.2412534,-0.98892784,5.0240545,-10.323593,-79.40311955778049,-71.96997280874737,1560.0,20000000000.0,21000000000.0,0.3,0.4,0.0,1.229,8.643,4.321,4e-26,60.0,0.0211,0.0761,0.005,2000,5,1024
184,-1.6006843e-11,1530.7166,-3.3105862,-1.057947,4.759,-10.20938,-75.94687945665198,-70.7059266716149,1560.0,20000000000.0,21000000000.0,0.3,0.4,0.0,1.229,8.643,4.321,4e-26,60.0,0.0211,0.0761,0.005,2000,5,1024
185,-1.5957968e-11,1530.5603,-3.3763335,-1.1297562,4.478919,-10.0814495,-78.47974260771264,-74.09205174335071,1560.0,20000000000.0,21000000000.0,0.3,0.4,0.0,1.229,8.643,4.321,4e-26,60.0,0.0211,0.0761,0.005,2000,5,1024
186,-1.5909092e-11,1530.4042,-3.4377806,-1.2044346,4.189189,-9.9355,-86.53621614999423,-93.73330611969897,1560.0,20000000000.0,21000000000.0,0.3,0.4,0.0,1.229,8.643,4.321,4e-26,60.0,0.0211,0.0761,0.005,2000,5,1024
187,-1.5860216e-11,1530.2482,-3.495421,-1.2821255,3.8885174,-9.777129,-84.97716370011634,-77.47585264915165,1560.0,20000000000.0,21000000000.0,0.3,0.4,0.0,1.229,8.643,4.321,4e-26,60.0,0.0211,0.0761,0.005,2000,5,1024
188,-1.581134e-11,1530.092,-3.549646,-1.3624167,3.5831046,-9.601349,-82.6123427878285,-74.44703570779308,1560.0,20000000000.0,21000000000.0,0.3,0.4,0.0,1.229,8.643,4.321,4e-26,60.0,0.0211,0.0761,0.005,2000,5,1024
189,-1.5762464e-11,1529.936,-3.5997899,-1.4441944,3.2695997,-9.41523,-93.31155473483093,-84.2892333811853,1560.0,20000000000.0,21000000000.0,0.3,0.4,0.0,1.229,8.643,4.321,4e-26,60.0,0.0211,0.0761,0.005,2000,5,1024
190,-1.5713588e-11,1529.78,-3.6471558,-1.5266107,2.9557562,-9.21242,-91.85766311417738,-82.90222583678431,1560.0,20000000000.0,21000000000.0,0.3,0.4,0.0,1.229,8.643,4.321,4e-26,60.0,0.0211,0.0761,0.005,2000,5,1024
191,-1.5664713e-11,1529.6243,-3.691166,-1.6088686,2.6387513,-9.000506,-73.85322581656042,-84.5850904762591,1560.0,20000000000.0,21000000000.0,0.3,0.4,0.0,1.229,8.643,4.321,4e-26,60.0,0.0211,0.0761,0.005,2000,5,1024
192,-1.5615837e-11,1529.4683,-3.7330995,-1.6891414,2.3243618,-8.774362,-87.077371826759,-73.38343279670747,1560.0,20000000000.0,21000000000.0,0.3,0.4,0.0,1.229,8.643,4.321,4e-26,60.0,0.0211,0.0761,0.005,2000,5,1024
193,-1.5566961e-11,1529.3124,-3.7715292,-1.7668562,2.0118597,-8.539019,-75.41943904874289,-71.34727920807784,1560.0,20000000000.0,21000000000.0,0.3,0.4,0.0,1.229,8.643,4.321,4e-26,60.0,0.0211,0.0761,0.005,2000,5,1024
194,-1.5518085e-11,1529.1565,-3.8082297,-1.8394941,1.7045319,-8.292865,-82.8875339555502,-78.21321981313302,1560.0,20000000000.0,21000000000.0,0.3,0.4,0.0,1.229,8.643,4.321,4e-26,60.0,0.0211,0.0761,0.005,2000,5,1024
195,-1.546921e-11,1529.0006,-3.8418417,-1.9069905,1.402951,-8.037529,-77.22147158447561,-77.07562914549386,1560.0,20000000000.0,21000000000.0,0.3,0.4,0.0,1.229,8.643,4.321,4e-26,60.0,0.0211,0.0761,0.005,2000,5,1024
196,-1.5420333e-11,1528.8448,-3.8735554,-1.9670085,1.1077513,-7.775474,-85.10634047704792,-71.12082486312936,1560.0,20000000000.0,21000000000.0,0.3,0.4,0.0,1.229,8.643,4.321,4e-26,60.0,0.0211,0.0761,0.005,2000,5,1024
197,-1.5371458e-11,1528.6891,-3.9021738,-2.0194275,0.8230684,-7.5045753,-79.25076097761618,-90.3177868676333,1560.0,20000000000.0,21000000000.0,0.3,0.4,0.0,1.229,8.643,4.321,4e-26,60.0,0.0211,0.0761,0.005,2000,5,1024
198,-1.5322582e-11,1528.5333,-3.9280138,-2.0622623,0.54503065,-7.2309575,-78.62405363275401,-74.06669030157333,1560.0,20000000000.0,21000000000.0,0.3,0.4,0.0,1.229,8.643,4.321,4e-26,60.0,0.0211,0.0761,0.005,2000,5,1024
199,-1.5273706e-11,1528.3777,-3.949996,-2.0961733,0.27932438,-6.9502616,-85.5395317455308,-69.14413429477142,1560.0,20000000000.0,21000000000.0,0.3,0.4,0.0,1.229,8.643,4.321,4e-26,60.0,0.0211,0.0761,0.005,2000,5,1024
200,-1.522483e-11,1528.2219,-3.9686344,-2.1193955,0.019318208,-6.6703787,-75.71847585137013,-67.30605198434449,1560.0,20000000000.0,21000000000.0,0.3,0.4,0.0,1.229,8.643,4.321,4e-26,60.0,0.0211,0.0761,0.005,2000,5,1024
201,-1.5175954e-11,1528.0663,-3.9827666,-2.1322722,-0.22759138,-6.386372,-79.5835837844791,-78.89809601810697,1560.0,20000000000.0,21000000000.0,0.3,0.4,0.0,1.229,8.643,4.321,4e-26,60.0,0.0211,0.0761,0.005,2000,5,1024
202,-1.5127078e-11,1527.9106,-3.9921737,-2.13507,-0.47047478,-6.1060605,-87.1762176768753,-88.06423348238843,1560.0,20000000000.0,21000000000.0,0.3,0.4,0.0,1.229,8.643,4.321,4e-26,60.0,0.0211,0.0761,0.005,2000,5,1024
203,-1.5078203e-11,1527.7551,-3.9962316,-2.127396,-0.70277894,-5.8254085,-77.39432107173748,-74.30305522537103,1560.0,20000000000.0,21000000000.0,0.3,0.4,0.0,1.229,8.643,4.321,4e-26,60.0,0.0211,0.0761,0.005,2000,5,1024
204,-1.5029327e-11,1527.5996,-3.9940388,-2.110333,-0.9326938,-5.5511284,-79.36550550235806,-70.49243286602398,1560.0,20000000000.0,21000000000.0,0.3,0.4,0.0,1.229,8.643,4.321,4e-26,60.0,0.0211,0.0761,0.005,2000,5,1024
205,-1.4980451e-11,1527.4442,-3.9866803,-2.0836513,-1.1572416,-5.2812095,-81.01891054651448,-76.13949343837925,1560.0,20000000000.0,21000000000.0,0.3,0.4,0.0,1.229,8.643,4.321,4e-26,60.0,0.0211,0.0761,0.005,2000,5,1024
206,-1.4931575e-11,1527.2887,-3.9716609,-2.0490057,-1.3811805,-5.0194154,-73.83595550363596,-68.69966758965829,1560.0,20000000000.0,21000000000.0,0.3,0.4,0.0,1.229,8.643,4.321,4e-26,60.0,0.0211,0.0761,0.005,2000,5,1024
207,-1.48827e-11,1527.1332,-3.951116,-2.0059247,-1.6069387,-4.7665296,-79.73036982252574,-94.76233199192498,1560.0,20000000000.0,21000000000.0,0.3,0.4,0.0,1.229,8.643,4.321,4e-26,60.0,0.0211,0.0761,0.005,2000,5,1024
208,-1.4833823e-11,1526.9778,-3.9228432,-1.9563653,-1.8335845,-4.522472,-85.31383588896249,-83.51067136912368,1560.0,20000000000.0,21000000000.0,0.3,0.4,0.0,1.229,8.643,4.321,4e-26,60.0,0.0211,0.0761,0.005,2000,5,1024
209,-1.4784948e-11,1526.8224,-3.8891068,-1.8997025,-2.0678966,-4.2917323,-78.41163154558537,-76.40264943675875,1560.0,20000000000.0,21000000000.0,0.3,0.4,0.0,1.229,8.643,4.321,4e-26,60.0,0.0211,0.0761,0.005,2000,5,1024
210,-1.4736072e-11,1526.667,-3.8482265,-1.838018,-2.3056886,-4.0707717,-75.78437278761422,-78.48758852867715,1560.0,20000000000.0,21000000000.0,0.3,0.4,0.0,1.229,8.643,4.321,4e-26,60.0,0.0211,0.0761,0.005,2000,5,1024
211,-1.4687196e-11,1526.5117,-3.8017387,-1.7709628,-2.553158,-3.8656924,-73.51362147724231,-74.67361132378984,1560.0,20000000000.0,21000000000.0,0.3,0.4,0.0,1.229,8.643,4.321,4e-26,60.0,0.0211,0.0761,0.005,2000,5,1024
212,-1.463832e-11,1526.3564,-3.749448,-1.7001811,-2.8071115,-3.6715214,-71.22227855915074,-75.52012241852267,1560.0,20000000000.0,21000000000.0,0.3,0.4,0.0,1.229,8.643,4.321,4e-26,60.0,0.0211,0.0761,0.005,2000,5,1024
213,-1.4589444e-11,1526.2012,-3.69223,-1.6249543,-3.0708683,-3.4941573,-81.66535690475311,-83.93632003745893,1560.0,20000000000.0,21000000000.0,0.3,0.4,0.0,1.229,8.643,4.321,4e-26,60.0,0.0211,0.0761,0.005,2000,5,1024
214,-1.45405675e-11,1526.0459,-3.6300387,-1.5464215,-3.3406882,-3.3286614,-79.33890427346893,-76.76841817238697,1560.0,20000000000.0,21000000000.0,0.3,0.4,0.0,1.229,8.643,4.321,4e-26,60.0,0.0211,0.0761,0.005,2000,5,1024
215,-1.4491692e-11,1525.8907,-3.5633678,-1.4652009,-3.6180198,-3.179107,-82.54092110633982,-70.70789163118974,1560.0,20000000000.0,21000000000.0,0.3,0.4,0.0,1.229,8.643,4.321,4e-26,60.0,0.0211,0.0761,0.005,2000,5,1024
216,-1.4442816e-11,1525.7356,-3.4934864,-1.3809069,-3.8987567,-3.0418348,-72.48456337301798,-63.85082402840298,1560.0,20000000000.0,21000000000.0,0.3,0.4,0.0,1.229,8.643,4.321,4e-26,60.0,0.0211,0.0761,0.005,2000,5,1024
217,-1.439394e-11,1525.5804,-3.4193094,-1.2951468,-4.182006,-2.9191158,-80.41316391184591,-69.24793101727799,1560.0,20000000000.0,21000000000.0,0.3,0.4,0.0,1.229,8.643,4.321,4e-26,60.0,0.0211,0.0761,0.005,2000,5,1024
218,-1.4345064e-11,1525.4253,-3.34312,-1.2067022,-4.4632587,-2.808465,-86.41258006739406,-82.24295580584666,1560.0,20000000000.0,21000000000.0,0.3,0.4,0.0,1.229,8.643,4.321,4e-26,60.0,0.0211,0.0761,0.005,2000,5,1024
219,-1.4296188e-11,1525.2703,-3.262867,-1.1174734,-4.740659,-2.7098615,-75.94033748453424,-68.57445041024093,1560.0,20000000000.0,21000000000.0,0.3,0.4,0.0,1.229,8.643,4.321,4e-26,60.0,0.0211,0.0761,0.005,2000,5,1024
220,-1.42473125e-11,1525.1152,-3.1815565,-1.0257869,-5.010041,-2.6233938,-92.21041516779354,-76.96579415227663,1560.0,20000000000.0,21000000000.0,0.3,0.4,0.0,1.229,8.643,4.321,4e-26,60.0,0.0211,0.0761,0.005,2000,5,1024
221,-1.4198437e-11,1524.9602,-3.0967734,-0.93457574,-5.2665257,-2.546254,-74.05095061310465,-75.29318912408641,1560.0,20000000000.0,21000000000.0,0.3,0.4,0.0,1.229,8.643,4.321,4e-26,60.0,0.0211,0.0761,0.005,2000,5,1024
222,-1.4149561e-11,1524.8053,-3.0108905,-0.84200305,-5.5087442,-2.4805079,-80.13703839224853,-73.6673967367322,1560.0,20000000000.0,21000000000.0,0.3,0.4,0.0,1.229,8.643,4.321,4e-26,60.0,0.0211,0.0761,0.005,2000,5,1024
223,-1.4100686e-11,1524.6503,-2.9225798,-0.7502013,-5.7308135,-2.4217877,-80.60912471161588,-74.21355751201665,1560.0,20000000000.0,21000000000.0,0.3,0.4,0.0,1.229,8.643,4.321,4e-26,60.0,0.0211,0.0761,0.005,2000,5,1024
224,-1.4051808e-11,1524.4954,-2.8333874,-0.6579015,-5.9316874,-2.3738198,-72.75838941936833,-71.35692575766065,1560.0,20000000000.0,21000000000.0,0.3,0.4,0.0,1.229,8.643,4.321,4e-26,60.0,0.0211,0.0761,0.005,2000,5,1024
225,-1.40029325e-11,1524.3406,-2.7424228,-0.56708694,-6.10502,-2.3316927,-75.30393739296976,-68.82617140970696,1560.0,20000000000.0,21000000000.0,0.3,0.4,0.0,1.229,8.643,4.321,4e-26,60.0,0.0211,0.0761,0.005,2000,5,1024
226,-1.3954057e-11,1524.1857,-2.6505358,-0.4772009,-6.2527986,-2.300348,-76.73921500155328,-74.45024073090381,1560.0,20000000000.0,21000000000.0,0.3,0.4,0.0,1.229,8.643,4.321,4e-26,60.0,0.0211,0.0761,0.005,2000,5,1024
227,-1.3905181e-11,1524.0309,-2.5581472,-0.38812518,-6.369114,-2.2737281,-79.26030748722867,-78.76409997245091,1560.0,20000000000.0,21000000000.0,0.3,0.4,0.0,1.229,8.643,4.321,4e-26,60.0,0.0211,0.0761,0.005,2000,5,1024
228,-1.3856305e-11,1523.876,-2.4649236,-0.3014328,-6.4560366,-2.2578692,-81.35623684569708,-80.39033591714508,1560.0,20000000000.0,21000000000.0,0.3,0.4,0.0,1.229,8.643,4.321,4e-26,60.0,0.0211,0.0761,0.005,2000,5,1024
229,-1.3807429e-11,1523.7213,-2.373009,-0.21525039,-6.509645,-2.2480218,-74.71054712933304,-79.44461349211123,1560.0,20000000000.0,21000000000.0,0.3,0.4,0.0,1.229,8.643,4.321,4e-26,60.0,0.0211,0.0761,0.005,2000,5,1024
230,-1.3758553e-11,1523.5665,-2.2805812,-0.1316695,-6.5325756,-2.248503,-93.52611799982284,-72.18843502817066,1560.0,20000000000.0,21000000000.0,0.3,0.4,0.0,1.229,8.643,4.321,4e-26,60.0,0.0211,0.0761,0.005,2000,5,1024
231,-1.37096775e-11,1523.4119,-2.1908934,-0.047715254,-6.5235243,-2.2573624,-75.23003336406217,-70.31140572571954,1560.0,20000000000.0,21000000000.0,0.3,0.4,0.0,1.229,8.643,4.321,4e-26,60.0,0.0211,0.0761,0.005,2000,5,1024
232,-1.3660802e-11,1523.2572,-2.1018567,0.03396508,-6.483652,-2.27645,-78.56830673439582,-80.16564019970376,1560.0,20000000000.0,21000000000.0,0.3,0.4,0.0,1.229,8.643,4.321,4e-26,60.0,0.0211,0.0761,0.005,2000,5,1024
233,-1.3611926e-11,1523.1025,-2.0168025,0.11676563,-6.414832,-2.306793,-82.89133851773059,-77.56281736481753,1560.0,20000000000.0,21000000000.0,0.3,0.4,0.0,1.229,8.643,4.321,4e-26,60.0,0.0211,0.0761,0.005,2000,5,1024
234,-1.356305e-11,1522.9481,-1.9341953,0.19925559,-6.3172293,-2.3468747,-82.16880883257524,-77.89972486159317,1560.0,20000000000.0,21000000000.0,0.3,0.4,0.0,1.229,8.643,4.321,4e-26,60.0,0.0211,0.0761,0.005,2000,5,1024
235,-1.3514173e-11,1522.7935,-1.856173,0.28349897,-6.194349,-2.4013162,-79.48096317978934,-78.76417025536557,1560.0,20000000000.0,21000000000.0,0.3,0.4,0.0,1.229,8.643,4.321,4e-26,60.0,0.0211,0.0761,0.005,2000,5,1024
236,-1.34652975e-11,1522.6389,-1.78243,0.3692252,-6.0452724,-2.4651663,-82.40698233274699,-81.03264093842756,1560.0,20000000000.0,21000000000.0,0.3,0.4,0.0,1.229,8.643,4.321,4e-26,60.0,0.0211,0.0761,0.005,2000,5,1024
237,-1.3416422e-11,1522.4845,-1.7143829,0.45766366,-5.875295,-2.544963,-80.59913445177926,-80.03774179769096,1560.0,20000000000.0,21000000000.0,0.3,0.4,0.0,1.229,8.643,4.321,4e-26,60.0,0.0211,0.0761,0.005,2000,5,1024
238,-1.3367546e-11,1522.33,-1.6518376,0.5495092,-5.682175,-2.6344059,-81.22026923295415,-87.47940267268056,1560.0,20000000000.0,21000000000.0,0.3,0.4,0.0,1.229,8.643,4.321,4e-26,60.0,0.0211,0.0761,0.005,2000,5,1024
239,-1.3318671e-11,1522.1754,-1.594973,0.6445888,-5.472361,-2.7400079,-78.24976905240972,-73.37410280213076,1560.0,20000000000.0,21000000000.0,0.3,0.4,0.0,1.229,8.643,4.321,4e-26,60.0,0.0211,0.0761,0.005,2000,5,1024
240,-1.3269795e-11,1522.0211,-1.5451769,0.7437886,-5.2426543,-2.855231,-74.16070350152523,-69.45816979393575,1560.0,20000000000.0,21000000000.0,0.3,0.4,0.0,1.229,8.643,4.321,4e-26,60.0,0.0211,0.0761,0.005,2000,5,1024
241,-1.3220919e-11,1521.8667,-1.5010597,0.8461836,-4.999494,-2.9859636,-80.08257540752129,-69.49284555400791,1560.0,20000000000.0,21000000000.0,0.3,0.4,0.0,1.229,8.643,4.321,4e-26,60.0,0.0211,0.0761,0.005,2000,5,1024
242,-1.3172043e-11,1521.7123,-1.464066,0.95266545,-4.740264,-3.1264846,-77.88174319954888,-70.85884621494868,1560.0,20000000000.0,21000000000.0,0.3,0.4,0.0,1.229,8.643,4.321,4e-26,60.0,0.0211,0.0761,0.005,2000,5,1024
243,-1.31231675e-11,1521.558,-1.432176,1.0616348,-4.4699574,-3.279988,-80.3339983954613,-78.47202397373343,1560.0,20000000000.0,21000000000.0,0.3,0.4,0.0,1.229,8.643,4.321,4e-26,60.0,0.0211,0.0761,0.005,2000,5,1024
244,-1.3074292e-11,1521.4038,-1.4070259,1.1733651,-4.187014,-3.444338,-79.38528481888115,-75.05255018565408,1560.0,20000000000.0,21000000000.0,0.3,0.4,0.0,1.229,8.643,4.321,4e-26,60.0,0.0211,0.0761,0.005,2000,5,1024
245,-1.3025416e-11,1521.2495,-1.3859018,1.2856282,-3.894833,-3.6187956,-82.42236360183888,-74.7716995018817,1560.0,20000000000.0,21000000000.0,0.3,0.4,0.0,1.229,8.643,4.321,4e-26,60.0,0.0211,0.0761,0.005,2000,5,1024
246,-1.297654e-11,1521.0952,-1.3703048,1.3984399,-3.5951667,-3.80428,-85.1274648775204,-70.65872376514767,1560.0,20000000000.0,21000000000.0,0.3,0.4,0.0,1.229,8.643,4.321,4e-26,60.0,0.0211,0.0761,0.005,2000,5,1024
247,-1.2927664e-11,1520.941,-1.357032,1.509507,-3.2875464,-3.997519,-79.5935244980326,-69.87303391261392,1560.0,20000000000.0,21000000000.0,0.3,0.4,0.0,1.229,8.643,4.321,4e-26,60.0,0.0211,0.0761,0.005,2000,5,1024
248,-1.2878788e-11,1520.787,-1.3475963,1.617695,-2.9764247,-4.2033877,-75.37648033947937,-85.02283048162585,1560.0,20000000000.0,21000000000.0,0.3,0.4,0.0,1.229,8.643,4.321,4e-26,60.0,0.0211,0.0761,0.005,2000,5,1024
249,-1.28299125e-11,1520.6328,-1.3392763,1.7210792,-2.6587274,-4.413372,-80.95728626776403,-75.8435797827491,1560.0,20000000000.0,21000000000.0,0.3,0.4,0.0,1.229,8.643,4.321,4e-26,60.0,0.0211,0.0761,0.005,2000,5,1024
250,-1.2781037e-11,1520.4788,-1.3325586,1.8186718,-2.342647,-4.6359506,-86.64260378855616,-80.73497690165745,1560.0,20000000000.0,21000000000.0,0.3,0.4,0.0,1.229,8.643,4.321,4e-26,60.0,0.0211,0.0761,0.005,2000,5,1024
251,-1.2732161e-11,1520.3247,-1.3257624,1.9086215,-2.0223522,-4.8620057,-84.86904767027839,-76.80308782404396,1560.0,20000000000.0,21000000000.0,0.3,0.4,0.0,1.229,8.643,4.321,4e-26,60.0,0.0211,0.0761,0.005,2000,5,1024
252,-1.2683285e-11,1520.1707,-1.3184777,1.9893992,-1.7067713,-5.099205,-80.53864248971486,-79.43068059272478,1560.0,20000000000.0,21000000000.0,0.3,0.4,0.0,1.229,8.643,4.321,4e-26,60.0,0.0211,0.0761,0.005,2000,5,1024
253,-1.2634409e-11,1520.0167,-1.3107842,2.0605037,-1.3902318,-5.3394613,-79.79564441226816,-77.93373469924046,1560.0,20000000000.0,21000000000.0,0.3,0.4,0.0,1.229,8.643,4.321,4e-26,60.0,0.0211,0.0761,0.005,2000,5,1024
254,-1.2585533e-11,1519.8627,-1.3011644,2.1198792,-1.0806324,-5.587076,-99.21002731404116,-77.08816118315781,1560.0,20000000000.0,21000000000.0,0.3,0.4,0.0,1.229,8.643,4.321,4e-26,60.0,0.0211,0.0761,0.005,2000,5,1024
255,-1.25366575e-11,1519.7087,-1.2912816,2.167892,-0.77313244,-5.8379226,-85.73400488797922,-76.11972903218016,1560.0,20000000000.0,21000000000.0,0.3,0.4,0.0,1.229,8.643,4.321,4e-26,60.0,0.0211,0.0761,0.005,2000,5,1024
256,-1.2487782e-11,1519.5548,-1.2789805,2.2028823,-0.47235695,-6.092834,-83.32787263508712,-80.35073639088591,1560.0,20000000000.0,21000000000.0,0.3,0.4,0.0,1.229,8.643,4.321,4e-26,60.0,0.0211,0.0761,0.005,2000,5,1024
257,-1.2438906e-11,1519.4009,-1.2673798,2.2263582,-0.1776094,-6.350002,-74.6608201818583,-78.23843517353839,1560.0,20000000000.0,21000000000.0,0.3,0.4,0.0,1.229,8.643,4.321,4e-26,60.0,0.0211,0.0761,0.005,2000,5,1024
258,-1.239003e-11,1519.247,-1.2540768,2.2363193,0.112563185,-6.606167,-73.91463770730134,-71.19433201873449,1560.0,20000000000.0,21000000000.0,0.3,0.4,0.0,1.229,8.643,4.321,4e-26,60.0,0.0211,0.0761,0.005,2000,5,1024
259,-1.2341154e-11,1519.0931,-1.2425873,2.2346053,0.3948302,-6.862857,-80.4072779885704,-80.08605090088439,1560.0,20000000000.0,21000000000.0,0.3,0.4,0.0,1.229,8.643,4.321,4e-26,60.0,0.0211,0.0761,0.005,2000,5,1024
260,-1.2292278e-11,1518.9395,-1.2308165,2.2199721,0.67522246,-7.114043,-73.63494297337851,-65.23005094802764,1560.0,20000000000.0,21000000000.0,0.3,0.4,0.0,1.229,8.643,4.321,4e-26,60.0,0.0211,0.0761,0.005,2000,5,1024
261,-1.22434025e-11,1518.7856,-1.2216662,2.194272,0.9478327,-7.3634624,-84.09099223155536,-75.92122287010648,1560.0,20000000000.0,21000000000.0,0.3,0.4,0.0,1.229,8.643,4.321,4e-26,60.0,0.0211,0.0761,0.005,2000,5,1024
262,-1.2194527e-11,1518.6321,-1.2148678,2.1571345,1.2199916,-7.6029673,-77.3264900060905,-66.88485104392491,1560.0,20000000000.0,21000000000.0,0.3,0.4,0.0,1.229,8.643,4.321,4e-26,60.0,0.0211,0.0761,0.005,2000,5,1024
263,-1.2145651e-11,1518.4784,-1.2108561,2.1101773,1.4875561,-7.8376694,-85.75047909885541,-67.85854469495469,1560.0,20000000000.0,21000000000.0,0.3,0.4,0.0,1.229,8.643,4.321,4e-26,60.0,0.0211,0.0761,0.005,2000,5,1024
264,-1.2096775e-11,1518.3247,-1.2111523,2.053295,1.7564218,-8.058816,-96.51164228698929,-80.45446771100455,1560.0,20000000000.0,21000000000.0,0.3,0.4,0.0,1.229,8.643,4.321,4e-26,60.0,0.0211,0.0761,0.005,2000,5,1024
265,-1.2047899e-11,1518.171,-1.2148782,1.9879007,2.0232868,-8.272097,-72.50740832220151,-69.82910379842393,1560.0,20000000000.0,21000000000.0,0.3,0.4,0.0,1.229,8.643,4.321,4e-26,60.0,0.0211,0.0761,0.005,2000,5,1024
266,-1.1999023e-11,1518.0175,-1.223811,1.9141493,2.2928917,-8.470333,-73.52345649897644,-74.43870499103441,1560.0,20000000000.0,21000000000.0,0.3,0.4,0.0,1.229,8.643,4.321,4e-26,60.0,0.0211,0.0761,0.005,2000,5,1024
267,-1.19501475e-11,1517.8639,-1.236312,1.8329425,2.5627618,-8.657334,-78.27576590481718,-75.46017716745816,1560.0,20000000000.0,21000000000.0,0.3,0.4,0.0,1.229,8.643,4.321,4e-26,60.0,0.0211,0.0761,0.005,2000,5,1024
268,-1.1901272e-11,1517.7103,-1.2546686,1.7454268,2.8357291,-8.830024,-86.22826514196376,-74.99657345814128,1560.0,20000000000.0,21000000000.0,0.3,0.4,0.0,1.229,8.643,4.321,4e-26,60.0,0.0211,0.0761,0.005,2000,5,1024
269,-1.1852396e-11,1517.5569,-1.2767262,1.6510623,3.1117623,-8.989646,-84.62142930831268,-74.77470913145412,1560.0,20000000000.0,21000000000.0,0.3,0.4,0.0,1.229,8.643,4.321,4e-26,60.0,0.0211,0.0761,0.005,2000,5,1024
270,-1.180352e-11,1517.4033,-1.3042277,1.5521243,3.3887112,-9.137004,-83.3913797564408,-77.28337955513653,1560.0,20000000000.0,21000000000.0,0.3,0.4,0.0,1.229,8.643,4.321,4e-26,60.0,0.0211,0.0761,0.005,2000,5,1024
271,-1.1754644e-11,1517.2499,-1.3352098,1.4473519,3.6680598,-9.270678,-77.32585096134606,-73.87655362971432,1560.0,20000000000.0,21000000000.0,0.3,0.4,0.0,1.229,8.643,4.321,4e-26,60.0,0.0211,0.0761,0.005,2000,5,1024
272,-1.1705768e-11,1517.0966,-1.3719733,1.33912,3.9457664,-9.395092,-85.79417336651788,-71.67467901029185,1560.0,20000000000.0,21000000000.0,0.3,0.4,0.0,1.229,8.643,4.321,4e-26,60.0,0.0211,0.0761,0.005,2000,5,1024
273,-1.16568925e-11,1516.9431,-1.4118701,1.2263306,4.223758,-9.507506,-93.41341806567007,-78.69828024004721,1560.0,20000000000.0,21000000000.0,0.3,0.4,0.0,1.229,8.643,4.321,4e-26,60.0,0.0211,0.0761,0.005,2000,5,1024
274,-1.1608017e-11,1516.7898,-1.4566501,1.1109567,4.4957447,-9.613639,-87.45619955499721,-81.7870103788227,1560.0,20000000000.0,21000000000.0,0.3,0.4,0.0,1.229,8.643,4.321,4e-26,60.0,0.0211,0.0761,0.005,2000,5,1024
275,-1.1559141e-11,1516.6365,-1.5055233,0.9930517,4.764109,-9.70979,-91.42328082955146,-80.03652641731188,1560.0,20000000000.0,21000000000.0,0.3,0.4,0.0,1.229,8.643,4.321,4e-26,60.0,0.0211,0.0761,0.005,2000,5,1024
276,-1.1510265e-11,1516.4833,-1.5585426,0.8734167,5.02079,-9.803647,-77.84668076486206,-73.82405388773888,1560.0,20000000000.0,21000000000.0,0.3,0.4,0.0,1.229,8.643,4.321,4e-26,60.0,0.0211,0.0761,0.005,2000,5,1024
277,-1.1461389e-11,1516.3301,-1.616033,0.7529827,5.268308,-9.889694,-74.39405278573487,-82.90727177333208,1560.0,20000000000.0,21000000000.0,0.3,0.4,0.0,1.229,8.643,4.321,4e-26,60.0,0.0211,0.0761,0.005,2000,5,1024
278,-1.1412513e-11,1516.1768,-1.6773248,0.6325027,5.498655,-9.975621,-76.0781420008467,-85.62203133208334,1560.0,20000000000.0,21000000000.0,0.3,0.4,0.0,1.229,8.643,4.321,4e-26,60.0,0.0211,0.0761,0.005,2000,5,1024
279,-1.13636375e-11,1516.0236,-1.7437216,0.51324,5.712616,-10.055973,-83.90420494250009,-79.17469584004246,1560.0,20000000000.0,21000000000.0,0.3,0.4,0.0,1.229,8.643,4.321,4e-26,60.0,0.0211,0.0761,0.005,2000,5,1024
280,-1.1314762e-11,1515.8704,-1.8130121,0.3950691,5.9051065,-10.136712,-72.64581546530776,-72.0059205085471,1560.0,20000000000.0,21000000000.0,0.3,0.4,0.0,1.229,8.643,4.321,4e-26,60.0,0.0211,0.0761,0.005,2000,5,1024
281,-1.1265886e-11,1515.7173,-1.8878444,0.28036284,6.0750556,-10.213456,-80.80495208535554,-67.41947660074882,1560.0,20000000000.0,21000000000.0,0.3,0.4,0.0,1.229,8.643,4.321,4e-26,60.0,0.0211,0.0761,0.005,2000,5,1024
282,-1.121701e-11,1515.5641,-1.9652683,0.16804801,6.219695,-10.2885275,-87.05310993572078,-70.17316613885185,1560.0,20000000000.0,21000000000.0,0.3,0.4,0.0,1.229,8.643,4.321,4e-26,60.0,0.0211,0.0761,0.005,2000,5,1024
283,-1.1168134e-11,1515.4111,-2.0473585,0.06098072,6.336054,-10.360465,-84.75428173333945,-67.91006646881652,1560.0,20000000000.0,21000000000.0,0.3,0.4,0.0,1.229,8.643,4.321,4e-26,60.0,0.0211,0.0761,0.005,2000,5,1024
284,-1.1119258e-11,1515.2579,-2.13166,-0.042400926,6.4246435,-10.427029,-78.42460719631822,-75.57469587081539,1560.0,20000000000.0,21000000000.0,0.3,0.4,0.0,1.229,8.643,4.321,4e-26,60.0,0.0211,0.0761,0.005,2000,5,1024
285,-1.10703825e-11,1515.105,-2.2192721,-0.13976663,6.481642,-10.489749,-87.12386990042292,-75.1583541839608,1560.0,20000000000.0,21000000000.0,0.3,0.4,0.0,1.229,8.643,4.321,4e-26,60.0,0.0211,0.0761,0.005,2000,5,1024
286,-1.1021507e-11,1514.952,-2.3089678,-0.23199496,6.5100636,-10.542862,-76.62432312603323,-72.53282126855132,1560.0,20000000000.0,21000000000.0,0.3,0.4,0.0,1.229,8.643,4.321,4e-26,60.0,0.0211,0.0761,0.005,2000,5,1024
287,-1.0972631e-11,1514.799,-2.400444,-0.31879148,6.505179,-10.59027,-78.68801188692181,-93.70177761504533,1560.0,20000000000.0,21000000000.0,0.3,0.4,0.0,1.229,8.643,4.321,4e-26,60.0,0.0211,0.0761,0.005,2000,5,1024
288,-1.0923755e-11,1514.6461,-2.492633,-0.39988938,6.4719105,-10.624088,-101.00024109281702,-77.57105339708572,1560.0,20000000000.0,21000000000.0,0.3,0.4,0.0,1.229,8.643,4.321,4e-26,60.0,0.0211,0.0761,0.005,2000,5,1024
289,-1.0874877e-11,1514.4932,-2.5849645,-0.4762663,6.4062185,-10.649794,-74.39744538068453,-70.68332470519968,1560.0,20000000000.0,21000000000.0,0.3,0.4,0.0,1.229,8.643,4.321,4e-26,60.0,0.0211,0.0761,0.005,2000,5,1024
290,-1.08260016e-11,1514.3405,-2.6771672,-0.5482176,6.313467,-10.658916,-75.34680106010816,-75.57642198898873,1560.0,20000000000.0,21000000000.0,0.3,0.4,0.0,1.229,8.643,4.321,4e-26,60.0,0.0211,0.0761,0.005,2000,5,1024
291,-1.0777126e-11,1514.1876,-2.7674592,-0.61685467,6.1909966,-10.656743,-81.82015701990004,-72.60778624432871,1560.0,20000000000.0,21000000000.0,0.3,0.4,0.0,1.229,8.643,4.321,4e-26,60.0,0.0211,0.0761,0.005,2000,5,1024
292,-1.072825e-11,1514.0348,-2.857099,-0.681597,6.043686,-10.637289,-76.49766371868189,-82.3003109950909,1560.0,20000000000.0,21000000000.0,0.3,0.4,0.0,1.229,8.643,4.321,4e-26,60.0,0.0211,0.0761,0.005,2000,5,1024
293,-1.0679374e-11,1513.8821,-2.9430616,-0.74606574,5.8696437,-10.603335,-73.51946790699452,-78.86196786383042,1560.0,20000000000.0,21000000000.0,0.3,0.4,0.0,1.229,8.643,4.321,4e-26,60.0,0.0211,0.0761,0.005,2000,5,1024
294,-1.0630498e-11,1513.7294,-3.027323,-0.8088902,5.6738586,-10.552072,-77.85685602287325,-81.30232953208866,1560.0,20000000000.0,21000000000.0,0.3,0.4,0.0,1.229,8.643,4.321,4e-26,60.0,0.0211,0.0761,0.005,2000,5,1024
295,-1.0581622e-11,1513.5767,-3.1071756,-0.87281704,5.456252,-10.484474,-76.39764660771945,-83.18019644314293,1560.0,20000000000.0,21000000000.0,0.3,0.4,0.0,1.229,8.643,4.321,4e-26,60.0,0.0211,0.0761,0.005,2000,5,1024
296,-1.05327465e-11,1513.424,-3.184195,-0.9371898,5.2198653,-10.400878,-87.63960061993218,-75.06872799126052,1560.0,20000000000.0,21000000000.0,0.3,0.4,0.0,1.229,8.643,4.321,4e-26,60.0,0.0211,0.0761,0.005,2000,5,1024
297,-1.0483871e-11,1513.2712,-3.2566311,-1.00432,4.9667373,-10.2989025,-73.13999617925747,-72.80623446686526,1560.0,20000000000.0,21000000000.0,0.3,0.4,0.0,1.229,8.643,4.321,4e-26,60.0,0.0211,0.0761,0.005,2000,5,1024
298,-1.0434996e-11,1513.1188,-3.3258474,-1.0735447,4.6967897,-10.183443,-88.01680122788909,-81.62479839624625,1560.0,20000000000.0,21000000000.0,0.3,0.4,0.0,1.229,8.643,4.321,4e-26,60.0,0.0211,0.0761,0.005,2000,5,1024
299,-1.0386119e-11,1512.9662,-3.390383,-1.1462086,4.416261,-10.0489,-84.65555995774696,-76.71029837290313,1560.0,20000000000.0,21000000000.0,0.3,0.4,0.0,1.229,8.643,4.321,4e-26,60.0,0.0211,0.0761,0.005,2000,5,1024
300,-1.0337243e-11,1512.8136,-3.4510896,-1.2215854,4.122301,-9.902756,-77.99101291370212,-68.71703734185003,1560.0,20000000000.0,21000000000.0,0.3,0.4,0.0,1.229,8.643,4.321,4e-26,60.0,0.0211,0.0761,0.005,2000,5,1024
301,-1.0288367e-11,1512.661,-3.507861,-1.2998438,3.8223667,-9.737899,-75.18750528450002,-71.19008935318755,1560.0,20000000000.0,21000000000.0,0.3,0.4,0.0,1.229,8.643,4.321,4e-26,60.0,0.0211,0.0761,0.005,2000,5,1024
302,-1.02394915e-11,1512.5085,-3.5610638,-1.3805248,3.5125976,-9.562441,-77.98764478052261,-75.7393874531845,1560.0,20000000000.0,21000000000.0,0.3,0.4,0.0,1.229,8.643,4.321,4e-26,60.0,0.0211,0.0761,0.005,2000,5,1024
303,-1.0190616e-11,1512.3561,-3.610993,-1.4621335,3.2012496,-9.370249,-75.66585258327999,-84.90795286325172,1560.0,20000000000.0,21000000000.0,0.3,0.4,0.0,1.229,8.643,4.321,4e-26,60.0,0.0211,0.0761,0.005,2000,5,1024
304,-1.014174e-11,1512.2037,-3.6570773,-1.5451103,2.8846574,-9.167455,-86.41464851027581,-66.31297182456707,1560.0,20000000000.0,21000000000.0,0.3,0.4,0.0,1.229,8.643,4.321,4e-26,60.0,0.0211,0.0761,0.005,2000,5,1024
305,-1.0092864e-11,1512.0513,-3.700889,-1.6268992,2.5695164,-8.950575,-103.56069761472781,-73.98303141065894,1560.0,20000000000.0,21000000000.0,0.3,0.4,0.0,1.229,8.643,4.321,4e-26,60.0,0.0211,0.0761,0.005,2000,5,1024
306,-1.0043988e-11,1511.8989,-3.741468,-1.7071166,2.2544658,-8.723181,-82.23128085198152,-90.48409958267426,1560.0,20000000000.0,21000000000.0,0.3,0.4,0.0,1.229,8.643,4.321,4e-26,60.0,0.0211,0.0761,0.005,2000,5,1024
307,-9.995112e-12,1511.7466,-3.780159,-1.7831523,1.9432331,-8.485104,-80.16320443174259,-69.41167274945764,1560.0,20000000000.0,21000000000.0,0.3,0.4,0.0,1.229,8.643,4.321,4e-26,60.0,0.0211,0.0761,0.005,2000,5,1024
308,-9.9462365e-12,1511.5944,-3.8156939,-1.8552916,1.6371801,-8.23645,-74.36568556888696,-79.29155248880289,1560.0,20000000000.0,21000000000.0,0.3,0.4,0.0,1.229,8.643,4.321,4e-26,60.0,0.0211,0.0761,0.005,2000,5,1024
309,-9.897361e-12,1511.442,-3.849382,-1.920795,1.3358036,-7.98054,-94.13909777535412,-71.13438109919483,1560.0,20000000000.0,21000000000.0,0.3,0.4,0.0,1.229,8.643,4.321,4e-26,60.0,0.0211,0.0761,0.005,2000,5,1024
310,-9.848485e-12,1511.2898,-3.8799152,-1.9796365,1.0447031,-7.7147584,-85.15518286793865,-74.12456935363156,1560.0,20000000000.0,21000000000.0,0.3,0.4,0.0,1.229,8.643,4.321,4e-26,60.0,0.0211,0.0761,0.005,2000,5,1024
311,-9.799609e-12,1511.1376,-3.9079597,-2.029666,0.75879216,-7.445436,-81.85697331810152,-74.87026381854513,1560.0,20000000000.0,21000000000.0,0.3,0.4,0.0,1.229,8.643,4.321,4e-26,60.0,0.0211,0.0761,0.005,2000,5,1024
312,-9.750733e-12,1510.9854,-3.933091,-2.0707893,0.48588097,-7.167359,-86.48808241385112,-72.81516711667722,1560.0,20000000000.0,21000000000.0,0.3,0.4,0.0,1.229,8.643,4.321,4e-26,60.0,0.0211,0.0761,0.005,2000,5,1024
313,-9.701857e-12,1510.8333,-3.954567,-2.1021197,0.21933363,-6.889486,-78.31637291813647,-82.00412189549068,1560.0,20000000000.0,21000000000.0,0.3,0.4,0.0,1.229,8.643,4.321,4e-26,60.0,0.0211,0.0761,0.005,2000,5,1024
314,-9.6529815e-12,1510.6812,-3.9723434,-2.1230593,-0.03500514,-6.6059127,-82.37693863091312,-88.56015158766908,1560.0,20000000000.0,21000000000.0,0.3,0.4,0.0,1.229,8.643,4.321,4e-26,60.0,0.0211,0.0761,0.005,2000,5,1024
315,-9.604106e-12,1510.529,-3.985194,-2.1339812,-0.28361398,-6.3251433,-74.63961041108232,-84.89509918557708,1560.0,20000000000.0,21000000000.0,0.3,0.4,0.0,1.229,8.643,4.321,4e-26,60.0,0.0211,0.0761,0.005,2000,5,1024
316,-9.55523e-12,1510.377,-3.9934618,-2.1340435,-0.5209889,-6.0426645,-79.56818899308598,-81.59674550314963,1560.0,20000000000.0,21000000000.0,0.3,0.4,0.0,1.229,8.643,4.321,4e-26,60.0,0.0211,0.0761,0.005,2000,5,1024
317,-9.506354e-12,1510.225,-3.9961915,-2.1246228,-0.75481206,-5.764774,-84.60187302357087,-81.23178807822501,1560.0,20000000000.0,21000000000.0,0.3,0.4,0.0,1.229,8.643,4.321,4e-26,60.0,0.0211,0.0761,0.005,2000,5,1024
318,-9.457478e-12,1510.0729,-3.993251,-2.105078,-0.9824327,-5.4904633,-77.24990309602903,-90.86381431434042,1560.0,20000000000.0,21000000000.0,0.3,0.4,0.0,1.229,8.643,4.321,4e-26,60.0,0.0211,0.0761,0.005,2000,5,1024
319,-9.408602e-12,1509.921,-3.9835632,-2.0768652,-1.2072644,-5.2223315,-77.69561838325501,-78.33641955621303,1560.0,20000000000.0,21000000000.0,0.3,0.4,0.0,1.229,8.643,4.321,4e-26,60.0,0.0211,0.0761,0.005,2000,5,1024
320,-9.3597265e-12,1509.7692,-3.967993,-2.0397866,-1.4316792,-4.9628983,-74.36121071678009,-69.35779151900607,1560.0,20000000000.0,21000000000.0,0.3,0.4,0.0,1.229,8.643,4.321,4e-26,60.0,0.0211,0.0761,0.005,2000,5,1024
321,-9.310851e-12,1509.6173,-3.944943,-1.9958366,-1.6561149,-4.7109523,-84.75585289597122,-82.05032586113214,1560.0,20000000000.0,21000000000.0,0.3,0.4,0.0,1.229,8.643,4.321,4e-26,60.0,0.0211,0.0761,0.005,2000,5,1024
322,-9.261975e-12,1509.4653,-3.9163213,-1.9440194,-1.8860612,-4.4709425,-80.08866636374628,-73.98435414742069,1560.0,20000000000.0,21000000000.0,0.3,0.4,0.0,1.229,8.643,4.321,4e-26,60.0,0.0211,0.0761,0.005,2000,5,1024
323,-9.213099e-12,1509.3135,-3.8802989,-1.8867615,-2.1189628,-4.240264,-74.83881070636912,-69.73882037395356,1560.0,20000000000.0,21000000000.0,0.3,0.4,0.0,1.229,8.643,4.321,4e-26,60.0,0.0211,0.0761,0.005,2000,5,1024
324,-9.164223e-12,1509.1617,-3.8385959,-1.8235353,-2.3608952,-4.0250454,-86.43261308921545,-87.55371682960697,1560.0,20000000000.0,21000000000.0,0.3,0.4,0.0,1.229,8.643,4.321,4e-26,60.0,0.0211,0.0761,0.005,2000,5,1024
325,-9.115347e-12,1509.01,-3.7905176,-1.7558837,-2.6079705,-3.8200543,-82.86636302706711,-77.48882808061529,1560.0,20000000000.0,21000000000.0,0.3,0.4,0.0,1.229,8.643,4.321,4e-26,60.0,0.0211,0.0761,0.005,2000,5,1024
326,-9.0664715e-12,1508.8582,-3.737102,-1.6836392,-2.8659928,-3.631972,-80.85496586450269,-72.2681384203527,1560.0,20000000000.0,21000000000.0,0.3,0.4,0.0,1.229,8.643,4.321,4e-26,60.0,0.0211,0.0761,0.005,2000,5,1024
327,-9.017596e-12,1508.7064,-3.6786964,-1.6075639,-3.129413,-3.4549246,-83.12414092453508,-74.40785902108883,1560.0,20000000000.0,21000000000.0,0.3,0.4,0.0,1.229,8.643,4.321,4e-26,60.0,0.0211,0.0761,0.005,2000,5,1024
328,-8.96872e-12,1508.5548,-3.615353,-1.5288758,-3.4024298,-3.2949321,-78.4022217017079,-72.63908620452078,1560.0,20000000000.0,21000000000.0,0.3,0.4,0.0,1.229,8.643,4.321,4e-26,60.0,0.0211,0.0761,0.005,2000,5,1024
329,-8.919844e-12,1508.4031,-3.5483673,-1.446544,-3.6795983,-3.1468248,-87.6303964295411,-76.50771379779981,1560.0,20000000000.0,21000000000.0,0.3,0.4,0.0,1.229,8.643,4.321,4e-26,60.0,0.0211,0.0761,0.005,2000,5,1024
330,-8.870968e-12,1508.2515,-3.4769135,-1.3623791,-3.9619405,-3.0139587,-88.1665199564962,-81.44758101730403,1560.0,20000000000.0,21000000000.0,0.3,0.4,0.0,1.229,8.643,4.321,4e-26,60.0,0.0211,0.0761,0.005,2000,5,1024
331,-8.822092e-12,1508.0997,-3.4029193,-1.2752199,-4.244383,-2.893277,-83.40037006790274,-69.99750817186494,1560.0,20000000000.0,21000000000.0,0.3,0.4,0.0,1.229,8.643,4.321,4e-26,60.0,0.0211,0.0761,0.005,2000,5,1024
332,-8.7732165e-12,1507.9484,-3.3252301,-1.1873331,-4.5254364,-2.78539,-75.87237926519657,-70.61575146073197,1560.0,20000000000.0,21000000000.0,0.3,0.4,0.0,1.229,8.643,4.321,4e-26,60.0,0.0211,0.0761,0.005,2000,5,1024
333,-8.724341e-12,1507.7968,-3.2454352,-1.0967157,-4.8015428,-2.6903343,-86.56300643482743,-72.08124983031098,1560.0,20000000000.0,21000000000.0,0.3,0.4,0.0,1.229,8.643,4.321,4e-26,60.0,0.0211,0.0761,0.005,2000,5,1024
334,-8.675465e-12,1507.6453,-3.1625106,-1.0061691,-5.0679097,-2.6047814,-75.5958697932025,-87.15893075716647,1560.0,20000000000.0,21000000000.0,0.3,0.4,0.0,1.229,8.643,4.321,4e-26,60.0,0.0211,0.0761,0.005,2000,5,1024
335,-8.626589e-12,1507.4938,-3.0782568,-0.9136356,-5.32282,-2.5317757,-88.0985840978569,-79.22528965659622,1560.0,20000000000.0,21000000000.0,0.3,0.4,0.0,1.229,8.643,4.321,4e-26,60.0,0.0211,0.0761,0.005,2000,5,1024
336,-8.577713e-12,1507.3424,-2.9913764,-0.82175374,-5.5594354,-2.4654927,-80.14406363234527,-83.29182134780382,1560.0,20000000000.0,21000000000.0,0.3,0.4,0.0,1.229,8.643,4.321,4e-26,60.0,0.0211,0.0761,0.005,2000,5,1024
337,-8.528837e-12,1507.1909,-2.9031188,-0.7294623,-5.778096,-2.4115224,-90.62832824142903,-73.61359516921476,1560.0,20000000000.0,21000000000.0,0.3,0.4,0.0,1.229,8.643,4.321,4e-26,60.0,0.0211,0.0761,0.005,2000,5,1024
338,-8.4799615e-12,1507.0396,-2.8132706,-0.6377428,-5.9716067,-2.362584,-81.68434292805955,-91.93602497907521,1560.0,20000000000.0,21000000000.0,0.3,0.4,0.0,1.229,8.643,4.321,4e-26,60.0,0.0211,0.0761,0.005,2000,5,1024
339,-8.431086e-12,1506.8882,-2.7219405,-0.5469875,-6.14132,-2.3252127,-72.66151537785294,-78.17882725415912,1560.0,20000000000.0,21000000000.0,0.3,0.4,0.0,1.229,8.643,4.321,4e-26,60.0,0.0211,0.0761,0.005,2000,5,1024
340,-8.38221e-12,1506.7369,-2.6301818,-0.45722657,-6.280716,-2.292565,-76.76534065191561,-80.75052944641908,1560.0,20000000000.0,21000000000.0,0.3,0.4,0.0,1.229,8.643,4.321,4e-26,60.0,0.0211,0.0761,0.005,2000,5,1024
341,-8.333334e-12,1506.5856,-2.5370464,-0.36916032,-6.3917956,-2.270412,-75.59689989272974,-78.59473291662276,1560.0,20000000000.0,21000000000.0,0.3,0.4,0.0,1.229,8.643,4.321,4e-26,60.0,0.0211,0.0761,0.005,2000,5,1024
342,-8.284458e-12,1506.4343,-2.4448366,-0.28174007,-6.4702783,-2.2540705,-79.38764392205755,-91.4245402401712,1560.0,20000000000.0,21000000000.0,0.3,0.4,0.0,1.229,8.643,4.321,4e-26,60.0,0.0211,0.0761,0.005,2000,5,1024
343,-8.235582e-12,1506.2831,-2.3519485,-0.1970273,-6.517752,-2.2479165,-71.03593721251771,-70.61283583686647,1560.0,20000000000.0,21000000000.0,0.3,0.4,0.0,1.229,8.643,4.321,4e-26,60.0,0.0211,0.0761,0.005,2000,5,1024
344,-8.1867065e-12,1506.1318,-2.2610645,-0.112323456,-6.532844,-2.2493808,-82.56296366993568,-69.50162953049728,1560.0,20000000000.0,21000000000.0,0.3,0.4,0.0,1.229,8.643,4.321,4e-26,60.0,0.0211,0.0761,0.005,2000,5,1024
345,-8.137831e-12,1505.9807,-2.1706765,-0.03018693,-6.517453,-2.2603345,-76.38039768975551,-73.70147300385958,1560.0,20000000000.0,21000000000.0,0.3,0.4,0.0,1.229,8.643,4.321,4e-26,60.0,0.0211,0.0761,0.005,2000,5,1024
346,-8.088955e-12,1505.8296,-2.083173,0.05273234,-6.4713845,-2.2824569,-78.19737293316001,-69.37417969401709,1560.0,20000000000.0,21000000000.0,0.3,0.4,0.0,1.229,8.643,4.321,4e-26,60.0,0.0211,0.0761,0.005,2000,5,1024
347,-8.040079e-12,1505.6785,-1.997752,0.13476725,-6.395207,-2.3140528,-92.04011963014467,-93.73096395192604,1560.0,20000000000.0,21000000000.0,0.3,0.4,0.0,1.229,8.643,4.321,4e-26,60.0,0.0211,0.0761,0.005,2000,5,1024
348,-7.991203e-12,1505.5273,-1.9166616,0.21809998,-6.292797,-2.3590775,-77.62045967801683,-71.47426029775562,1560.0,20000000000.0,21000000000.0,0.3,0.4,0.0,1.229,8.643,4.321,4e-26,60.0,0.0211,0.0761,0.005,2000,5,1024
349,-7.942327e-12,1505.3765,-1.8393277,0.30221823,-6.162542,-2.413266,-74.40341611380134,-73.31061380184288,1560.0,20000000000.0,21000000000.0,0.3,0.4,0.0,1.229,8.643,4.321,4e-26,60.0,0.0211,0.0761,0.005,2000,5,1024
350,-7.8934515e-12,1505.2253,-1.7668579,0.38859233,-6.0104656,-2.483369,-76.23259068113015,-72.94617267538824,1560.0,20000000000.0,21000000000.0,0.3,0.4,0.0,1.229,8.643,4.321,4e-26,60.0,0.0211,0.0761,0.005,2000,5,1024
351,-7.844576e-12,1505.0743,-1.6999104,0.4777561,-5.833042,-2.5624645,-70.224260773755,-66.0878299049163,1560.0,20000000000.0,21000000000.0,0.3,0.4,0.0,1.229,8.643,4.321,4e-26,60.0,0.0211,0.0761,0.005,2000,5,1024
352,-7.795699e-12,1504.9233,-1.6384243,0.57010776,-5.6383085,-2.6579633,-85.91675920476654,-84.33397168046737,1560.0,20000000000.0,21000000000.0,0.3,0.4,0.0,1.229,8.643,4.321,4e-26,60.0,0.0211,0.0761,0.005,2000,5,1024
353,-7.746823e-12,1504.7723,-1.5837946,0.66631407,-5.4219503,-2.7635784,-78.33607389209175,-78.82483858766773,1560.0,20000000000.0,21000000000.0,0.3,0.4,0.0,1.229,8.643,4.321,4e-26,60.0,0.0211,0.0761,0.005,2000,5,1024
354,-7.697947e-12,1504.6216,-1.5344403,0.7657902,-5.190863,-2.8843644,-79.94501450453438,-86.00831912183482,1560.0,20000000000.0,21000000000.0,0.3,0.4,0.0,1.229,8.643,4.321,4e-26,60.0,0.0211,0.0761,0.005,2000,5,1024
355,-7.6490715e-12,1504.4707,-1.4927466,0.86993617,-4.942456,-3.015117,-79.4154016075168,-74.29347104449782,1560.0,20000000000.0,21000000000.0,0.3,0.4,0.0,1.229,8.643,4.321,4e-26,60.0,0.0211,0.0761,0.005,2000,5,1024
356,-7.600196e-12,1504.3198,-1.4560754,0.976352,-4.681468,-3.15997,-77.67747370788067,-80.69466694558672,1560.0,20000000000.0,21000000000.0,0.3,0.4,0.0,1.229,8.643,4.321,4e-26,60.0,0.0211,0.0761,0.005,2000,5,1024
357,-7.55132e-12,1504.169,-1.4266696,1.0865878,-4.4075913,-3.3155875,-80.25803386985163,-78.30867436796517,1560.0,20000000000.0,21000000000.0,0.3,0.4,0.0,1.229,8.643,4.321,4e-26,60.0,0.0211,0.0761,0.005,2000,5,1024
358,-7.502444e-12,1504.0182,-1.4015222,1.1980964,-4.12315,-3.4819188,-90.09918696593076,-88.64269189673008,1560.0,20000000000.0,21000000000.0,0.3,0.4,0.0,1.229,8.643,4.321,4e-26,60.0,0.0211,0.0761,0.005,2000,5,1024
359,-7.453568e-12,1503.8674,-1.3826138,1.311234,-3.8296993,-3.659788,-72.21594095410138,-75.20215504030382,1560.0,20000000000.0,21000000000.0,0.3,0.4,0.0,1.229,8.643,4.321,4e-26,60.0,0.0211,0.0761,0.005,2000,5,1024
360,-7.404692e-12,1503.7167,-1.3666091,1.4232571,-3.5263314,-3.8455265,-79.92178959188065,-72.38633590783515,1560.0,20000000000.0,21000000000.0,0.3,0.4,0.0,1.229,8.643,4.321,4e-26,60.0,0.0211,0.0761,0.005,2000,5,1024
361,-7.3558165e-12,1503.5662,-1.3549925,1.5340154,-3.2194374,-4.043725,-84.64222602641641,-74.21501281748971,1560.0,20000000000.0,21000000000.0,0.3,0.4,0.0,1.229,8.643,4.321,4e-26,60.0,0.0211,0.0761,0.005,2000,5,1024
362,-7.306941e-12,1503.4155,-1.3453729,1.641083,-2.9047866,-4.2475505,-85.48785579775037,-73.70130799757197,1560.0,20000000000.0,21000000000.0,0.3,0.4,0.0,1.229,8.643,4.321,4e-26,60.0,0.0211,0.0761,0.005,2000,5,1024
363,-7.258065e-12,1503.2649,-1.3378508,1.7433374,-2.5898108,-4.4636707,-77.36654534104073,-72.27763674688265,1560.0,20000000000.0,21000000000.0,0.3,0.4,0.0,1.229,8.643,4.321,4e-26,60.0,0.0211,0.0761,0.005,2000,5,1024
364,-7.209189e-12,1503.1143,-1.3312225,1.8394555,-2.2700522,-4.6839166,-72.62646928896552,-69.19763860737186,1560.0,20000000000.0,21000000000.0,0.3,0.4,0.0,1.229,8.643,4.321,4e-26,60.0,0.0211,0.0761,0.005,2000,5,1024
365,-7.160313e-12,1502.9636,-1.3240098,1.9269915,-1.9536554,-4.915559,-89.01448389494972,-73.43704202370135,1560.0,20000000000.0,21000000000.0,0.3,0.4,0.0,1.229,8.643,4.321,4e-26,60.0,0.0211,0.0761,0.005,2000,5,1024
366,-7.1114373e-12,1502.8131,-1.3172365,2.0062742,-1.6351204,-5.150824,-81.84079629692478,-84.74641926582197,1560.0,20000000000.0,21000000000.0,0.3,0.4,0.0,1.229,8.643,4.321,4e-26,60.0,0.0211,0.0761,0.005,2000,5,1024
367,-7.0625615e-12,1502.6626,-1.3084732,2.074386,-1.3220319,-5.3946433,-78.93943711919961,-72.82532658150275,1560.0,20000000000.0,21000000000.0,0.3,0.4,0.0,1.229,8.643,4.321,4e-26,60.0,0.0211,0.0761,0.005,2000,5,1024
368,-7.0136856e-12,1502.5122,-1.2996658,2.131691,-1.0110056,-5.6422067,-74.6647550622432,-68.3631855288636,1560.0,20000000000.0,21000000000.0,0.3,0.4,0.0,1.229,8.643,4.321,4e-26,60.0,0.0211,0.0761,0.005,2000,5,1024
369,-6.96481e-12,1502.3617,-1.287953,2.1765056,-0.7062173,-5.8944855,-80.46435666658493,-86.2244793747179,1560.0,20000000000.0,21000000000.0,0.3,0.4,0.0,1.229,8.643,4.321,4e-26,60.0,0.0211,0.0761,0.005,2000,5,1024
370,-6.915934e-12,1502.2113,-1.2768506,2.2097127,-0.40695903,-6.1499705,-74.03527920948056,-65.71777265020779,1560.0,20000000000.0,21000000000.0,0.3,0.4,0.0,1.229,8.643,4.321,4e-26,60.0,0.0211,0.0761,0.005,2000,5,1024
371,-6.867058e-12,1502.0609,-1.2639245,2.229517,-0.11174622,-6.405979,-81.96642592559712,-75.78417757935567,1560.0,20000000000.0,21000000000.0,0.3,0.4,0.0,1.229,8.643,4.321,4e-26,60.0,0.0211,0.0761,0.005,2000,5,1024
372,-6.8181823e-12,1501.9105,-1.2518755,2.2371686,0.17489325,-6.6643133,-75.89645080835965,-64.11683185034423,1560.0,20000000000.0,21000000000.0,0.3,0.4,0.0,1.229,8.643,4.321,4e-26,60.0,0.0211,0.0761,0.005,2000,5,1024
373,-6.7693065e-12,1501.7601,-1.2393632,2.2319884,0.45876712,-6.917671,-74.28464582620465,-73.15644774434341,1560.0,20000000000.0,21000000000.0,0.3,0.4,0.0,1.229,8.643,4.321,4e-26,60.0,0.0211,0.0761,0.005,2000,5,1024
374,-6.7204306e-12,1501.6099,-1.2289902,2.2153387,0.73465335,-7.17132,-82.34425522835826,-83.55472144532128,1560.0,20000000000.0,21000000000.0,0.3,0.4,0.0,1.229,8.643,4.321,4e-26,60.0,0.0211,0.0761,0.005,2000,5,1024
375,-6.671555e-12,1501.4597,-1.2196562,2.1868484,1.0095031,-7.4160857,-74.6316652648042,-71.63492778961546,1560.0,20000000000.0,21000000000.0,0.3,0.4,0.0,1.229,8.643,4.321,4e-26,60.0,0.0211,0.0761,0.005,2000,5,1024
376,-6.622679e-12,1501.3094,-1.2136621,2.147661,1.2782584,-7.65731,-83.35538730852772,-73.59180843164236,1560.0,20000000000.0,21000000000.0,0.3,0.4,0.0,1.229,8.643,4.321,4e-26,60.0,0.0211,0.0761,0.005,2000,5,1024
377,-6.573803e-12,1501.1593,-1.2108334,2.098416,1.548385,-7.886036,-80.11818804891672,-84.83905025851672,1560.0,20000000000.0,21000000000.0,0.3,0.4,0.0,1.229,8.643,4.321,4e-26,60.0,0.0211,0.0761,0.005,2000,5,1024
378,-6.5249273e-12,1501.0092,-1.2111915,2.0394087,1.814493,-8.108481,-81.85393813083456,-83.00620878353021,1560.0,20000000000.0,21000000000.0,0.3,0.4,0.0,1.229,8.643,4.321,4e-26,60.0,0.0211,0.0761,0.005,2000,5,1024
379,-6.4760515e-12,1500.859,-1.2168716,1.9722829,2.0838876,-8.316226,-90.28326123773718,-78.31178054717812,1560.0,20000000000.0,21000000000.0,0.3,0.4,0.0,1.229,8.643,4.321,4e-26,60.0,0.0211,0.0761,0.005,2000,5,1024
380,-6.4271756e-12,1500.7087,-1.2257274,1.8963711,2.3522274,-8.513574,-77.09522266382206,-77.98528584546173,1560.0,20000000000.0,21000000000.0,0.3,0.4,0.0,1.229,8.643,4.321,4e-26,60.0,0.0211,0.0761,0.005,2000,5,1024
381,-6.3783e-12,1500.5587,-1.2405107,1.8142257,2.6234853,-8.696558,-81.23210873280057,-74.62338683984856,1560.0,20000000000.0,21000000000.0,0.3,0.4,0.0,1.229,8.643,4.321,4e-26,60.0,0.0211,0.0761,0.005,2000,5,1024
382,-6.329424e-12,1500.4087,-1.2586408,1.7246673,2.8973582,-8.866516,-81.88177591206598,-78.83813393828264,1560.0,20000000000.0,21000000000.0,0.3,0.4,0.0,1.229,8.643,4.321,4e-26,60.0,0.0211,0.0761,0.005,2000,5,1024
383,-6.280548e-12,1500.2585,-1.2829174,1.6300592,3.1724658,-9.024008,-92.67914625395761,-80.82674211375947,1560.0,20000000000.0,21000000000.0,0.3,0.4,0.0,1.229,8.643,4.321,4e-26,60.0,0.0211,0.0761,0.005,2000,5,1024
384,-6.2316723e-12,1500.1086,-1.3103671,1.5289342,3.4513054,-9.166736,-86.42057723423477,-85.12631655079528,1560.0,20000000000.0,21000000000.0,0.3,0.4,0.0,1.229,8.643,4.321,4e-26,60.0,0.0211,0.0761,0.005,2000,5,1024
385,-6.1827956e-12,1499.9586,-1.3436189,1.4240757,3.7289727,-9.300258,-74.94616067520917,-71.0203479555834,1560.0,20000000000.0,21000000000.0,0.3,0.4,0.0,1.229,8.643,4.321,4e-26,60.0,0.0211,0.0761,0.005,2000,5,1024
386,-6.1339198e-12,1499.8087,-1.3798885,1.3140144,4.008901,-9.419927,-84.89617517346362,-76.1508115758049,1560.0,20000000000.0,21000000000.0,0.3,0.4,0.0,1.229,8.643,4.321,4e-26,60.0,0.0211,0.0761,0.005,2000,5,1024
387,-6.085044e-12,1499.6588,-1.4217755,1.2011292,4.2838087,-9.532953,-75.17603411438682,-75.42201943773874,1560.0,20000000000.0,21000000000.0,0.3,0.4,0.0,1.229,8.643,4.321,4e-26,60.0,0.0211,0.0761,0.005,2000,5,1024
388,-6.036168e-12,1499.5089,-1.4672635,1.0847745,4.55702,-9.6340475,-74.49346623645013,-72.06789436758292,1560.0,20000000000.0,21000000000.0,0.3,0.4,0.0,1.229,8.643,4.321,4e-26,60.0,0.0211,0.0761,0.005,2000,5,1024
389,-5.9872923e-12,1499.3593,-1.5168196,0.9664496,4.82087,-9.732512,-83.73285460159737,-72.70348320351899,1560.0,20000000000.0,21000000000.0,0.3,0.4,0.0,1.229,8.643,4.321,4e-26,60.0,0.0211,0.0761,0.005,2000,5,1024
390,-5.9384164e-12,1499.2094,-1.5711097,0.8468262,5.077897,-9.821851,-75.03276107752997,-66.57536986091378,1560.0,20000000000.0,21000000000.0,0.3,0.4,0.0,1.229,8.643,4.321,4e-26,60.0,0.0211,0.0761,0.005,2000,5,1024
391,-5.8895406e-12,1499.0596,-1.6290739,0.72601444,5.320104,-9.910051,-90.23172972133587,-73.53398795611633,1560.0,20000000000.0,21000000000.0,0.3,0.4,0.0,1.229,8.643,4.321,4e-26,60.0,0.0211,0.0761,0.005,2000,5,1024
392,-5.8406648e-12,1498.9098,-1.6921684,0.60609215,5.548288,-9.9927225,-74.73294036537484,-70.82787635515088,1560.0,20000000000.0,21000000000.0,0.3,0.4,0.0,1.229,8.643,4.321,4e-26,60.0,0.0211,0.0761,0.005,2000,5,1024
393,-5.7917894e-12,1498.76,-1.7581527,0.48639396,5.7570624,-10.074612,-82.05062332777058,-74.52832917886668,1560.0,20000000000.0,21000000000.0,0.3,0.4,0.0,1.229,8.643,4.321,4e-26,60.0,0.0211,0.0761,0.005,2000,5,1024
394,-5.7429135e-12,1498.6104,-1.8299768,0.36978146,5.9451923,-10.153721,-94.12634743201738,-87.0911387669318,1560.0,20000000000.0,21000000000.0,0.3,0.4,0.0,1.229,8.643,4.321,4e-26,60.0,0.0211,0.0761,0.005,2000,5,1024
395,-5.6940377e-12,1498.4607,-1.9040962,0.2545536,6.1095448,-10.230545,-74.88168346042963,-78.88080257919668,1560.0,20000000000.0,21000000000.0,0.3,0.4,0.0,1.229,8.643,4.321,4e-26,60.0,0.0211,0.0761,0.005,2000,5,1024
396,-5.645162e-12,1498.311,-1.9837227,0.14430885,6.2474427,-10.304936,-88.006241254079,-84.82063661066483,1560.0,20000000000.0,21000000000.0,0.3,0.4,0.0,1.229,8.643,4.321,4e-26,60.0,0.0211,0.0761,0.005,2000,5,1024
397,-5.596286e-12,1498.1614,-2.065335,0.037266742,6.3586874,-10.375073,-79.12080829408453,-76.0798826628705,1560.0,20000000000.0,21000000000.0,0.3,0.4,0.0,1.229,8.643,4.321,4e-26,60.0,0.0211,0.0761,0.005,2000,5,1024
398,-5.54741e-12,1498.0118,-2.1510696,-0.06411785,6.439438,-10.442381,-72.43502912852486,-76.22065154291636,1560.0,20000000000.0,21000000000.0,0.3,0.4,0.0,1.229,8.643,4.321,4e-26,60.0,0.0211,0.0761,0.005,2000,5,1024
399,-5.4985344e-12,1497.8623,-2.238919,-0.16079108,6.4912057,-10.501114,-80.17881998856501,-80.38161238482337,1560.0,20000000000.0,21000000000.0,0.3,0.4,0.0,1.229,8.643,4.321,4e-26,60.0,0.0211,0.0761,0.005,2000,5,1024
400,-5.4496585e-12,1497.7128,-2.3292375,-0.25163776,6.5107207,-10.555523,-80.11997867390829,-77.96154666132792,1560.0,20000000000.0,21000000000.0,0.3,0.4,0.0,1.229,8.643,4.321,4e-26,60.0,0.0211,0.0761,0.005,2000,5,1024
401,-5.4007827e-12,1497.5632,-2.4208472,-0.33702123,6.501339,-10.597233,-90.32571747574733,-73.74412201510614,1560.0,20000000000.0,21000000000.0,0.3,0.4,0.0,1.229,8.643,4.321,4e-26,60.0,0.0211,0.0761,0.005,2000,5,1024
402,-5.351907e-12,1497.4138,-2.5129905,-0.41761312,6.458936,-10.632362,-81.89483390582795,-78.54930058920709,1560.0,20000000000.0,21000000000.0,0.3,0.4,0.0,1.229,8.643,4.321,4e-26,60.0,0.0211,0.0761,0.005,2000,5,1024
403,-5.303031e-12,1497.2645,-2.6058414,-0.49232656,6.3889728,-10.651723,-74.21358891919895,-78.80562930678566,1560.0,20000000000.0,21000000000.0,0.3,0.4,0.0,1.229,8.643,4.321,4e-26,60.0,0.0211,0.0761,0.005,2000,5,1024
404,-5.254155e-12,1497.1151,-2.6969814,-0.56395596,6.287852,-10.660932,-78.04364678078572,-75.52045221169885,1560.0,20000000000.0,21000000000.0,0.3,0.4,0.0,1.229,8.643,4.321,4e-26,60.0,0.0211,0.0761,0.005,2000,5,1024
405,-5.2052793e-12,1496.9657,-2.7879276,-0.6309529,6.160615,-10.653011,-79.98126585516741,-72.66754787142682,1560.0,20000000000.0,21000000000.0,0.3,0.4,0.0,1.229,8.643,4.321,4e-26,60.0,0.0211,0.0761,0.005,2000,5,1024
406,-5.1564035e-12,1496.8164,-2.8758404,-0.6967927,6.0065255,-10.631534,-84.75145045992991,-72.29764466298175,1560.0,20000000000.0,21000000000.0,0.3,0.4,0.0,1.229,8.643,4.321,4e-26,60.0,0.0211,0.0761,0.005,2000,5,1024
407,-5.1075277e-12,1496.6671,-2.962455,-0.7595338,5.828374,-10.593016,-80.38353516950562,-69.27934415809446,1560.0,20000000000.0,21000000000.0,0.3,0.4,0.0,1.229,8.643,4.321,4e-26,60.0,0.0211,0.0761,0.005,2000,5,1024
408,-5.058652e-12,1496.5178,-3.0448632,-0.8234311,5.627388,-10.538491,-75.87911885723923,-68.19688048283058,1560.0,20000000000.0,21000000000.0,0.3,0.4,0.0,1.229,8.643,4.321,4e-26,60.0,0.0211,0.0761,0.005,2000,5,1024
409,-5.009776e-12,1496.3685,-3.1249626,-0.8865324,5.405093,-10.467896,-83.91252212578912,-80.48005676560736,1560.0,20000000000.0,21000000000.0,0.3,0.4,0.0,1.229,8.643,4.321,4e-26,60.0,0.0211,0.0761,0.005,2000,5,1024
410,-4.9609e-12,1496.2192,-3.2005553,-0.9520392,5.1652513,-10.37892,-76.47572950649749,-72.22604710862174,1560.0,20000000000.0,21000000000.0,0.3,0.4,0.0,1.229,8.643,4.321,4e-26,60.0,0.0211,0.0761,0.005,2000,5,1024
411,-4.9120243e-12,1496.0701,-3.2726443,-1.0193561,4.9068904,-10.275453,-79.74148842874453,-77.33357178458564,1560.0,20000000000.0,21000000000.0,0.3,0.4,0.0,1.229,8.643,4.321,4e-26,60.0,0.0211,0.0761,0.005,2000,5,1024
412,-4.8631485e-12,1495.921,-3.3402755,-1.0896302,4.6365156,-10.153575,-78.42936720508591,-72.34399653650641,1560.0,20000000000.0,21000000000.0,0.3,0.4,0.0,1.229,8.643,4.321,4e-26,60.0,0.0211,0.0761,0.005,2000,5,1024
413,-4.8142727e-12,1495.7719,-3.4041178,-1.1625339,4.350548,-10.019379,-88.29712312022136,-88.73132368028146,1560.0,20000000000.0,21000000000.0,0.3,0.4,0.0,1.229,8.643,4.321,4e-26,60.0,0.0211,0.0761,0.005,2000,5,1024
414,-4.765397e-12,1495.6227,-3.464156,-1.2388636,4.0577917,-9.865951,-77.08218769826813,-72.4627681967329,1560.0,20000000000.0,21000000000.0,0.3,0.4,0.0,1.229,8.643,4.321,4e-26,60.0,0.0211,0.0761,0.005,2000,5,1024
415,-4.716521e-12,1495.4736,-3.5198119,-1.3177919,3.7530077,-9.701435,-73.74695435457727,-67.11724760281584,1560.0,20000000000.0,21000000000.0,0.3,0.4,0.0,1.229,8.643,4.321,4e-26,60.0,0.0211,0.0761,0.005,2000,5,1024
416,-4.667645e-12,1495.3246,-3.5726554,-1.3984408,3.4446847,-9.519593,-80.70933923421453,-72.7590270233094,1560.0,20000000000.0,21000000000.0,0.3,0.4,0.0,1.229,8.643,4.321,4e-26,60.0,0.0211,0.0761,0.005,2000,5,1024
417,-4.618768e-12,1495.1755,-3.6211329,-1.4811373,3.1300488,-9.32728,-77.20917704204909,-70.99129902492363,1560.0,20000000000.0,21000000000.0,0.3,0.4,0.0,1.229,8.643,4.321,4e-26,60.0,0.0211,0.0761,0.005,2000,5,1024
418,-4.569892e-12,1495.0267,-3.6674533,-1.5630049,2.8153107,-9.119568,-90.37838579718996,-72.35337745038677,1560.0,20000000000.0,21000000000.0,0.3,0.4,0.0,1.229,8.643,4.321,4e-26,60.0,0.0211,0.0761,0.005,2000,5,1024
419,-4.5210164e-12,1494.8778,-3.709958,-1.6451166,2.4987557,-8.901425,-80.54727776914723,-77.37017166570715,1560.0,20000000000.0,21000000000.0,0.3,0.4,0.0,1.229,8.643,4.321,4e-26,60.0,0.0211,0.0761,0.005,2000,5,1024
420,-4.4721405e-12,1494.7289,-3.7505026,-1.7237935,2.1847782,-8.671481,-86.86667478659885,-78.89113430925144,1560.0,20000000000.0,21000000000.0,0.3,0.4,0.0,1.229,8.643,4.321,4e-26,60.0,0.0211,0.0761,0.005,2000,5,1024
421,-4.4232647e-12,1494.58,-3.7878556,-1.7997521,1.8750868,-8.43026,-88.56163259444205,-98.63529274860173,1560.0,20000000000.0,21000000000.0,0.3,0.4,0.0,1.229,8.643,4.321,4e-26,60.0,0.0211,0.0761,0.005,2000,5,1024
422,-4.374389e-12,1494.431,-3.8236156,-1.8701735,1.5685782,-8.181446,-88.0617303713717,-82.58312170016288,1560.0,20000000000.0,21000000000.0,0.3,0.4,0.0,1.229,8.643,4.321,4e-26,60.0,0.0211,0.0761,0.005,2000,5,1024
423,-4.325513e-12,1494.2822,-3.8562179,-1.9346343,1.2715294,-7.9208245,-83.88839739635725,-81.24767817313833,1560.0,20000000000.0,21000000000.0,0.3,0.4,0.0,1.229,8.643,4.321,4e-26,60.0,0.0211,0.0761,0.005,2000,5,1024
424,-4.276637e-12,1494.1333,-3.8866532,-1.9913836,0.9792999,-7.6566687,-89.01141040183104,-75.88462397222558,1560.0,20000000000.0,21000000000.0,0.3,0.4,0.0,1.229,8.643,4.321,4e-26,60.0,0.0211,0.0761,0.005,2000,5,1024
425,-4.2277614e-12,1493.9845,-3.9138727,-2.0397813,0.69907904,-7.3826323,-78.25819659586358,-71.96432874436466,1560.0,20000000000.0,21000000000.0,0.3,0.4,0.0,1.229,8.643,4.321,4e-26,60.0,0.0211,0.0761,0.005,2000,5,1024
426,-4.1788855e-12,1493.8358,-3.938042,-2.0788646,0.42466596,-7.1073046,-75.22173866094464,-78.30416456170978,1560.0,20000000000.0,21000000000.0,0.3,0.4,0.0,1.229,8.643,4.321,4e-26,60.0,0.0211,0.0761,0.005,2000,5,1024
427,-4.1300097e-12,1493.6871,-3.9589305,-2.107576,0.16347018,-6.8252683,-78.01439284311724,-72.73972713976754,1560.0,20000000000.0,21000000000.0,0.3,0.4,0.0,1.229,8.643,4.321,4e-26,60.0,0.0211,0.0761,0.005,2000,5,1024
428,-4.081134e-12,1493.5385,-3.9753084,-2.1265826,-0.09236556,-6.5447392,-88.83228695185659,-69.25044937678538,1560.0,20000000000.0,21000000000.0,0.3,0.4,0.0,1.229,8.643,4.321,4e-26,60.0,0.0211,0.0761,0.005,2000,5,1024
429,-4.032258e-12,1493.3898,-3.9876382,-2.1345544,-0.33577082,-6.2609034,-80.72417874995664,-77.16397109561163,1560.0,20000000000.0,21000000000.0,0.3,0.4,0.0,1.229,8.643,4.321,4e-26,60.0,0.0211,0.0761,0.005,2000,5,1024
430,-3.983382e-12,1493.2411,-3.9942765,-2.1331468,-0.5745852,-5.9812546,-85.76762937468527,-72.05362522666603,1560.0,20000000000.0,21000000000.0,0.3,0.4,0.0,1.229,8.643,4.321,4e-26,60.0,0.0211,0.0761,0.005,2000,5,1024
431,-3.9345064e-12,1493.0927,-3.9962366,-2.1207108,-0.805402,-5.7031937,-91.74184302979248,-75.65030257012953,1560.0,20000000000.0,21000000000.0,0.3,0.4,0.0,1.229,8.643,4.321,4e-26,60.0,0.0211,0.0761,0.005,2000,5,1024
432,-3.8856305e-12,1492.9441,-3.9913666,-2.0998137,-1.0321642,-5.4303803,-89.49359724468269,-71.43839735082155,1560.0,20000000000.0,21000000000.0,0.3,0.4,0.0,1.229,8.643,4.321,4e-26,60.0,0.0211,0.0761,0.005,2000,5,1024
433,-3.8367547e-12,1492.7955,-3.981009,-2.0690439,-1.2575619,-5.1647897,-76.37040767903231,-70.68966313783888,1560.0,20000000000.0,21000000000.0,0.3,0.4,0.0,1.229,8.643,4.321,4e-26,60.0,0.0211,0.0761,0.005,2000,5,1024
434,-3.787879e-12,1492.647,-3.9631448,-2.0307214,-1.4802977,-4.904908,-74.42965852366748,-69.64184227678659,1560.0,20000000000.0,21000000000.0,0.3,0.4,0.0,1.229,8.643,4.321,4e-26,60.0,0.0211,0.0761,0.005,2000,5,1024
435,-3.739003e-12,1492.4985,-3.9395292,-1.9843733,-1.7083002,-4.6574697,-73.78425788312944,-67.07912916591405,1560.0,20000000000.0,21000000000.0,0.3,0.4,0.0,1.229,8.643,4.321,4e-26,60.0,0.0211,0.0761,0.005,2000,5,1024
436,-3.690127e-12,1492.3501,-3.9085407,-1.9320283,-1.9365062,-4.4173536,-84.05063507554759,-77.91500967008182,1560.0,20000000000.0,21000000000.0,0.3,0.4,0.0,1.229,8.643,4.321,4e-26,60.0,0.0211,0.0761,0.005,2000,5,1024
437,-3.6412514e-12,1492.2017,-3.8716507,-1.8730181,-2.1729796,-4.192718,-85.79356735438616,-73.17253077640393,1560.0,20000000000.0,21000000000.0,0.3,0.4,0.0,1.229,8.643,4.321,4e-26,60.0,0.0211,0.0761,0.005,2000,5,1024
438,-3.5923757e-12,1492.0532,-3.8282723,-1.8089371,-2.4142118,-3.9771178,-109.01659722181122,-78.20518498916812,1560.0,20000000000.0,21000000000.0,0.3,0.4,0.0,1.229,8.643,4.321,4e-26,60.0,0.0211,0.0761,0.005,2000,5,1024
439,-3.5435e-12,1491.9049,-3.779076,-1.7401508,-2.6659663,-3.7785647,-76.53191662429799,-77.21276864210265,1560.0,20000000000.0,21000000000.0,0.3,0.4,0.0,1.229,8.643,4.321,4e-26,60.0,0.0211,0.0761,0.005,2000,5,1024
440,-3.494624e-12,1491.7565,-3.7247128,-1.6669303,-2.9226575,-3.5903275,-73.99040322041216,-83.03762120285703,1560.0,20000000000.0,21000000000.0,0.3,0.4,0.0,1.229,8.643,4.321,4e-26,60.0,0.0211,0.0761,0.005,2000,5,1024
441,-3.4457482e-12,1491.6083,-3.6647933,-1.5906668,-3.1906161,-3.4189937,-91.54556142925485,-74.73803199473018,1560.0,20000000000.0,21000000000.0,0.3,0.4,0.0,1.229,8.643,4.321,4e-26,60.0,0.0211,0.0761,0.005,2000,5,1024
442,-3.3968724e-12,1491.46,-3.6012516,-1.510454,-3.4630308,-3.2601967,-80.01412587791505,-83.6045975446846,1560.0,20000000000.0,21000000000.0,0.3,0.4,0.0,1.229,8.643,4.321,4e-26,60.0,0.0211,0.0761,0.005,2000,5,1024
443,-3.3479966e-12,1491.3118,-3.5324256,-1.4283608,-3.742312,-3.1162708,-74.9414082386912,-71.70333960608168,1560.0,20000000000.0,21000000000.0,0.3,0.4,0.0,1.229,8.643,4.321,4e-26,60.0,0.0211,0.0761,0.005,2000,5,1024
444,-3.2991207e-12,1491.1636,-3.4611683,-1.3427485,-4.0243196,-2.9859111,-85.66607108129801,-82.32828248944877,1560.0,20000000000.0,21000000000.0,0.3,0.4,0.0,1.229,8.643,4.321,4e-26,60.0,0.0211,0.0761,0.005,2000,5,1024
445,-3.250245e-12,1491.0153,-3.3853064,-1.2563128,-4.3066697,-2.8680215,-83.85476718618143,-77.34816320808264,1560.0,20000000000.0,21000000000.0,0.3,0.4,0.0,1.229,8.643,4.321,4e-26,60.0,0.0211,0.0761,0.005,2000,5,1024
446,-3.201369e-12,1490.8672,-3.3080287,-1.166942,-4.587799,-2.7637348,-76.86385253775532,-78.57867385780554,1560.0,20000000000.0,21000000000.0,0.3,0.4,0.0,1.229,8.643,4.321,4e-26,60.0,0.0211,0.0761,0.005,2000,5,1024
447,-3.1524932e-12,1490.7191,-3.2267377,-1.0770303,-4.861054,-2.669494,-79.42414142606523,-81.70223844066959,1560.0,20000000000.0,21000000000.0,0.3,0.4,0.0,1.229,8.643,4.321,4e-26,60.0,0.0211,0.0761,0.005,2000,5,1024
448,-3.1036174e-12,1490.571,-3.1442497,-0.98528904,-5.1263666,-2.5886717,-90.1185865684868,-73.68361103401782,1560.0,20000000000.0,21000000000.0,0.3,0.4,0.0,1.229,8.643,4.321,4e-26,60.0,0.0211,0.0761,0.005,2000,5,1024
449,-3.0547416e-12,1490.423,-3.0589368,-0.89353716,-5.3760805,-2.5149505,-72.28524233490313,-65.05919539956761,1560.0,20000000000.0,21000000000.0,0.3,0.4,0.0,1.229,8.643,4.321,4e-26,60.0,0.0211,0.0761,0.005,2000,5,1024
450,-3.0058657e-12,1490.2749,-2.9719565,-0.8010681,-5.610721,-2.4542644,-73.11682524992021,-71.86949305200972,1560.0,20000000000.0,21000000000.0,0.3,0.4,0.0,1.229,8.643,4.321,4e-26,60.0,0.0211,0.0761,0.005,2000,5,1024
451,-2.95699e-12,1490.127,-2.883224,-0.7090204,-5.822347,-2.3983953,-75.27461917159967,-71.88195747252094,1560.0,20000000000.0,21000000000.0,0.3,0.4,0.0,1.229,8.643,4.321,4e-26,60.0,0.0211,0.0761,0.005,2000,5,1024
452,-2.9081143e-12,1489.9789,-2.7928903,-0.6177394,-6.012271,-2.3550076,-71.39476654971803,-61.205840700096104,1560.0,20000000000.0,21000000000.0,0.3,0.4,0.0,1.229,8.643,4.321,4e-26,60.0,0.0211,0.0761,0.005,2000,5,1024
453,-2.8592385e-12,1489.8309,-2.7019567,-0.526676,-6.1740203,-2.3162847,-59.31077881668621,-49.161745577625894,1560.0,20000000000.0,21000000000.0,0.3,0.4,0.0,1.229,8.643,4.321,4e-26,60.0,0.0211,0.0761,0.005,2000,5,1024
454,-2.8103626e-12,1489.6831,-2.609045,-0.4378499,-6.3083286,-2.287708,-78.37763408735299,-65.79346482335242,1560.0,20000000000.0,21000000000.0,0.3,0.4,0.0,1.229,8.643,4.321,4e-26,60.0,0.0211,0.0761,0.005,2000,5,1024
455,-2.7614868e-12,1489.5352,-2.5170455,-0.34912285,-6.4110527,-2.2655325,-71.04289224561674,-64.54400790342456,1560.0,20000000000.0,21000000000.0,0.3,0.4,0.0,1.229,8.643,4.321,4e-26,60.0,0.0211,0.0761,0.005,2000,5,1024
456,-2.712611e-12,1489.3873,-2.4237154,-0.26326007,-6.483603,-2.2524452,-78.97638432308794,-76.29630511660338,1560.0,20000000000.0,21000000000.0,0.3,0.4,0.0,1.229,8.643,4.321,4e-26,60.0,0.0211,0.0761,0.005,2000,5,1024
457,-2.6637351e-12,1489.2395,-2.3320694,-0.17760298,-6.523676,-2.2470815,-82.91957052222546,-79.67597237088107,1560.0,20000000000.0,21000000000.0,0.3,0.4,0.0,1.229,8.643,4.321,4e-26,60.0,0.0211,0.0761,0.005,2000,5,1024
458,-2.6148593e-12,1489.0917,-2.2403119,-0.09432441,-6.5320544,-2.250502,-73.0260647946446,-70.6394586237742,1560.0,20000000000.0,21000000000.0,0.3,0.4,0.0,1.229,8.643,4.321,4e-26,60.0,0.0211,0.0761,0.005,2000,5,1024
459,-2.5659835e-12,1488.9438,-2.1512644,-0.011203499,-6.509573,-2.2651496,-83.79755754787399,-79.86055164680249,1560.0,20000000000.0,21000000000.0,0.3,0.4,0.0,1.229,8.643,4.321,4e-26,60.0,0.0211,0.0761,0.005,2000,5,1024
460,-2.5171076e-12,1488.7963,-2.0635235,0.0707917,-6.456217,-2.2876706,-81.40308480684062,-75.71870326790851,1560.0,20000000000.0,21000000000.0,0.3,0.4,0.0,1.229,8.643,4.321,4e-26,60.0,0.0211,0.0761,0.005,2000,5,1024
461,-2.4682318e-12,1488.6486,-1.9795187,0.15326907,-6.375378,-2.3240209,-76.10734955161412,-77.37897118651787,1560.0,20000000000.0,21000000000.0,0.3,0.4,0.0,1.229,8.643,4.321,4e-26,60.0,0.0211,0.0761,0.005,2000,5,1024
462,-2.419356e-12,1488.5009,-1.899055,0.23651654,-6.2649536,-2.3685372,-64.15992380796864,-77.99838706248215,1560.0,20000000000.0,21000000000.0,0.3,0.4,0.0,1.229,8.643,4.321,4e-26,60.0,0.0211,0.0761,0.005,2000,5,1024
463,-2.3704801e-12,1488.3531,-1.8227872,0.32122862,-6.1317887,-2.4291983,-84.97854438922646,-83.40922459000384,1560.0,20000000000.0,21000000000.0,0.3,0.4,0.0,1.229,8.643,4.321,4e-26,60.0,0.0211,0.0761,0.005,2000,5,1024
464,-2.3216043e-12,1488.2054,-1.7517666,0.408337,-5.9716787,-2.4981496,-78.61292300286664,-73.59773664687765,1560.0,20000000000.0,21000000000.0,0.3,0.4,0.0,1.229,8.643,4.321,4e-26,60.0,0.0211,0.0761,0.005,2000,5,1024
465,-2.2727284e-12,1488.058,-1.6854773,0.49787748,-5.7924237,-2.5837414,-82.11047363559949,-80.61781499853669,1560.0,20000000000.0,21000000000.0,0.3,0.4,0.0,1.229,8.643,4.321,4e-26,60.0,0.0211,0.0761,0.005,2000,5,1024
466,-2.2238526e-12,1487.9104,-1.6259674,0.5913916,-5.590681,-2.6791773,-75.14459299919635,-76.73066357359087,1560.0,20000000000.0,21000000000.0,0.3,0.4,0.0,1.229,8.643,4.321,4e-26,60.0,0.0211,0.0761,0.005,2000,5,1024
467,-2.1749768e-12,1487.7628,-1.5718054,0.6876265,-5.3723135,-2.7901933,-80.2213848026404,-75.74406464465638,1560.0,20000000000.0,21000000000.0,0.3,0.4,0.0,1.229,8.643,4.321,4e-26,60.0,0.0211,0.0761,0.005,2000,5,1024
468,-2.126101e-12,1487.6154,-1.5252879,0.7890229,-5.1363053,-2.9118526,-79.82438118088167,-74.27181946256422,1560.0,20000000000.0,21000000000.0,0.3,0.4,0.0,1.229,8.643,4.321,4e-26,60.0,0.0211,0.0761,0.005,2000,5,1024
469,-2.0772251e-12,1487.4678,-1.483521,0.8928691,-4.8858533,-3.0465791,-91.8618936882828,-73.40235761835821,1560.0,20000000000.0,21000000000.0,0.3,0.4,0.0,1.229,8.643,4.321,4e-26,60.0,0.0211,0.0761,0.005,2000,5,1024
470,-2.0283486e-12,1487.3203,-1.4493903,1.0009503,-4.6218376,-3.1937594,-72.28549123843494,-62.27734043681872,1560.0,20000000000.0,21000000000.0,0.3,0.4,0.0,1.229,8.643,4.321,4e-26,60.0,0.0211,0.0761,0.005,2000,5,1024
471,-1.9794728e-12,1487.173,-1.4200956,1.110907,-4.3452516,-3.3511128,-44.54856775727177,-35.01468740075623,1560.0,20000000000.0,21000000000.0,0.3,0.4,0.0,1.229,8.643,4.321,4e-26,60.0,0.0211,0.0761,0.005,2000,5,1024
472,-1.930597e-12,1487.0255,-1.3972842,1.2234366,-4.0591598,-3.5213835,-65.57827992370903,-54.166753673787426,1560.0,20000000000.0,21000000000.0,0.3,0.4,0.0,1.229,8.643,4.321,4e-26,60.0,0.0211,0.0761,0.005,2000,5,1024
473,-1.8817211e-12,1486.8782,-1.3781509,1.3359174,-3.7621393,-3.6990204,-68.0640306356859,-57.56483184145253,1560.0,20000000000.0,21000000000.0,0.3,0.4,0.0,1.229,8.643,4.321,4e-26,60.0,0.0211,0.0761,0.005,2000,5,1024
474,-1.8328453e-12,1486.731,-1.3640978,1.4479897,-3.459954,-3.890147,-79.86551778139705,-65.16338868278535,1560.0,20000000000.0,21000000000.0,0.3,0.4,0.0,1.229,8.643,4.321,4e-26,60.0,0.0211,0.0761,0.005,2000,5,1024
475,-1.7839695e-12,1486.5836,-1.3525347,1.5580441,-3.1486394,-4.0871487,-74.41056056201523,-84.94129529989976,1560.0,20000000000.0,21000000000.0,0.3,0.4,0.0,1.229,8.643,4.321,4e-26,60.0,0.0211,0.0761,0.005,2000,5,1024
476,-1.7350936e-12,1486.4364,-1.3435795,1.6641531,-2.8362973,-4.296333,-84.65603452023167,-71.5068101152071,1560.0,20000000000.0,21000000000.0,0.3,0.4,0.0,1.229,8.643,4.321,4e-26,60.0,0.0211,0.0761,0.005,2000,5,1024
477,-1.6862178e-12,1486.2891,-1.3365097,1.7653881,-2.5178704,-4.5105615,-75.96177348842858,-77.61085156477277,1560.0,20000000000.0,21000000000.0,0.3,0.4,0.0,1.229,8.643,4.321,4e-26,60.0,0.0211,0.0761,0.005,2000,5,1024
478,-1.637342e-12,1486.1418,-1.3292805,1.8595,-2.200986,-4.736233,-84.1156008659503,-84.4593992144564,1560.0,20000000000.0,21000000000.0,0.3,0.4,0.0,1.229,8.643,4.321,4e-26,60.0,0.0211,0.0761,0.005,2000,5,1024
479,-1.5884661e-12,1485.9948,-1.3229592,1.94574,-1.881297,-4.9661565,-79.01090087660967,-73.3868378772718,1560.0,20000000000.0,21000000000.0,0.3,0.4,0.0,1.229,8.643,4.321,4e-26,60.0,0.0211,0.0761,0.005,2000,5,1024
480,-1.5395888e-12,1485.8475,-1.3147864,2.0220172,-1.565876,-5.205256,-62.71442279183054,-62.948039255429535,1560.0,20000000000.0,21000000000.0,0.3,0.4,0.0,1.229,8.643,4.321,4e-26,60.0,0.0211,0.0761,0.005,2000,5,1024
481,-1.490713e-12,1485.7004,-1.3071254,2.0883486,-1.2521474,-5.4488907,-80.16315358702673,-80.58306076804969,1560.0,20000000000.0,21000000000.0,0.3,0.4,0.0,1.229,8.643,4.321,4e-26,60.0,0.0211,0.0761,0.005,2000,5,1024
482,-1.4418372e-12,1485.5533,-1.2964082,2.1424606,-0.9429657,-5.6976066,-83.7529400193792,-79.84352287813323,1560.0,20000000000.0,21000000000.0,0.3,0.4,0.0,1.229,8.643,4.321,4e-26,60.0,0.0211,0.0761,0.005,2000,5,1024
483,-1.3929614e-12,1485.4061,-1.2862009,2.1853898,-0.6396027,-5.9511275,-79.41413846203605,-73.32185396421866,1560.0,20000000000.0,21000000000.0,0.3,0.4,0.0,1.229,8.643,4.321,4e-26,60.0,0.0211,0.0761,0.005,2000,5,1024
484,-1.3440855e-12,1485.2592,-1.2735829,2.2148957,-0.33977234,-6.206157,-73.28368484360601,-86.62857927827909,1560.0,20000000000.0,21000000000.0,0.3,0.4,0.0,1.229,8.643,4.321,4e-26,60.0,0.0211,0.0761,0.005,2000,5,1024
485,-1.2952097e-12,1485.1122,-1.2617224,2.2325807,-0.048591763,-6.4648447,-75.67656866361716,-69.62939080153696,1560.0,20000000000.0,21000000000.0,0.3,0.4,0.0,1.229,8.643,4.321,4e-26,60.0,0.0211,0.0761,0.005,2000,5,1024
486,-1.2463339e-12,1484.9652,-1.2486656,2.237056,0.2398192,-6.7195244,-77.80030650964919,-72.5246826146681,1560.0,20000000000.0,21000000000.0,0.3,0.4,0.0,1.229,8.643,4.321,4e-26,60.0,0.0211,0.0761,0.005,2000,5,1024
487,-1.197458e-12,1484.8182,-1.23731,2.2295818,0.51899576,-6.9757185,-73.96003774676798,-74.11241467042962,1560.0,20000000000.0,21000000000.0,0.3,0.4,0.0,1.229,8.643,4.321,4e-26,60.0,0.0211,0.0761,0.005,2000,5,1024
488,-1.1485822e-12,1484.6713,-1.2264577,2.209915,0.7971989,-7.224674,-74.56209424682066,-85.01037363441884,1560.0,20000000000.0,21000000000.0,0.3,0.4,0.0,1.229,8.643,4.321,4e-26,60.0,0.0211,0.0761,0.005,2000,5,1024
489,-1.0997064e-12,1484.5245,-1.2179967,2.179037,1.0679886,-7.4713826,-67.01970478005981,-59.199636394334036,1560.0,20000000000.0,21000000000.0,0.3,0.4,0.0,1.229,8.643,4.321,4e-26,60.0,0.0211,0.0761,0.005,2000,5,1024
490,-1.0508306e-12,1484.3777,-1.2127961,2.1376767,1.3396747,-7.707774,-89.27576160137185,-79.68707227510686,1560.0,20000000000.0,21000000000.0,0.3,0.4,0.0,1.229,8.643,4.321,4e-26,60.0,0.0211,0.0761,0.005,2000,5,1024
491,-1.0019548e-12,1484.2308,-1.2103068,2.0858893,1.6064051,-7.9376783,-79.41112775174176,-73.7314603137279,1560.0,20000000000.0,21000000000.0,0.3,0.4,0.0,1.229,8.643,4.321,4e-26,60.0,0.0211,0.0761,0.005,2000,5,1024
492,-9.53079e-13,1484.084,-1.2126863,2.0255086,1.8751986,-8.154696,-84.35497875454404,-73.73305595763358,1560.0,20000000000.0,21000000000.0,0.3,0.4,0.0,1.229,8.643,4.321,4e-26,60.0,0.0211,0.0761,0.005,2000,5,1024
493,-9.0420314e-13,1483.9371,-1.2178568,1.9557406,2.142751,-8.361729,-73.37460025448087,-76.26859608860013,1560.0,20000000000.0,21000000000.0,0.3,0.4,0.0,1.229,8.643,4.321,4e-26,60.0,0.0211,0.0761,0.005,2000,5,1024
494,-8.553273e-13,1483.7905,-1.2291214,1.8791137,2.4119747,-8.555192,-79.9130054646723,-72.8236476112994,1560.0,20000000000.0,21000000000.0,0.3,0.4,0.0,1.229,8.643,4.321,4e-26,60.0,0.0211,0.0761,0.005,2000,5,1024
495,-8.064515e-13,1483.6437,-1.2438155,1.7947837,2.6843371,-8.735265,-81.28270593688487,-75.66739806623144,1560.0,20000000000.0,21000000000.0,0.3,0.4,0.0,1.229,8.643,4.321,4e-26,60.0,0.0211,0.0761,0.005,2000,5,1024
496,-7.5757564e-13,1483.4971,-1.2641706,1.7044524,2.957767,-8.903213,-79.15593259049642,-71.92725991173903,1560.0,20000000000.0,21000000000.0,0.3,0.4,0.0,1.229,8.643,4.321,4e-26,60.0,0.0211,0.0761,0.005,2000,5,1024
497,-7.0869986e-13,1483.3502,-1.2882104,1.6076081,3.2354078,-9.056118,-77.1830961268416,-78.75977069802411,1560.0,20000000000.0,21000000000.0,0.3,0.4,0.0,1.229,8.643,4.321,4e-26,60.0,0.0211,0.0761,0.005,2000,5,1024
498,-6.5982403e-13,1483.2037,-1.3177222,1.5063674,3.5120108,-9.198612,-85.28289029246302,-73.56448831874297,1560.0,20000000000.0,21000000000.0,0.3,0.4,0.0,1.229,8.643,4.321,4e-26,60.0,0.0211,0.0761,0.005,2000,5,1024
499,-6.109482e-13,1483.0571,-1.3509529,1.3996766,3.7919106,-9.326627,-84.70957320130512,-77.50844273466836,1560.0,20000000000.0,21000000000.0,0.3,0.4,0.0,1.229,8.643,4.321,4e-26,60.0,0.0211,0.0761,0.005,2000,5,1024
500,-5.6207236e-13,1482.9105,-1.3890368,1.2891743,4.068928,-9.447237,-87.36019034542619,-83.03295587082604,1560.0,20000000000.0,21000000000.0,0.3,0.4,0.0,1.229,8.643,4.321,4e-26,60.0,0.0211,0.0761,0.005,2000,5,1024
501,-5.131966e-13,1482.7639,-1.4313906,1.1756266,4.345738,-9.55447,-73.99127075990911,-75.46552844713291,1560.0,20000000000.0,21000000000.0,0.3,0.4,0.0,1.229,8.643,4.321,4e-26,60.0,0.0211,0.0761,0.005,2000,5,1024
502,-4.6432075e-13,1482.6176,-1.477767,1.058609,4.615404,-9.65787,-90.78932778535966,-80.58740555416165,1560.0,20000000000.0,21000000000.0,0.3,0.4,0.0,1.229,8.643,4.321,4e-26,60.0,0.0211,0.0761,0.005,2000,5,1024
503,-4.1544491e-13,1482.4711,-1.5286281,0.9400737,4.8797355,-9.751523,-72.07129310840253,-78.91326856082603,1560.0,20000000000.0,21000000000.0,0.3,0.4,0.0,1.229,8.643,4.321,4e-26,60.0,0.0211,0.0761,0.005,2000,5,1024
504,-3.665691e-13,1482.3246,-1.5832847,0.81969815,5.131828,-9.843029,-76.68560099439547,-82.52183570590427,1560.0,20000000000.0,21000000000.0,0.3,0.4,0.0,1.229,8.643,4.321,4e-26,60.0,0.0211,0.0761,0.005,2000,5,1024
505,-3.1769327e-13,1482.1782,-1.6432418,0.6997604,5.3726053,-9.9277725,-74.77395686774423,-76.20646703158496,1560.0,20000000000.0,21000000000.0,0.3,0.4,0.0,1.229,8.643,4.321,4e-26,60.0,0.0211,0.0761,0.005,2000,5,1024
506,-2.6881747e-13,1482.0317,-1.706001,0.57884765,5.5959105,-10.011682,-81.33770119428057,-89.15376949275894,1560.0,20000000000.0,21000000000.0,0.3,0.4,0.0,1.229,8.643,4.321,4e-26,60.0,0.0211,0.0761,0.005,2000,5,1024
507,-2.1994163e-13,1481.8853,-1.7743353,0.46083713,5.8008204,-10.092494,-73.68581582614866,-85.80783624453709,1560.0,20000000000.0,21000000000.0,0.3,0.4,0.0,1.229,8.643,4.321,4e-26,60.0,0.0211,0.0761,0.005,2000,5,1024
508,-1.7106581e-13,1481.739,-1.8456903,0.343391,5.9839234,-10.170904,-74.13429540136129,-76.2072767057758,1560.0,20000000000.0,21000000000.0,0.3,0.4,0.0,1.229,8.643,4.321,4e-26,60.0,0.0211,0.0761,0.005,2000,5,1024
509,-1.2218999e-13,1481.5927,-1.9220212,0.23017395,6.1421304,-10.247752,-81.77366231049771,-74.56148818380649,1560.0,20000000000.0,21000000000.0,0.3,0.4,0.0,1.229,8.643,4.321,4e-26,60.0,0.0211,0.0761,0.005,2000,5,1024
510,-7.3314164e-14,1481.4464,-2.0011196,0.119847074,6.2754936,-10.320348,-83.51106617929193,-72.35431738270398,1560.0,20000000000.0,21000000000.0,0.3,0.4,0.0,1.229,8.643,4.321,4e-26,60.0,0.0211,0.0761,0.005,2000,5,1024
511,-2.4438344e-14,1481.3,-2.0843906,0.01457374,6.3788686,-10.391353,-83.28741174090054,-75.92665572432566,1560.0,20000000000.0,21000000000.0,0.3,0.4,0.0,1.229,8.643,4.321,4e-26,60.0,0.0211,0.0761,0.005,2000,5,1024
512,2.4437477e-14,1647.7123,-2.1702824,-0.08611476,6.4544535,-10.454395,-74.5720778038849,-80.78105540320459,1560.0,20000000000.0,21000000000.0,0.3,0.4,0.0,1.229,8.643,4.321,4e-26,60.0,0.0211,0.0761,0.005,2000,5,1024
513,7.33133e-14,1647.5315,-2.2588813,-0.18133081,6.4974957,-10.515247,-76.44037905320351,-70.41383063313404,1560.0,20000000000.0,21000000000.0,0.3,0.4,0.0,1.229,8.643,4.321,4e-26,60.0,0.0211,0.0761,0.005,2000,5,1024
514,1.2218912e-13,1647.3506,-2.3494878,-0.27111503,6.5119014,-10.564452,-76.81905504002607,-86.81660977066564,1560.0,20000000000.0,21000000000.0,0.3,0.4,0.0,1.229,8.643,4.321,4e-26,60.0,0.0211,0.0761,0.005,2000,5,1024
515,1.7106494e-13,1647.1697,-2.4411304,-0.35558048,6.4934525,-10.607802,-89.75009743560484,-81.55542376877995,1560.0,20000000000.0,21000000000.0,0.3,0.4,0.0,1.229,8.643,4.321,4e-26,60.0,0.0211,0.0761,0.005,2000,5,1024
516,2.1994076e-13,1646.9889,-2.533894,-0.43416572,6.446796,-10.636268,-82.69497440145707,-80.324408028849,1560.0,20000000000.0,21000000000.0,0.3,0.4,0.0,1.229,8.643,4.321,4e-26,60.0,0.0211,0.0761,0.005,2000,5,1024
517,2.688166e-13,1646.8081,-2.6259286,-0.50901914,6.3683553,-10.656051,-88.58554689487464,-89.59723848409394,1560.0,20000000000.0,21000000000.0,0.3,0.4,0.0,1.229,8.643,4.321,4e-26,60.0,0.0211,0.0761,0.005,2000,5,1024
518,3.176924e-13,1646.6274,-2.7177281,-0.57845896,6.2622747,-10.659884,-88.68182976455768,-73.89265072033625,1560.0,20000000000.0,21000000000.0,0.3,0.4,0.0,1.229,8.643,4.321,4e-26,60.0,0.0211,0.0761,0.005,2000,5,1024
519,3.6656824e-13,1646.4467,-2.8071036,-0.6459901,6.1286306,-10.650037,-82.6318551727848,-71.43967461316223,1560.0,20000000000.0,21000000000.0,0.3,0.4,0.0,1.229,8.643,4.321,4e-26,60.0,0.0211,0.0761,0.005,2000,5,1024
520,4.1544405e-13,1646.266,-2.8958833,-0.71035236,5.969113,-10.624413,-83.7005011647061,-81.83109056158791,1560.0,20000000000.0,21000000000.0,0.3,0.4,0.0,1.229,8.643,4.321,4e-26,60.0,0.0211,0.0761,0.005,2000,5,1024
521,4.643199e-13,1646.0853,-2.9807568,-0.7741436,5.7856503,-10.582081,-89.3637601790279,-78.8301763601674,1560.0,20000000000.0,21000000000.0,0.3,0.4,0.0,1.229,8.643,4.321,4e-26,60.0,0.0211,0.0761,0.005,2000,5,1024
522,5.131957e-13,1645.9048,-3.063322,-0.83710873,5.5792823,-10.524448,-88.9564129301917,-75.7799587734849,1560.0,20000000000.0,21000000000.0,0.3,0.4,0.0,1.229,8.643,4.321,4e-26,60.0,0.0211,0.0761,0.005,2000,5,1024
523,5.620715e-13,1645.7244,-3.1417947,-0.90122086,5.3542447,-10.448352,-87.10808241196713,-83.70674378228414,1560.0,20000000000.0,21000000000.0,0.3,0.4,0.0,1.229,8.643,4.321,4e-26,60.0,0.0211,0.0761,0.005,2000,5,1024
524,6.1094733e-13,1645.5438,-3.216868,-0.96661615,5.108318,-10.358504,-76.30252935006487,-73.25951288325605,1560.0,20000000000.0,21000000000.0,0.3,0.4,0.0,1.229,8.643,4.321,4e-26,60.0,0.0211,0.0761,0.005,2000,5,1024
525,6.5982316e-13,1645.3634,-3.2878501,-1.034769,4.8495684,-10.2487,-77.06724669198815,-71.19633920159853,1560.0,20000000000.0,21000000000.0,0.3,0.4,0.0,1.229,8.643,4.321,4e-26,60.0,0.0211,0.0761,0.005,2000,5,1024
526,7.08699e-13,1645.183,-3.3546507,-1.1055543,4.5731225,-10.126453,-75.89885292228286,-78.39849134054064,1560.0,20000000000.0,21000000000.0,0.3,0.4,0.0,1.229,8.643,4.321,4e-26,60.0,0.0211,0.0761,0.005,2000,5,1024
527,7.575748e-13,1645.0026,-3.417732,-1.1791507,4.2874875,-9.985033,-93.66134309635115,-78.77304183096373,1560.0,20000000000.0,21000000000.0,0.3,0.4,0.0,1.229,8.643,4.321,4e-26,60.0,0.0211,0.0761,0.005,2000,5,1024
528,8.064506e-13,1644.8223,-3.4766881,-1.2562976,3.9889894,-9.832021,-78.30301452258524,-79.77677295406635,1560.0,20000000000.0,21000000000.0,0.3,0.4,0.0,1.229,8.643,4.321,4e-26,60.0,0.0211,0.0761,0.005,2000,5,1024
529,8.553272e-13,1644.642,-3.532032,-1.335197,3.6856751,-9.661047,-81.91417052295078,-70.0348494545625,1560.0,20000000000.0,21000000000.0,0.3,0.4,0.0,1.229,8.643,4.321,4e-26,60.0,0.0211,0.0761,0.005,2000,5,1024
530,9.0420304e-13,1644.4618,-3.583223,-1.4169312,3.3743093,-9.478838,-78.68081037858391,-75.54706927228082,1560.0,20000000000.0,21000000000.0,0.3,0.4,0.0,1.229,8.643,4.321,4e-26,60.0,0.0211,0.0761,0.005,2000,5,1024
531,9.530789e-13,1644.2815,-3.6319814,-1.499029,3.0610182,-9.281708,-86.4722157078983,-86.7811279685323,1560.0,20000000000.0,21000000000.0,0.3,0.4,0.0,1.229,8.643,4.321,4e-26,60.0,0.0211,0.0761,0.005,2000,5,1024
532,1.0019547e-12,1644.1013,-3.6766105,-1.5816761,2.7449977,-9.072205,-77.4089055552652,-69.57937670038677,1560.0,20000000000.0,21000000000.0,0.3,0.4,0.0,1.229,8.643,4.321,4e-26,60.0,0.0211,0.0761,0.005,2000,5,1024
533,1.0508304e-12,1643.9213,-3.71938,-1.6623895,2.428701,-8.851483,-77.56428849079032,-81.983902079483,1560.0,20000000000.0,21000000000.0,0.3,0.4,0.0,1.229,8.643,4.321,4e-26,60.0,0.0211,0.0761,0.005,2000,5,1024
534,1.0997063e-12,1643.7411,-3.758774,-1.7414765,2.1162727,-8.618089,-78.19003375021262,-78.97543064159974,1560.0,20000000000.0,21000000000.0,0.3,0.4,0.0,1.229,8.643,4.321,4e-26,60.0,0.0211,0.0761,0.005,2000,5,1024
535,1.1485821e-12,1643.561,-3.796404,-1.8158209,1.8055899,-8.37665,-71.73542091183106,-61.84380437604034,1560.0,20000000000.0,21000000000.0,0.3,0.4,0.0,1.229,8.643,4.321,4e-26,60.0,0.0211,0.0761,0.005,2000,5,1024
536,1.1974579e-12,1643.3812,-3.8307476,-1.8852973,1.5032866,-8.123049,-75.68986205356588,-73.88528618403514,1560.0,20000000000.0,21000000000.0,0.3,0.4,0.0,1.229,8.643,4.321,4e-26,60.0,0.0211,0.0761,0.005,2000,5,1024
537,1.2463338e-12,1643.2012,-3.8633444,-1.9478463,1.2048113,-7.864672,-76.20833731162874,-80.32859168598935,1560.0,20000000000.0,21000000000.0,0.3,0.4,0.0,1.229,8.643,4.321,4e-26,60.0,0.0211,0.0761,0.005,2000,5,1024
538,1.2952096e-12,1643.0212,-3.8929865,-2.0028994,0.91806144,-7.5950284,-89.25600837368282,-75.13541108878505,1560.0,20000000000.0,21000000000.0,0.3,0.4,0.0,1.229,8.643,4.321,4e-26,60.0,0.0211,0.0761,0.005,2000,5,1024
539,1.3440854e-12,1642.8413,-3.9195364,-2.0492291,0.6358857,-7.3231597,-94.82958183183433,-83.5309553585623,1560.0,20000000000.0,21000000000.0,0.3,0.4,0.0,1.229,8.643,4.321,4e-26,60.0,0.0211,0.0761,0.005,2000,5,1024
540,1.3929613e-12,1642.6615,-3.9431682,-2.0858383,0.36686072,-7.043674,-74.5091976016213,-78.83440332210556,1560.0,20000000000.0,21000000000.0,0.3,0.4,0.0,1.229,8.643,4.321,4e-26,60.0,0.0211,0.0761,0.005,2000,5,1024
541,1.4418371e-12,1642.4816,-3.9627671,-2.1128619,0.10430976,-6.7639046,-73.97381887975529,-80.30743378609978,1560.0,20000000000.0,21000000000.0,0.3,0.4,0.0,1.229,8.643,4.321,4e-26,60.0,0.0211,0.0761,0.005,2000,5,1024
542,1.4907128e-12,1642.3019,-3.978776,-2.1290953,-0.14598928,-6.480703,-81.47662564375099,-81.1722799710275,1560.0,20000000000.0,21000000000.0,0.3,0.4,0.0,1.229,8.643,4.321,4e-26,60.0,0.0211,0.0761,0.005,2000,5,1024
543,1.5395887e-12,1642.1221,-3.9894438,-2.13535,-0.3899552,-6.199527,-80.45355854032174,-84.02357626070761,1560.0,20000000000.0,21000000000.0,0.3,0.4,0.0,1.229,8.643,4.321,4e-26,60.0,0.0211,0.0761,0.005,2000,5,1024
544,1.5884645e-12,1641.9424,-3.995737,-2.1309972,-0.6257209,-5.918975,-65.3805377233622,-60.58190470108221,1560.0,20000000000.0,21000000000.0,0.3,0.4,0.0,1.229,8.643,4.321,4e-26,60.0,0.0211,0.0761,0.005,2000,5,1024
545,1.6373403e-12,1641.7627,-3.9952288,-2.1171331,-0.8558917,-5.6419244,-80.97437654637007,-78.82639018451322,1560.0,20000000000.0,21000000000.0,0.3,0.4,0.0,1.229,8.643,4.321,4e-26,60.0,0.0211,0.0761,0.005,2000,5,1024
546,1.6862162e-12,1641.583,-3.9899309,-2.093323,-1.0830919,-5.3710027,-91.94821587629357,-72.59276815071661,1560.0,20000000000.0,21000000000.0,0.3,0.4,0.0,1.229,8.643,4.321,4e-26,60.0,0.0211,0.0761,0.005,2000,5,1024
547,1.735092e-12,1641.4036,-3.9770436,-2.061509,-1.3063097,-5.105476,-90.04567100852017,-77.13901629165072,1560.0,20000000000.0,21000000000.0,0.3,0.4,0.0,1.229,8.643,4.321,4e-26,60.0,0.0211,0.0761,0.005,2000,5,1024
548,1.7839678e-12,1641.2239,-3.958789,-2.0209568,-1.531554,-4.8503933,-100.4886558051399,-72.46308566853793,1560.0,20000000000.0,21000000000.0,0.3,0.4,0.0,1.229,8.643,4.321,4e-26,60.0,0.0211,0.0761,0.005,2000,5,1024
549,1.8328436e-12,1641.0444,-3.933016,-1.9737577,-1.757017,-4.6022267,-76.32383433394979,-84.6019230192193,1560.0,20000000000.0,21000000000.0,0.3,0.4,0.0,1.229,8.643,4.321,4e-26,60.0,0.0211,0.0761,0.005,2000,5,1024
550,1.8817194e-12,1640.865,-3.9010572,-1.9192507,-1.9894394,-4.3680234,-75.45298740687082,-65.2577510041067,1560.0,20000000000.0,21000000000.0,0.3,0.4,0.0,1.229,8.643,4.321,4e-26,60.0,0.0211,0.0761,0.005,2000,5,1024
551,1.9305952e-12,1640.6857,-3.862547,-1.8592528,-2.224819,-4.1426506,-68.78620580615416,-57.940068128994994,1560.0,20000000000.0,21000000000.0,0.3,0.4,0.0,1.229,8.643,4.321,4e-26,60.0,0.0211,0.0761,0.005,2000,5,1024
552,1.979471e-12,1640.5063,-3.8177497,-1.7940493,-2.4703774,-3.932911,-63.438315825719,-53.724645190409774,1560.0,20000000000.0,21000000000.0,0.3,0.4,0.0,1.229,8.643,4.321,4e-26,60.0,0.0211,0.0761,0.005,2000,5,1024
553,2.0283469e-12,1640.3269,-3.7676568,-1.7238718,-2.72114,-3.7340302,-44.4059197256433,-35.013033366683445,1560.0,20000000000.0,21000000000.0,0.3,0.4,0.0,1.229,8.643,4.321,4e-26,60.0,0.0211,0.0761,0.005,2000,5,1024
554,2.0772227e-12,1640.1476,-3.7116723,-1.6505954,-2.9825742,-3.5522065,-67.96003628794965,-59.28066515392473,1560.0,20000000000.0,21000000000.0,0.3,0.4,0.0,1.229,8.643,4.321,4e-26,60.0,0.0211,0.0761,0.005,2000,5,1024
555,2.1260994e-12,1639.9684,-3.651385,-1.5727504,-3.2499652,-3.3819983,-69.27817668532538,-65.3050655660892,1560.0,20000000000.0,21000000000.0,0.3,0.4,0.0,1.229,8.643,4.321,4e-26,60.0,0.0211,0.0761,0.005,2000,5,1024
556,2.1749753e-12,1639.7891,-3.5858042,-1.4930673,-3.5249374,-3.2274384,-72.62679150744601,-72.89759799684646,1560.0,20000000000.0,21000000000.0,0.3,0.4,0.0,1.229,8.643,4.321,4e-26,60.0,0.0211,0.0761,0.005,2000,5,1024
557,2.223851e-12,1639.6099,-3.5171764,-1.4092066,-3.80471,-3.0864375,-73.92418398760256,-73.55861554146892,1560.0,20000000000.0,21000000000.0,0.3,0.4,0.0,1.229,8.643,4.321,4e-26,60.0,0.0211,0.0761,0.005,2000,5,1024
558,2.272727e-12,1639.4307,-3.4441912,-1.3243234,-4.0868235,-2.958462,-79.39029596768428,-72.72362396716262,1560.0,20000000000.0,21000000000.0,0.3,0.4,0.0,1.229,8.643,4.321,4e-26,60.0,0.0211,0.0761,0.005,2000,5,1024
559,2.3216028e-12,1639.2516,-3.3689034,-1.2360717,-4.3703523,-2.844328,-71.82700280436026,-77.73533160724926,1560.0,20000000000.0,21000000000.0,0.3,0.4,0.0,1.229,8.643,4.321,4e-26,60.0,0.0211,0.0761,0.005,2000,5,1024
560,2.3704792e-12,1639.0725,-3.2899435,-1.1473079,-4.648425,-2.7410252,-76.6544254056424,-74.84433972622647,1560.0,20000000000.0,21000000000.0,0.3,0.4,0.0,1.229,8.643,4.321,4e-26,60.0,0.0211,0.0761,0.005,2000,5,1024
561,2.419355e-12,1638.8934,-3.209079,-1.0564318,-4.9217477,-2.6518204,-80.50294466447193,-74.35635507915208,1560.0,20000000000.0,21000000000.0,0.3,0.4,0.0,1.229,8.643,4.321,4e-26,60.0,0.0211,0.0761,0.005,2000,5,1024
562,2.468231e-12,1638.7145,-3.1252284,-0.96519804,-5.1821504,-2.5702705,-65.05670721281444,-69.74234955586365,1560.0,20000000000.0,21000000000.0,0.3,0.4,0.0,1.229,8.643,4.321,4e-26,60.0,0.0211,0.0761,0.005,2000,5,1024
563,2.5171067e-12,1638.5354,-3.039756,-0.87305117,-5.430591,-2.5018542,-80.00718228217107,-71.59401048118806,1560.0,20000000000.0,21000000000.0,0.3,0.4,0.0,1.229,8.643,4.321,4e-26,60.0,0.0211,0.0761,0.005,2000,5,1024
564,2.5659826e-12,1638.3566,-2.952441,-0.78050697,-5.658778,-2.4395232,-83.9442169753268,-72.24628778392389,1560.0,20000000000.0,21000000000.0,0.3,0.4,0.0,1.229,8.643,4.321,4e-26,60.0,0.0211,0.0761,0.005,2000,5,1024
565,2.6148584e-12,1638.1777,-2.8630705,-0.6887746,-5.8676033,-2.3895302,-91.63548729896719,-85.20533163166573,1560.0,20000000000.0,21000000000.0,0.3,0.4,0.0,1.229,8.643,4.321,4e-26,60.0,0.0211,0.0761,0.005,2000,5,1024
566,2.6637343e-12,1637.9989,-2.7729373,-0.59697485,-6.0500655,-2.3444974,-81.58796376090912,-68.78012582314216,1560.0,20000000000.0,21000000000.0,0.3,0.4,0.0,1.229,8.643,4.321,4e-26,60.0,0.0211,0.0761,0.005,2000,5,1024
567,2.71261e-12,1637.8201,-2.6810396,-0.50706005,-6.2068076,-2.3096473,-89.91743439207636,-73.48907641617109,1560.0,20000000000.0,21000000000.0,0.3,0.4,0.0,1.229,8.643,4.321,4e-26,60.0,0.0211,0.0761,0.005,2000,5,1024
568,2.761486e-12,1637.6414,-2.5890596,-0.4175513,-6.333555,-2.281287,-74.56111519772676,-77.99528575471122,1560.0,20000000000.0,21000000000.0,0.3,0.4,0.0,1.229,8.643,4.321,4e-26,60.0,0.0211,0.0761,0.005,2000,5,1024
569,2.8103618e-12,1637.4626,-2.4959428,-0.33047473,-6.4303155,-2.262051,-76.5407899883215,-63.43723126813698,1560.0,20000000000.0,21000000000.0,0.3,0.4,0.0,1.229,8.643,4.321,4e-26,60.0,0.0211,0.0761,0.005,2000,5,1024
570,2.8592376e-12,1637.2839,-2.4037755,-0.24362892,-6.4951205,-2.2504888,-86.20329702457698,-67.1813407253182,1560.0,20000000000.0,21000000000.0,0.3,0.4,0.0,1.229,8.643,4.321,4e-26,60.0,0.0211,0.0761,0.005,2000,5,1024
571,2.9081134e-12,1637.1053,-2.3112066,-0.15957564,-6.5282836,-2.247106,-61.73607876850488,-51.8638179641768,1560.0,20000000000.0,21000000000.0,0.3,0.4,0.0,1.229,8.643,4.321,4e-26,60.0,0.0211,0.0761,0.005,2000,5,1024
572,2.956989e-12,1636.9266,-2.2207794,-0.07574899,-6.530283,-2.253961,-73.35811410727266,-60.62086566174129,1560.0,20000000000.0,21000000000.0,0.3,0.4,0.0,1.229,8.643,4.321,4e-26,60.0,0.0211,0.0761,0.005,2000,5,1024
573,3.0058649e-12,1636.7482,-2.1311843,0.0066249105,-6.5004077,-2.2682476,-86.18558311136844,-73.41556199745594,1560.0,20000000000.0,21000000000.0,0.3,0.4,0.0,1.229,8.643,4.321,4e-26,60.0,0.0211,0.0761,0.005,2000,5,1024
574,3.0547407e-12,1636.5696,-2.0449343,0.08910736,-6.4418297,-2.2959242,-75.83551882203113,-65.94885971107414,1560.0,20000000000.0,21000000000.0,0.3,0.4,0.0,1.229,8.643,4.321,4e-26,60.0,0.0211,0.0761,0.005,2000,5,1024
575,3.1036165e-12,1636.3911,-1.961341,0.17160116,-6.3522153,-2.331596,-77.48080204701478,-69.39097723932599,1560.0,20000000000.0,21000000000.0,0.3,0.4,0.0,1.229,8.643,4.321,4e-26,60.0,0.0211,0.0761,0.005,2000,5,1024
576,3.1524924e-12,1636.2125,-1.8818028,0.25520483,-6.238507,-2.382565,-84.62879538417565,-78.49351583631814,1560.0,20000000000.0,21000000000.0,0.3,0.4,0.0,1.229,8.643,4.321,4e-26,60.0,0.0211,0.0761,0.005,2000,5,1024
577,3.2013682e-12,1636.0342,-1.8066776,0.34052682,-6.0969224,-2.4419317,-84.99533409801049,-79.92744563625264,1560.0,20000000000.0,21000000000.0,0.3,0.4,0.0,1.229,8.643,4.321,4e-26,60.0,0.0211,0.0761,0.005,2000,5,1024
578,3.250244e-12,1635.8558,-1.7360926,0.42797104,-5.934555,-2.5173903,-78.85118039164107,-77.76112252008105,1560.0,20000000000.0,21000000000.0,0.3,0.4,0.0,1.229,8.643,4.321,4e-26,60.0,0.0211,0.0761,0.005,2000,5,1024
579,3.2991199e-12,1635.6777,-1.6721168,0.5187604,-5.7486253,-2.60297,-77.16907745223125,-83.95157245064368,1560.0,20000000000.0,21000000000.0,0.3,0.4,0.0,1.229,8.643,4.321,4e-26,60.0,0.0211,0.0761,0.005,2000,5,1024
580,3.3479957e-12,1635.4993,-1.6131345,0.6122034,-5.544826,-2.7036755,-87.38575905833585,-83.05541540896657,1560.0,20000000000.0,21000000000.0,0.3,0.4,0.0,1.229,8.643,4.321,4e-26,60.0,0.0211,0.0761,0.005,2000,5,1024
581,3.3968715e-12,1635.321,-1.5614203,0.71036947,-5.321349,-2.8156781,-83.1635759367812,-81.52625222906377,1560.0,20000000000.0,21000000000.0,0.3,0.4,0.0,1.229,8.643,4.321,4e-26,60.0,0.0211,0.0761,0.005,2000,5,1024
582,3.4457474e-12,1635.1428,-1.5147971,0.81135887,-5.0823207,-2.940793,-78.75814536050748,-72.13905969576834,1560.0,20000000000.0,21000000000.0,0.3,0.4,0.0,1.229,8.643,4.321,4e-26,60.0,0.0211,0.0761,0.005,2000,5,1024
583,3.4946232e-12,1634.9646,-1.4760493,0.9171915,-4.828646,-3.0786898,-78.44703490903782,-82.05254119317598,1560.0,20000000000.0,21000000000.0,0.3,0.4,0.0,1.229,8.643,4.321,4e-26,60.0,0.0211,0.0761,0.005,2000,5,1024
584,3.543499e-12,1634.7865,-1.4418365,1.0250037,-4.5609164,-3.2270546,-80.63141042885356,-80.67117308641804,1560.0,20000000000.0,21000000000.0,0.3,0.4,0.0,1.229,8.643,4.321,4e-26,60.0,0.0211,0.0761,0.005,2000,5,1024
585,3.5923749e-12,1634.6084,-1.4149481,1.136038,-4.2833457,-3.3886836,-80.15981830089892,-85.02601754152678,1560.0,20000000000.0,21000000000.0,0.3,0.4,0.0,1.229,8.643,4.321,4e-26,60.0,0.0211,0.0761,0.005,2000,5,1024
586,3.6412505e-12,1634.4303,-1.392352,1.2483891,-3.9932604,-3.5586052,-75.30856715025804,-85.29283969949745,1560.0,20000000000.0,21000000000.0,0.3,0.4,0.0,1.229,8.643,4.321,4e-26,60.0,0.0211,0.0761,0.005,2000,5,1024
587,3.6901263e-12,1634.2523,-1.3749973,1.3609598,-3.6969151,-3.7421546,-78.60212387037697,-80.33621766730634,1560.0,20000000000.0,21000000000.0,0.3,0.4,0.0,1.229,8.643,4.321,4e-26,60.0,0.0211,0.0761,0.005,2000,5,1024
588,3.739002e-12,1634.0743,-1.3611339,1.4727675,-3.3898802,-3.9318206,-81.0241233837034,-73.07930921891548,1560.0,20000000000.0,21000000000.0,0.3,0.4,0.0,1.229,8.643,4.321,4e-26,60.0,0.0211,0.0761,0.005,2000,5,1024
589,3.787878e-12,1633.8964,-1.3502812,1.582066,-3.0805426,-4.134112,-86.1723246463284,-67.53562192359935,1560.0,20000000000.0,21000000000.0,0.3,0.4,0.0,1.229,8.643,4.321,4e-26,60.0,0.0211,0.0761,0.005,2000,5,1024
590,3.836754e-12,1633.7184,-1.3421867,1.6873986,-2.7642314,-4.342151,-72.62825089368832,-67.97088766414922,1560.0,20000000000.0,21000000000.0,0.3,0.4,0.0,1.229,8.643,4.321,4e-26,60.0,0.0211,0.0761,0.005,2000,5,1024
591,3.8856297e-12,1633.5406,-1.3346114,1.7868665,-2.448316,-4.5613637,-84.89357418744845,-73.18450960436793,1560.0,20000000000.0,21000000000.0,0.3,0.4,0.0,1.229,8.643,4.321,4e-26,60.0,0.0211,0.0761,0.005,2000,5,1024
592,3.9345055e-12,1633.3627,-1.3282101,1.8795774,-2.1286354,-4.7855244,-77.31153457956616,-65.8809882551642,1560.0,20000000000.0,21000000000.0,0.3,0.4,0.0,1.229,8.643,4.321,4e-26,60.0,0.0211,0.0761,0.005,2000,5,1024
593,3.983382e-12,1633.1848,-1.3206749,1.9633015,-1.8122716,-5.019181,-75.72099327672474,-68.03481663526424,1560.0,20000000000.0,21000000000.0,0.3,0.4,0.0,1.229,8.643,4.321,4e-26,60.0,0.0211,0.0761,0.005,2000,5,1024
594,4.032258e-12,1633.0073,-1.3136107,2.037866,-1.4957193,-5.2583604,-74.7478573113297,-70.66344722698537,1560.0,20000000000.0,21000000000.0,0.3,0.4,0.0,1.229,8.643,4.321,4e-26,60.0,0.0211,0.0761,0.005,2000,5,1024
595,4.081134e-12,1632.8296,-1.3042421,2.1011302,-1.1831522,-5.5036335,-78.88568062337353,-74.32482800109642,1560.0,20000000000.0,21000000000.0,0.3,0.4,0.0,1.229,8.643,4.321,4e-26,60.0,0.0211,0.0761,0.005,2000,5,1024
596,4.130009e-12,1632.6519,-1.2949324,2.1532874,-0.87563175,-5.754173,-76.18091668269977,-70.9026899422568,1560.0,20000000000.0,21000000000.0,0.3,0.4,0.0,1.229,8.643,4.321,4e-26,60.0,0.0211,0.0761,0.005,2000,5,1024
597,4.1788855e-12,1632.4742,-1.28317,2.192756,-0.57190466,-6.006846,-75.46516010513422,-77.00073489943152,1560.0,20000000000.0,21000000000.0,0.3,0.4,0.0,1.229,8.643,4.321,4e-26,60.0,0.0211,0.0761,0.005,2000,5,1024
598,4.2277622e-12,1632.2966,-1.271391,2.2203548,-0.27612358,-6.264628,-75.47619021458698,-84.11442134850768,1560.0,20000000000.0,21000000000.0,0.3,0.4,0.0,1.229,8.643,4.321,4e-26,60.0,0.0211,0.0761,0.005,2000,5,1024
599,4.276637e-12,1632.119,-1.2585516,2.2343268,0.016896356,-6.519897,-89.46087239176448,-78.80630746301519,1560.0,20000000000.0,21000000000.0,0.3,0.4,0.0,1.229,8.643,4.321,4e-26,60.0,0.0211,0.0761,0.005,2000,5,1024
600,4.325514e-12,1631.9415,-1.2461771,2.2362523,0.30083647,-6.7780414,-77.07825376177539,-78.80038104137343,1560.0,20000000000.0,21000000000.0,0.3,0.4,0.0,1.229,8.643,4.321,4e-26,60.0,0.0211,0.0761,0.005,2000,5,1024
601,4.374389e-12,1631.764,-1.234478,2.2261221,0.5830727,-7.0300584,-77.63398127788713,-89.72943408492576,1560.0,20000000000.0,21000000000.0,0.3,0.4,0.0,1.229,8.643,4.321,4e-26,60.0,0.0211,0.0761,0.005,2000,5,1024
602,4.4232656e-12,1631.5867,-1.2242093,2.2039251,0.8570097,-7.281892,-77.41495183270996,-83.25296629360611,1560.0,20000000000.0,21000000000.0,0.3,0.4,0.0,1.229,8.643,4.321,4e-26,60.0,0.0211,0.0761,0.005,2000,5,1024
603,4.4721405e-12,1631.4092,-1.2167968,2.1709867,1.129902,-7.5235786,-85.25698841454056,-77.52005933835048,1560.0,20000000000.0,21000000000.0,0.3,0.4,0.0,1.229,8.643,4.321,4e-26,60.0,0.0211,0.0761,0.005,2000,5,1024
604,4.5210172e-12,1631.2318,-1.2115923,2.126851,1.3980951,-7.760654,-93.13917814103476,-84.18974084265045,1560.0,20000000000.0,21000000000.0,0.3,0.4,0.0,1.229,8.643,4.321,4e-26,60.0,0.0211,0.0761,0.005,2000,5,1024
605,4.569892e-12,1631.0544,-1.2109352,2.0736566,1.6671185,-7.9856615,-84.76963941363039,-80.76033194106735,1560.0,20000000000.0,21000000000.0,0.3,0.4,0.0,1.229,8.643,4.321,4e-26,60.0,0.0211,0.0761,0.005,2000,5,1024
606,4.6187685e-12,1630.8772,-1.2128866,2.010608,1.9339458,-8.202019,-83.22364864622843,-77.37390431449035,1560.0,20000000000.0,21000000000.0,0.3,0.4,0.0,1.229,8.643,4.321,4e-26,60.0,0.0211,0.0761,0.005,2000,5,1024
607,4.6676434e-12,1630.7001,-1.2205169,1.93998,2.2025378,-8.405616,-85.11224670732545,-70.53258874611896,1560.0,20000000000.0,21000000000.0,0.3,0.4,0.0,1.229,8.643,4.321,4e-26,60.0,0.0211,0.0761,0.005,2000,5,1024
608,4.71652e-12,1630.523,-1.2314855,1.8607954,2.4733853,-8.596111,-81.15725681997918,-78.657475855602,1560.0,20000000000.0,21000000000.0,0.3,0.4,0.0,1.229,8.643,4.321,4e-26,60.0,0.0211,0.0761,0.005,2000,5,1024
609,4.765395e-12,1630.3457,-1.2482592,1.7757517,2.7440112,-8.77464,-76.6228862373312,-69.56782566581506,1560.0,20000000000.0,21000000000.0,0.3,0.4,0.0,1.229,8.643,4.321,4e-26,60.0,0.0211,0.0761,0.005,2000,5,1024
610,4.814272e-12,1630.1686,-1.2686384,1.6833432,3.0200627,-8.937106,-75.65008230442703,-76.17647758273458,1560.0,20000000000.0,21000000000.0,0.3,0.4,0.0,1.229,8.643,4.321,4e-26,60.0,0.0211,0.0761,0.005,2000,5,1024
611,4.8631468e-12,1629.9915,-1.2946639,1.5858265,3.2953215,-9.089843,-87.78617279771356,-74.89372971447892,1560.0,20000000000.0,21000000000.0,0.3,0.4,0.0,1.229,8.643,4.321,4e-26,60.0,0.0211,0.0761,0.005,2000,5,1024
612,4.9120235e-12,1629.8143,-1.3245311,1.4828713,3.575219,-9.226875,-81.65408984931496,-70.07728428164107,1560.0,20000000000.0,21000000000.0,0.3,0.4,0.0,1.229,8.643,4.321,4e-26,60.0,0.0211,0.0761,0.005,2000,5,1024
613,4.9608984e-12,1629.6373,-1.3591146,1.3753617,3.853052,-9.355548,-85.23886148791063,-65.61153036810506,1560.0,20000000000.0,21000000000.0,0.3,0.4,0.0,1.229,8.643,4.321,4e-26,60.0,0.0211,0.0761,0.005,2000,5,1024
614,5.009775e-12,1629.4603,-1.3981457,1.2641295,4.1321096,-9.470265,-101.17706734890368,-77.79425814356189,1560.0,20000000000.0,21000000000.0,0.3,0.4,0.0,1.229,8.643,4.321,4e-26,60.0,0.0211,0.0761,0.005,2000,5,1024
615,5.05865e-12,1629.2833,-1.44116,1.149643,4.4055495,-9.5795765,-76.66522423945008,-75.19405336868886,1560.0,20000000000.0,21000000000.0,0.3,0.4,0.0,1.229,8.643,4.321,4e-26,60.0,0.0211,0.0761,0.005,2000,5,1024
616,5.107527e-12,1629.1064,-1.4889058,1.0325702,4.6755824,-9.67819,-76.02386563265866,-69.66472187524218,1560.0,20000000000.0,21000000000.0,0.3,0.4,0.0,1.229,8.643,4.321,4e-26,60.0,0.0211,0.0761,0.005,2000,5,1024
617,5.1564018e-12,1628.9296,-1.5400684,0.9131982,4.93627,-9.773183,-78.42455766217921,-65.67055840730882,1560.0,20000000000.0,21000000000.0,0.3,0.4,0.0,1.229,8.643,4.321,4e-26,60.0,0.0211,0.0761,0.005,2000,5,1024
618,5.2052785e-12,1628.7528,-1.5966657,0.7935668,5.186972,-9.861522,-81.11402119861758,-78.83477402159289,1560.0,20000000000.0,21000000000.0,0.3,0.4,0.0,1.229,8.643,4.321,4e-26,60.0,0.0211,0.0761,0.005,2000,5,1024
619,5.2541534e-12,1628.576,-1.6561137,0.672399,5.423321,-9.947343,-89.3961041170063,-70.70864330992032,1560.0,20000000000.0,21000000000.0,0.3,0.4,0.0,1.229,8.643,4.321,4e-26,60.0,0.0211,0.0761,0.005,2000,5,1024
620,5.30303e-12,1628.3992,-1.7212653,0.5530964,5.643254,-10.0298,-79.87647787978929,-66.15724226421375,1560.0,20000000000.0,21000000000.0,0.3,0.4,0.0,1.229,8.643,4.321,4e-26,60.0,0.0211,0.0761,0.005,2000,5,1024
621,5.351905e-12,1628.2225,-1.789252,0.43410465,5.843727,-10.109319,-75.74162848521976,-81.49139676140392,1560.0,20000000000.0,21000000000.0,0.3,0.4,0.0,1.229,8.643,4.321,4e-26,60.0,0.0211,0.0761,0.005,2000,5,1024
622,5.400782e-12,1628.046,-1.862707,0.3184358,6.021341,-10.18865,-79.3733415328196,-92.80021215395074,1560.0,20000000000.0,21000000000.0,0.3,0.4,0.0,1.229,8.643,4.321,4e-26,60.0,0.0211,0.0761,0.005,2000,5,1024
623,5.449657e-12,1627.8694,-1.9389371,0.20503296,6.1751146,-10.263348,-78.33040389573702,-77.0780523146113,1560.0,20000000000.0,21000000000.0,0.3,0.4,0.0,1.229,8.643,4.321,4e-26,60.0,0.0211,0.0761,0.005,2000,5,1024
624,5.4985344e-12,1627.6927,-2.0196154,0.096191436,6.3001394,-10.337413,-71.91793319763852,-77.27646721078138,1560.0,20000000000.0,21000000000.0,0.3,0.4,0.0,1.229,8.643,4.321,4e-26,60.0,0.0211,0.0761,0.005,2000,5,1024
625,5.5474093e-12,1627.5162,-2.1032195,-0.008628736,6.3985934,-10.404655,-79.10231881741919,-79.03210026415822,1560.0,20000000000.0,21000000000.0,0.3,0.4,0.0,1.229,8.643,4.321,4e-26,60.0,0.0211,0.0761,0.005,2000,5,1024
626,5.596286e-12,1627.3396,-2.1898508,-0.10796655,6.4657946,-10.470094,-83.38180437754221,-77.68910149462164,1560.0,20000000000.0,21000000000.0,0.3,0.4,0.0,1.229,8.643,4.321,4e-26,60.0,0.0211,0.0761,0.005,2000,5,1024
627,5.645161e-12,1627.1631,-2.2790806,-0.2016509,6.5041385,-10.525774,-78.65246675570222,-75.84074020616245,1560.0,20000000000.0,21000000000.0,0.3,0.4,0.0,1.229,8.643,4.321,4e-26,60.0,0.0211,0.0761,0.005,2000,5,1024
628,5.6940377e-12,1626.9867,-2.3696613,-0.2905453,6.510027,-10.576001,-73.24758983585437,-80.58973361294852,1560.0,20000000000.0,21000000000.0,0.3,0.4,0.0,1.229,8.643,4.321,4e-26,60.0,0.0211,0.0761,0.005,2000,5,1024
629,5.7429127e-12,1626.8103,-2.4618554,-0.3731004,6.4868035,-10.613642,-83.26474156432212,-88.22386789507743,1560.0,20000000000.0,21000000000.0,0.3,0.4,0.0,1.229,8.643,4.321,4e-26,60.0,0.0211,0.0761,0.005,2000,5,1024
630,5.7917894e-12,1626.6339,-2.5537872,-0.4514486,6.4315987,-10.642898,-75.87215385052292,-70.35974834212774,1560.0,20000000000.0,21000000000.0,0.3,0.4,0.0,1.229,8.643,4.321,4e-26,60.0,0.0211,0.0761,0.005,2000,5,1024
631,5.840664e-12,1626.4575,-2.6467135,-0.5243258,6.3478394,-10.65729,-74.59606918144263,-79.32595478579233,1560.0,20000000000.0,21000000000.0,0.3,0.4,0.0,1.229,8.643,4.321,4e-26,60.0,0.0211,0.0761,0.005,2000,5,1024
632,5.8895406e-12,1626.2812,-2.7373514,-0.59450614,6.2350225,-10.658984,-79.13562471718534,-75.26190813443476,1560.0,20000000000.0,21000000000.0,0.3,0.4,0.0,1.229,8.643,4.321,4e-26,60.0,0.0211,0.0761,0.005,2000,5,1024
633,5.9384156e-12,1626.105,-2.827692,-0.66004676,6.0954027,-10.645546,-80.68392566157291,-73.13836735660243,1560.0,20000000000.0,21000000000.0,0.3,0.4,0.0,1.229,8.643,4.321,4e-26,60.0,0.0211,0.0761,0.005,2000,5,1024
634,5.9872923e-12,1625.9288,-2.9144998,-0.7248498,5.9311466,-10.615953,-82.13575572693067,-65.7763324509507,1560.0,20000000000.0,21000000000.0,0.3,0.4,0.0,1.229,8.643,4.321,4e-26,60.0,0.0211,0.0761,0.005,2000,5,1024
635,6.0361672e-12,1625.7526,-2.9996104,-0.7877838,5.7415495,-10.571661,-87.5117282441059,-70.10574524509481,1560.0,20000000000.0,21000000000.0,0.3,0.4,0.0,1.229,8.643,4.321,4e-26,60.0,0.0211,0.0761,0.005,2000,5,1024
636,6.085044e-12,1625.5767,-3.0808785,-0.8511291,5.5317917,-10.508311,-78.86804168066057,-82.6243837232338,1560.0,20000000000.0,21000000000.0,0.3,0.4,0.0,1.229,8.643,4.321,4e-26,60.0,0.0211,0.0761,0.005,2000,5,1024
637,6.133919e-12,1625.4005,-3.1588972,-0.9155058,5.300162,-10.430926,-78.62860425707048,-69.86493422350564,1560.0,20000000000.0,21000000000.0,0.3,0.4,0.0,1.229,8.643,4.321,4e-26,60.0,0.0211,0.0761,0.005,2000,5,1024
638,6.1827956e-12,1625.2244,-3.2331107,-0.98150593,5.053098,-10.334435,-81.81670242721219,-72.87805643537853,1560.0,20000000000.0,21000000000.0,0.3,0.4,0.0,1.229,8.643,4.321,4e-26,60.0,0.0211,0.0761,0.005,2000,5,1024
639,6.2316706e-12,1625.0485,-3.3031394,-1.0503469,4.787929,-10.224193,-76.39387396266626,-68.04593358112416,1560.0,20000000000.0,21000000000.0,0.3,0.4,0.0,1.229,8.643,4.321,4e-26,60.0,0.0211,0.0761,0.005,2000,5,1024
640,6.2805473e-12,1624.8724,-3.3692212,-1.1214355,4.5115643,-10.095185,-81.92791445785416,-86.90076080068633,1560.0,20000000000.0,21000000000.0,0.3,0.4,0.0,1.229,8.643,4.321,4e-26,60.0,0.0211,0.0761,0.005,2000,5,1024
641,6.3294222e-12,1624.6964,-3.431125,-1.1963291,4.220843,-9.953642,-77.15529523978253,-80.75635188464247,1560.0,20000000000.0,21000000000.0,0.3,0.4,0.0,1.229,8.643,4.321,4e-26,60.0,0.0211,0.0761,0.005,2000,5,1024
642,6.378299e-12,1624.5205,-3.489664,-1.273376,3.923522,-9.794098,-85.5030434366222,-73.95912618160976,1560.0,20000000000.0,21000000000.0,0.3,0.4,0.0,1.229,8.643,4.321,4e-26,60.0,0.0211,0.0761,0.005,2000,5,1024
643,6.427174e-12,1624.3447,-3.5435433,-1.3535492,3.6164715,-9.622613,-79.16980372934279,-79.90023374631528,1560.0,20000000000.0,21000000000.0,0.3,0.4,0.0,1.229,8.643,4.321,4e-26,60.0,0.0211,0.0761,0.005,2000,5,1024
644,6.4760506e-12,1624.1688,-3.5948908,-1.4347937,3.3051775,-9.435657,-82.47402964265294,-73.56864288895258,1560.0,20000000000.0,21000000000.0,0.3,0.4,0.0,1.229,8.643,4.321,4e-26,60.0,0.0211,0.0761,0.005,2000,5,1024
645,6.5249256e-12,1623.993,-3.6418746,-1.5178534,2.9905224,-9.236192,-75.95167473026589,-75.59036049169349,1560.0,20000000000.0,21000000000.0,0.3,0.4,0.0,1.229,8.643,4.321,4e-26,60.0,0.0211,0.0761,0.005,2000,5,1024
646,6.5738023e-12,1623.8171,-3.686881,-1.5995296,2.674351,-9.024628,-74.6867288422047,-72.0813077397554,1560.0,20000000000.0,21000000000.0,0.3,0.4,0.0,1.229,8.643,4.321,4e-26,60.0,0.0211,0.0761,0.005,2000,5,1024
647,6.6226772e-12,1623.6415,-3.7281878,-1.6806257,2.3599555,-8.800112,-82.79546253166151,-80.93401930687905,1560.0,20000000000.0,21000000000.0,0.3,0.4,0.0,1.229,8.643,4.321,4e-26,60.0,0.0211,0.0761,0.005,2000,5,1024
648,6.671554e-12,1623.4658,-3.7676027,-1.7582036,2.0462682,-8.566331,-71.92051774855204,-73.83004520311992,1560.0,20000000000.0,21000000000.0,0.3,0.4,0.0,1.229,8.643,4.321,4e-26,60.0,0.0211,0.0761,0.005,2000,5,1024
649,6.720429e-12,1623.2902,-3.804009,-1.8318807,1.7390808,-8.319907,-80.50069816394938,-80.717862392825,1560.0,20000000000.0,21000000000.0,0.3,0.4,0.0,1.229,8.643,4.321,4e-26,60.0,0.0211,0.0761,0.005,2000,5,1024
650,6.7693056e-12,1623.1147,-3.8382819,-1.8997824,1.4345677,-8.067373,-81.10480778541455,-75.82461232927375,1560.0,20000000000.0,21000000000.0,0.3,0.4,0.0,1.229,8.643,4.321,4e-26,60.0,0.0211,0.0761,0.005,2000,5,1024
651,6.8181806e-12,1622.9392,-3.8700676,-1.9607103,1.1411841,-7.8035355,-86.29334908044842,-74.02837335325741,1560.0,20000000000.0,21000000000.0,0.3,0.4,0.0,1.229,8.643,4.321,4e-26,60.0,0.0211,0.0761,0.005,2000,5,1024
652,6.8670573e-12,1622.7637,-3.89903,-2.0140433,0.8525721,-7.5360665,-77.2667897446584,-69.59961693475987,1560.0,20000000000.0,21000000000.0,0.3,0.4,0.0,1.229,8.643,4.321,4e-26,60.0,0.0211,0.0761,0.005,2000,5,1024
653,6.9159322e-12,1622.5881,-3.92519,-2.058143,0.5767107,-7.2600904,-76.15310198655548,-67.34640974472286,1560.0,20000000000.0,21000000000.0,0.3,0.4,0.0,1.229,8.643,4.321,4e-26,60.0,0.0211,0.0761,0.005,2000,5,1024
654,6.964809e-12,1622.4126,-3.9477987,-2.0930307,0.30708024,-6.9830494,-76.78322393653333,-66.09785259844587,1560.0,20000000000.0,21000000000.0,0.3,0.4,0.0,1.229,8.643,4.321,4e-26,60.0,0.0211,0.0761,0.005,2000,5,1024
655,7.013684e-12,1622.2372,-3.9669774,-2.1171682,0.048978284,-6.7006803,-93.05151890208722,-74.32742857646213,1560.0,20000000000.0,21000000000.0,0.3,0.4,0.0,1.229,8.643,4.321,4e-26,60.0,0.0211,0.0761,0.005,2000,5,1024
656,7.0625606e-12,1622.0619,-3.981195,-2.1315987,-0.20157717,-6.4184546,-79.54372745043379,-70.33955033218373,1560.0,20000000000.0,21000000000.0,0.3,0.4,0.0,1.229,8.643,4.321,4e-26,60.0,0.0211,0.0761,0.005,2000,5,1024
657,7.111436e-12,1621.8865,-3.9914026,-2.1350043,-0.44310662,-6.1365695,-76.86985356768979,-80.95994727561592,1560.0,20000000000.0,21000000000.0,0.3,0.4,0.0,1.229,8.643,4.321,4e-26,60.0,0.0211,0.0761,0.005,2000,5,1024
658,7.1603127e-12,1621.7112,-3.9956975,-2.129092,-0.67713666,-5.8566933,-93.04902448929438,-75.18846457486933,1560.0,20000000000.0,21000000000.0,0.3,0.4,0.0,1.229,8.643,4.321,4e-26,60.0,0.0211,0.0761,0.005,2000,5,1024
659,7.2091877e-12,1621.5359,-3.9948685,-2.1126513,-0.90744835,-5.5820317,-88.11616376587847,-79.55494485483865,1560.0,20000000000.0,21000000000.0,0.3,0.4,0.0,1.229,8.643,4.321,4e-26,60.0,0.0211,0.0761,0.005,2000,5,1024
660,7.2580644e-12,1621.3606,-3.9874375,-2.0873382,-1.1315796,-5.310662,-83.90457194295897,-72.33058353076859,1560.0,20000000000.0,21000000000.0,0.3,0.4,0.0,1.229,8.643,4.321,4e-26,60.0,0.0211,0.0761,0.005,2000,5,1024
661,7.30694e-12,1621.1854,-3.973878,-2.0529804,-1.3575598,-5.049284,-77.97843050729705,-71.36751441124878,1560.0,20000000000.0,21000000000.0,0.3,0.4,0.0,1.229,8.643,4.321,4e-26,60.0,0.0211,0.0761,0.005,2000,5,1024
662,7.3558165e-12,1621.0103,-3.9534116,-2.0112267,-1.5804489,-4.793029,-80.59688692201038,-78.09839117651849,1560.0,20000000000.0,21000000000.0,0.3,0.4,0.0,1.229,8.643,4.321,4e-26,60.0,0.0211,0.0761,0.005,2000,5,1024
663,7.4046914e-12,1620.8352,-3.9265573,-1.9618484,-1.8095919,-4.5504756,-80.00100702758125,-84.93790497826444,1560.0,20000000000.0,21000000000.0,0.3,0.4,0.0,1.229,8.643,4.321,4e-26,60.0,0.0211,0.0761,0.005,2000,5,1024
664,7.453568e-12,1620.6602,-3.893083,-1.9063137,-2.0401876,-4.315193,-77.79932055772144,-76.31139845460793,1560.0,20000000000.0,21000000000.0,0.3,0.4,0.0,1.229,8.643,4.321,4e-26,60.0,0.0211,0.0761,0.005,2000,5,1024
665,7.502443e-12,1620.4852,-3.8530157,-1.8451395,-2.279953,-4.0958886,-71.63748061187403,-72.45112704589985,1560.0,20000000000.0,21000000000.0,0.3,0.4,0.0,1.229,8.643,4.321,4e-26,60.0,0.0211,0.0761,0.005,2000,5,1024
666,7.55132e-12,1620.3102,-3.8072233,-1.778669,-2.5244539,-3.8866582,-76.28942386365344,-78.67551800678895,1560.0,20000000000.0,21000000000.0,0.3,0.4,0.0,1.229,8.643,4.321,4e-26,60.0,0.0211,0.0761,0.005,2000,5,1024
667,7.600195e-12,1620.1353,-3.7554286,-1.7084383,-2.7787359,-3.6931386,-79.60944399830893,-76.72439666667105,1560.0,20000000000.0,21000000000.0,0.3,0.4,0.0,1.229,8.643,4.321,4e-26,60.0,0.0211,0.0761,0.005,2000,5,1024
668,7.6490715e-12,1619.9603,-3.6987476,-1.6332942,-3.0406377,-3.5122502,-76.91074421477971,-71.37351484056009,1560.0,20000000000.0,21000000000.0,0.3,0.4,0.0,1.229,8.643,4.321,4e-26,60.0,0.0211,0.0761,0.005,2000,5,1024
669,7.6979464e-12,1619.7854,-3.636804,-1.555563,-3.3108068,-3.3464675,-82.1469475418943,-76.62610760714357,1560.0,20000000000.0,21000000000.0,0.3,0.4,0.0,1.229,8.643,4.321,4e-26,60.0,0.0211,0.0761,0.005,2000,5,1024
670,7.746823e-12,1619.6106,-3.5713375,-1.4740757,-3.5869167,-3.194975,-86.80275206869582,-77.47290828238263,1560.0,20000000000.0,21000000000.0,0.3,0.4,0.0,1.229,8.643,4.321,4e-26,60.0,0.0211,0.0761,0.005,2000,5,1024
671,7.795698e-12,1619.4357,-3.5010042,-1.3910247,-3.8668387,-3.0563495,-78.6995518811508,-72.26606666478855,1560.0,20000000000.0,21000000000.0,0.3,0.4,0.0,1.229,8.643,4.321,4e-26,60.0,0.0211,0.0761,0.005,2000,5,1024
672,7.844575e-12,1619.261,-3.4280677,-1.3045692,-4.1507287,-2.9328508,-86.28496603253167,-75.74819776344212,1560.0,20000000000.0,21000000000.0,0.3,0.4,0.0,1.229,8.643,4.321,4e-26,60.0,0.0211,0.0761,0.005,2000,5,1024
673,7.89345e-12,1619.0862,-3.3512254,-1.2170724,-4.431698,-2.8193572,-74.46365890415676,-66.49981098506888,1560.0,20000000000.0,21000000000.0,0.3,0.4,0.0,1.229,8.643,4.321,4e-26,60.0,0.0211,0.0761,0.005,2000,5,1024
674,7.942326e-12,1618.9115,-3.272269,-1.1270478,-4.7107763,-2.721284,-82.46637725253896,-93.85382909692382,1560.0,20000000000.0,21000000000.0,0.3,0.4,0.0,1.229,8.643,4.321,4e-26,60.0,0.0211,0.0761,0.005,2000,5,1024
675,7.991201e-12,1618.7368,-3.1905239,-1.0364166,-4.98026,-2.6315212,-75.6738364565713,-71.67149531928935,1560.0,20000000000.0,21000000000.0,0.3,0.4,0.0,1.229,8.643,4.321,4e-26,60.0,0.0211,0.0761,0.005,2000,5,1024
676,8.040077e-12,1618.5623,-3.1064165,-0.9444926,-5.2396135,-2.5551298,-83.2853621174793,-75.23003637845119,1560.0,20000000000.0,21000000000.0,0.3,0.4,0.0,1.229,8.643,4.321,4e-26,60.0,0.0211,0.0761,0.005,2000,5,1024
677,8.088952e-12,1618.3876,-3.0204282,-0.85235006,-5.4825063,-2.4860895,-77.84331631137796,-84.03402565180359,1560.0,20000000000.0,21000000000.0,0.3,0.4,0.0,1.229,8.643,4.321,4e-26,60.0,0.0211,0.0761,0.005,2000,5,1024
678,8.137829e-12,1618.2133,-2.9324737,-0.7604239,-5.708081,-2.4287734,-86.80910307087059,-79.94318526162985,1560.0,20000000000.0,21000000000.0,0.3,0.4,0.0,1.229,8.643,4.321,4e-26,60.0,0.0211,0.0761,0.005,2000,5,1024
679,8.186704e-12,1618.0387,-2.8436196,-0.66814077,-5.9098287,-2.3781621,-81.09090677719095,-73.07756893968602,1560.0,20000000000.0,21000000000.0,0.3,0.4,0.0,1.229,8.643,4.321,4e-26,60.0,0.0211,0.0761,0.005,2000,5,1024
680,8.235581e-12,1617.8643,-2.752292,-0.57730365,-6.0878153,-2.3369863,-78.92437739926108,-69.42837686135238,1560.0,20000000000.0,21000000000.0,0.3,0.4,0.0,1.229,8.643,4.321,4e-26,60.0,0.0211,0.0761,0.005,2000,5,1024
681,8.284456e-12,1617.6898,-2.6609926,-0.4867316,-6.237017,-2.3026936,-79.56872241013208,-70.88206941135195,1560.0,20000000000.0,21000000000.0,0.3,0.4,0.0,1.229,8.643,4.321,4e-26,60.0,0.0211,0.0761,0.005,2000,5,1024
682,8.333332e-12,1617.5154,-2.5679111,-0.39839223,-6.357995,-2.2768269,-76.75418968408628,-72.8727097897835,1560.0,20000000000.0,21000000000.0,0.3,0.4,0.0,1.229,8.643,4.321,4e-26,60.0,0.0211,0.0761,0.005,2000,5,1024
683,8.382209e-12,1617.3411,-2.4759755,-0.310635,-6.4479065,-2.2591884,-80.34686224061618,-74.80863411101568,1560.0,20000000000.0,21000000000.0,0.3,0.4,0.0,1.229,8.643,4.321,4e-26,60.0,0.0211,0.0761,0.005,2000,5,1024
684,8.431084e-12,1617.1667,-2.3826425,-0.22527726,-6.505557,-2.2485366,-74.18458256973443,-72.61510679955387,1560.0,20000000000.0,21000000000.0,0.3,0.4,0.0,1.229,8.643,4.321,4e-26,60.0,0.0211,0.0761,0.005,2000,5,1024
685,8.479961e-12,1616.9924,-2.2914011,-0.14045328,-6.531916,-2.2483487,-71.88088715970198,-83.0205795808722,1560.0,20000000000.0,21000000000.0,0.3,0.4,0.0,1.229,8.643,4.321,4e-26,60.0,0.0211,0.0761,0.005,2000,5,1024
686,8.528836e-12,1616.8181,-2.2004561,-0.057526372,-6.525545,-2.2553115,-76.09825416686581,-80.04855118091938,1560.0,20000000000.0,21000000000.0,0.3,0.4,0.0,1.229,8.643,4.321,4e-26,60.0,0.0211,0.0761,0.005,2000,5,1024
687,8.577712e-12,1616.6439,-2.1119542,0.025107704,-6.4902806,-2.2745886,-80.77037565949509,-80.5102007648705,1560.0,20000000000.0,21000000000.0,0.3,0.4,0.0,1.229,8.643,4.321,4e-26,60.0,0.0211,0.0761,0.005,2000,5,1024
688,8.626588e-12,1616.4697,-2.0259898,0.107645385,-6.4234004,-2.3017554,-81.3104116793831,-78.33028335973233,1560.0,20000000000.0,21000000000.0,0.3,0.4,0.0,1.229,8.643,4.321,4e-26,60.0,0.0211,0.0761,0.005,2000,5,1024
689,8.675465e-12,1616.2957,-1.943063,0.19018222,-6.330137,-2.3430977,-90.1731985585014,-79.7149568446959,1560.0,20000000000.0,21000000000.0,0.3,0.4,0.0,1.229,8.643,4.321,4e-26,60.0,0.0211,0.0761,0.005,2000,5,1024
690,8.72434e-12,1616.1215,-1.8648374,0.2741409,-6.2083797,-2.393528,-73.93058480819408,-79.06855928910463,1560.0,20000000000.0,21000000000.0,0.3,0.4,0.0,1.229,8.643,4.321,4e-26,60.0,0.0211,0.0761,0.005,2000,5,1024
691,8.7732165e-12,1615.9474,-1.7903234,0.35923722,-6.063993,-2.458508,-80.14222062513335,-71.56240568603059,1560.0,20000000000.0,21000000000.0,0.3,0.4,0.0,1.229,8.643,4.321,4e-26,60.0,0.0211,0.0761,0.005,2000,5,1024
692,8.8220915e-12,1615.7734,-1.7218615,0.44804722,-5.894143,-2.5344412,-80.69515364735022,-71.72468002004442,1560.0,20000000000.0,21000000000.0,0.3,0.4,0.0,1.229,8.643,4.321,4e-26,60.0,0.0211,0.0761,0.005,2000,5,1024
693,8.870968e-12,1615.5996,-1.6580987,0.53885907,-5.7054462,-2.6250753,-74.31444531309181,-75.31273277928662,1560.0,20000000000.0,21000000000.0,0.3,0.4,0.0,1.229,8.643,4.321,4e-26,60.0,0.0211,0.0761,0.005,2000,5,1024
694,8.919843e-12,1615.4257,-1.6016632,0.6341425,-5.495717,-2.7268267,-78.9008808462011,-73.09198145722065,1560.0,20000000000.0,21000000000.0,0.3,0.4,0.0,1.229,8.643,4.321,4e-26,60.0,0.0211,0.0761,0.005,2000,5,1024
695,8.96872e-12,1615.2517,-1.5500237,0.7319466,-5.2697735,-2.842543,-79.64545554577424,-78.58160678779899,1560.0,20000000000.0,21000000000.0,0.3,0.4,0.0,1.229,8.643,4.321,4e-26,60.0,0.0211,0.0761,0.005,2000,5,1024
696,9.017595e-12,1615.0779,-1.5060806,0.8348927,-5.027573,-2.9708133,-94.40952517906786,-74.21678330130072,1560.0,20000000000.0,21000000000.0,0.3,0.4,0.0,1.229,8.643,4.321,4e-26,60.0,0.0211,0.0761,0.005,2000,5,1024
697,9.0664715e-12,1614.904,-1.4675264,0.94038856,-4.7700386,-3.1101599,-76.34862558301245,-75.64874490056886,1560.0,20000000000.0,21000000000.0,0.3,0.4,0.0,1.229,8.643,4.321,4e-26,60.0,0.0211,0.0761,0.005,2000,5,1024
698,9.1153465e-12,1614.7302,-1.4357063,1.049664,-4.501104,-3.2629616,-84.16201479328944,-70.10664821151263,1560.0,20000000000.0,21000000000.0,0.3,0.4,0.0,1.229,8.643,4.321,4e-26,60.0,0.0211,0.0761,0.005,2000,5,1024
699,9.164223e-12,1614.5564,-1.4091792,1.1608413,-4.21849,-3.4244647,-81.23549631097981,-67.30639070601222,1560.0,20000000000.0,21000000000.0,0.3,0.4,0.0,1.229,8.643,4.321,4e-26,60.0,0.0211,0.0761,0.005,2000,5,1024
700,9.213098e-12,1614.3827,-1.388185,1.2735696,-3.9284182,-3.6001377,-80.17443299810228,-79.46460072748101,1560.0,20000000000.0,21000000000.0,0.3,0.4,0.0,1.229,8.643,4.321,4e-26,60.0,0.0211,0.0761,0.005,2000,5,1024
701,9.261975e-12,1614.209,-1.3715466,1.3862664,-3.6276977,-3.7819445,-76.91961654032193,-72.43525878474416,1560.0,20000000000.0,21000000000.0,0.3,0.4,0.0,1.229,8.643,4.321,4e-26,60.0,0.0211,0.0761,0.005,2000,5,1024
702,9.31085e-12,1614.0354,-1.3584099,1.4973772,-3.3230007,-3.977434,-85.0268232119477,-73.17398001085955,1560.0,20000000000.0,21000000000.0,0.3,0.4,0.0,1.229,8.643,4.321,4e-26,60.0,0.0211,0.0761,0.005,2000,5,1024
703,9.3597265e-12,1613.8617,-1.3487139,1.605973,-3.0097296,-4.1782217,-87.85634546318195,-84.84842232441137,1560.0,20000000000.0,21000000000.0,0.3,0.4,0.0,1.229,8.643,4.321,4e-26,60.0,0.0211,0.0761,0.005,2000,5,1024
704,9.4086015e-12,1613.6881,-1.340083,1.709873,-2.695247,-4.391144,-96.00933502923783,-79.10603396847996,1560.0,20000000000.0,21000000000.0,0.3,0.4,0.0,1.229,8.643,4.321,4e-26,60.0,0.0211,0.0761,0.005,2000,5,1024
705,9.457478e-12,1613.5146,-1.3335633,1.8083043,-2.3767436,-4.609382,-78.65444925388638,-85.27851197830003,1560.0,20000000000.0,21000000000.0,0.3,0.4,0.0,1.229,8.643,4.321,4e-26,60.0,0.0211,0.0761,0.005,2000,5,1024
706,9.506353e-12,1613.3413,-1.326187,1.8987975,-2.0589488,-4.8379188,-78.46312712093392,-72.01731427003843,1560.0,20000000000.0,21000000000.0,0.3,0.4,0.0,1.229,8.643,4.321,4e-26,60.0,0.0211,0.0761,0.005,2000,5,1024
707,9.55523e-12,1613.1678,-1.3198835,1.98116,-1.7410479,-5.071628,-79.34903517723322,-81.47870285177142,1560.0,20000000000.0,21000000000.0,0.3,0.4,0.0,1.229,8.643,4.321,4e-26,60.0,0.0211,0.0761,0.005,2000,5,1024
708,9.604105e-12,1612.9943,-1.3112701,2.0527072,-1.4259591,-5.312181,-83.94964905444456,-78.89530041475678,1560.0,20000000000.0,21000000000.0,0.3,0.4,0.0,1.229,8.643,4.321,4e-26,60.0,0.0211,0.0761,0.005,2000,5,1024
709,9.6529815e-12,1612.8209,-1.3025616,2.1140463,-1.1146798,-5.55938,-82.36654316333208,-79.21286480270227,1560.0,20000000000.0,21000000000.0,0.3,0.4,0.0,1.229,8.643,4.321,4e-26,60.0,0.0211,0.0761,0.005,2000,5,1024
710,9.7018565e-12,1612.6476,-1.2918261,2.162884,-0.80660325,-5.8090878,-74.64627733149973,-78.52361698750327,1560.0,20000000000.0,21000000000.0,0.3,0.4,0.0,1.229,8.643,4.321,4e-26,60.0,0.0211,0.0761,0.005,2000,5,1024
711,9.750733e-12,1612.4744,-1.2809362,2.200169,-0.5066114,-6.065545,-79.4341979049997,-74.92896856099422,1560.0,20000000000.0,21000000000.0,0.3,0.4,0.0,1.229,8.643,4.321,4e-26,60.0,0.0211,0.0761,0.005,2000,5,1024
712,9.799608e-12,1612.301,-1.2682827,2.2242756,-0.20872004,-6.3200126,-77.63027812059504,-71.16563589063064,1560.0,20000000000.0,21000000000.0,0.3,0.4,0.0,1.229,8.643,4.321,4e-26,60.0,0.0211,0.0761,0.005,2000,5,1024
713,9.848485e-12,1612.1278,-1.2558279,2.236158,0.07937473,-6.57911,-102.3512783839561,-78.69569678688131,1560.0,20000000000.0,21000000000.0,0.3,0.4,0.0,1.229,8.643,4.321,4e-26,60.0,0.0211,0.0761,0.005,2000,5,1024
714,9.89736e-12,1611.9546,-1.2435188,2.2352977,0.3656903,-6.8331046,-78.4068572540152,-71.10761725160273,1560.0,20000000000.0,21000000000.0,0.3,0.4,0.0,1.229,8.643,4.321,4e-26,60.0,0.0211,0.0761,0.005,2000,5,1024
715,9.9462365e-12,1611.7814,-1.2320185,2.2221198,0.6427286,-7.0877476,-85.16279116810455,-74.12039870067136,1560.0,20000000000.0,21000000000.0,0.3,0.4,0.0,1.229,8.643,4.321,4e-26,60.0,0.0211,0.0761,0.005,2000,5,1024
716,9.9951115e-12,1611.6083,-1.2226796,2.1975472,0.9186464,-7.334867,-75.02799833852954,-77.87300410669509,1560.0,20000000000.0,21000000000.0,0.3,0.4,0.0,1.229,8.643,4.321,4e-26,60.0,0.0211,0.0761,0.005,2000,5,1024
717,1.0043988e-11,1611.4352,-1.215197,2.1618257,1.188931,-7.577851,-79.03402204005579,-78.01913945014725,1560.0,20000000000.0,21000000000.0,0.3,0.4,0.0,1.229,8.643,4.321,4e-26,60.0,0.0211,0.0761,0.005,2000,5,1024
718,1.0092863e-11,1611.2621,-1.2114635,2.116073,1.4583501,-7.81115,-84.06858559866475,-76.14334801786767,1560.0,20000000000.0,21000000000.0,0.3,0.4,0.0,1.229,8.643,4.321,4e-26,60.0,0.0211,0.0761,0.005,2000,5,1024
719,1.014174e-11,1611.089,-1.2103045,2.059895,1.7259326,-8.035322,-80.33128383233296,-73.71450744171561,1560.0,20000000000.0,21000000000.0,0.3,0.4,0.0,1.229,8.643,4.321,4e-26,60.0,0.0211,0.0761,0.005,2000,5,1024
720,1.0190615e-11,1610.9161,-1.2147212,1.9958751,1.9932617,-8.248516,-75.91142532658466,-72.59870995072099,1560.0,20000000000.0,21000000000.0,0.3,0.4,0.0,1.229,8.643,4.321,4e-26,60.0,0.0211,0.0761,0.005,2000,5,1024
721,1.0239492e-11,1610.7433,-1.2221464,1.9225765,2.262749,-8.448574,-76.25347087296426,-72.87019357696691,1560.0,20000000000.0,21000000000.0,0.3,0.4,0.0,1.229,8.643,4.321,4e-26,60.0,0.0211,0.0761,0.005,2000,5,1024
722,1.0288367e-11,1610.5704,-1.2352253,1.8427227,2.5319636,-8.637666,-85.03969553797145,-70.51777073727926,1560.0,20000000000.0,21000000000.0,0.3,0.4,0.0,1.229,8.643,4.321,4e-26,60.0,0.0211,0.0761,0.005,2000,5,1024
723,1.0337244e-11,1610.3975,-1.2520076,1.7552465,2.8064814,-8.810683,-77.1353943808011,-67.31078967941288,1560.0,20000000000.0,21000000000.0,0.3,0.4,0.0,1.229,8.643,4.321,4e-26,60.0,0.0211,0.0761,0.005,2000,5,1024
724,1.0386119e-11,1610.2247,-1.2744706,1.6620908,3.0801113,-8.973797,-83.13352803162877,-71.234258980639,1560.0,20000000000.0,21000000000.0,0.3,0.4,0.0,1.229,8.643,4.321,4e-26,60.0,0.0211,0.0761,0.005,2000,5,1024
725,1.0434995e-11,1610.0519,-1.3008657,1.5631013,3.358927,-9.1203165,-79.69805690053008,-74.63580032486499,1560.0,20000000000.0,21000000000.0,0.3,0.4,0.0,1.229,8.643,4.321,4e-26,60.0,0.0211,0.0761,0.005,2000,5,1024
726,1.048387e-11,1609.8792,-1.3318939,1.4592994,3.6364055,-9.257708,-73.53126970960835,-70.4912800020645,1560.0,20000000000.0,21000000000.0,0.3,0.4,0.0,1.229,8.643,4.321,4e-26,60.0,0.0211,0.0761,0.005,2000,5,1024
727,1.05327465e-11,1609.7064,-1.3674693,1.3511822,3.9159527,-9.380697,-83.42272774345801,-97.55323880021709,1560.0,20000000000.0,21000000000.0,0.3,0.4,0.0,1.229,8.643,4.321,4e-26,60.0,0.0211,0.0761,0.005,2000,5,1024
728,1.05816215e-11,1609.5337,-1.4071738,1.2389805,4.1922913,-9.49644,-77.11571071305984,-81.21546700530267,1560.0,20000000000.0,21000000000.0,0.3,0.4,0.0,1.229,8.643,4.321,4e-26,60.0,0.0211,0.0761,0.005,2000,5,1024
729,1.0630498e-11,1609.3611,-1.4517812,1.124173,4.466437,-9.601314,-85.60893089756792,-91.80083567868344,1560.0,20000000000.0,21000000000.0,0.3,0.4,0.0,1.229,8.643,4.321,4e-26,60.0,0.0211,0.0761,0.005,2000,5,1024
730,1.0679373e-11,1609.1885,-1.499592,1.0060369,4.733671,-9.700258,-77.4878144564846,-74.27787443824833,1560.0,20000000000.0,21000000000.0,0.3,0.4,0.0,1.229,8.643,4.321,4e-26,60.0,0.0211,0.0761,0.005,2000,5,1024
731,1.072825e-11,1609.0159,-1.5529747,0.8870721,4.9934697,-9.792476,-80.6357341079439,-79.33242228051228,1560.0,20000000000.0,21000000000.0,0.3,0.4,0.0,1.229,8.643,4.321,4e-26,60.0,0.0211,0.0761,0.005,2000,5,1024
732,1.0777125e-11,1608.8434,-1.6089911,0.76623905,5.2410007,-9.880747,-78.67489494937027,-72.51893159101846,1560.0,20000000000.0,21000000000.0,0.3,0.4,0.0,1.229,8.643,4.321,4e-26,60.0,0.0211,0.0761,0.005,2000,5,1024
733,1.08260016e-11,1608.6708,-1.6708775,0.646158,5.4738364,-9.96589,-77.67795610668153,-82.94883544225775,1560.0,20000000000.0,21000000000.0,0.3,0.4,0.0,1.229,8.643,4.321,4e-26,60.0,0.0211,0.0761,0.005,2000,5,1024
734,1.08748765e-11,1608.4985,-1.7355533,0.52596146,5.6900654,-10.047314,-72.38769761530511,-67.52490830685412,1560.0,20000000000.0,21000000000.0,0.3,0.4,0.0,1.229,8.643,4.321,4e-26,60.0,0.0211,0.0761,0.005,2000,5,1024
735,1.0923753e-11,1608.326,-1.8058248,0.40841445,5.8847365,-10.127792,-77.5209766430952,-75.47141820509782,1560.0,20000000000.0,21000000000.0,0.3,0.4,0.0,1.229,8.643,4.321,4e-26,60.0,0.0211,0.0761,0.005,2000,5,1024
736,1.0972628e-11,1608.1538,-1.878894,0.29246968,6.0581255,-10.20458,-79.88697094573915,-78.62880808284145,1560.0,20000000000.0,21000000000.0,0.3,0.4,0.0,1.229,8.643,4.321,4e-26,60.0,0.0211,0.0761,0.005,2000,5,1024
737,1.1021505e-11,1607.9814,-1.9567051,0.18063422,6.204525,-10.281293,-79.48042840105029,-71.25451704271404,1560.0,20000000000.0,21000000000.0,0.3,0.4,0.0,1.229,8.643,4.321,4e-26,60.0,0.0211,0.0761,0.005,2000,5,1024
738,1.107038e-11,1607.8091,-2.037967,0.072403654,6.325574,-10.351629,-77.51873501550361,-76.54571637070761,1560.0,20000000000.0,21000000000.0,0.3,0.4,0.0,1.229,8.643,4.321,4e-26,60.0,0.0211,0.0761,0.005,2000,5,1024
739,1.11192566e-11,1607.6367,-2.1221054,-0.031082103,6.4156866,-10.421009,-77.7126728929121,-75.3618584852311,1560.0,20000000000.0,21000000000.0,0.3,0.4,0.0,1.229,8.643,4.321,4e-26,60.0,0.0211,0.0761,0.005,2000,5,1024
740,1.11681315e-11,1607.4645,-2.209605,-0.12907846,6.4776597,-10.482121,-80.31125793453727,-81.22926068835048,1560.0,20000000000.0,21000000000.0,0.3,0.4,0.0,1.229,8.643,4.321,4e-26,60.0,0.0211,0.0761,0.005,2000,5,1024
741,1.1217008e-11,1607.2924,-2.298731,-0.22209473,6.507427,-10.538694,-79.63598977983857,-71.89758205942711,1560.0,20000000000.0,21000000000.0,0.3,0.4,0.0,1.229,8.643,4.321,4e-26,60.0,0.0211,0.0761,0.005,2000,5,1024
742,1.1265883e-11,1607.1201,-2.3904593,-0.30887854,6.5080147,-10.5842705,-80.17840550266236,-68.81169756160605,1560.0,20000000000.0,21000000000.0,0.3,0.4,0.0,1.229,8.643,4.321,4e-26,60.0,0.0211,0.0761,0.005,2000,5,1024
743,1.131476e-11,1606.948,-2.4820945,-0.39132422,6.475975,-10.622216,-88.2773628560578,-71.35870831354498,1560.0,20000000000.0,21000000000.0,0.3,0.4,0.0,1.229,8.643,4.321,4e-26,60.0,0.0211,0.0761,0.005,2000,5,1024
744,1.1363635e-11,1606.7759,-2.5749786,-0.46770886,6.415892,-10.646592,-78.72417634249325,-65.72631118019287,1560.0,20000000000.0,21000000000.0,0.3,0.4,0.0,1.229,8.643,4.321,4e-26,60.0,0.0211,0.0761,0.005,2000,5,1024
745,1.14125116e-11,1606.6039,-2.6665912,-0.54074836,6.3250003,-10.6589985,-88.31902371272086,-75.25573407000813,1560.0,20000000000.0,21000000000.0,0.3,0.4,0.0,1.229,8.643,4.321,4e-26,60.0,0.0211,0.0761,0.005,2000,5,1024
746,1.14613865e-11,1606.4319,-2.7579346,-0.60861456,6.2062497,-10.65757,-82.86093888578891,-82.27260304958988,1560.0,20000000000.0,21000000000.0,0.3,0.4,0.0,1.229,8.643,4.321,4e-26,60.0,0.0211,0.0761,0.005,2000,5,1024
747,1.1510263e-11,1606.2599,-2.846781,-0.6749863,6.0610905,-10.640225,-77.07822608145861,-80.78177962545456,1560.0,20000000000.0,21000000000.0,0.3,0.4,0.0,1.229,8.643,4.321,4e-26,60.0,0.0211,0.0761,0.005,2000,5,1024
748,1.1559138e-11,1606.0879,-2.9339209,-0.73882014,5.8902197,-10.60798,-79.77153908868452,-73.90344669653538,1560.0,20000000000.0,21000000000.0,0.3,0.4,0.0,1.229,8.643,4.321,4e-26,60.0,0.0211,0.0761,0.005,2000,5,1024
749,1.1608015e-11,1605.9161,-3.017871,-0.80219084,5.6972756,-10.557998,-86.98700520617837,-77.89246288263317,1560.0,20000000000.0,21000000000.0,0.3,0.4,0.0,1.229,8.643,4.321,4e-26,60.0,0.0211,0.0761,0.005,2000,5,1024
750,1.165689e-11,1605.7443,-3.098661,-0.8655353,5.480675,-10.493702,-76.65121711803734,-80.4821995860436,1560.0,20000000000.0,21000000000.0,0.3,0.4,0.0,1.229,8.643,4.321,4e-26,60.0,0.0211,0.0761,0.005,2000,5,1024
751,1.17057666e-11,1605.5724,-3.1758063,-0.92984605,5.247733,-10.409541,-77.13575082612476,-80.09388007896753,1560.0,20000000000.0,21000000000.0,0.3,0.4,0.0,1.229,8.643,4.321,4e-26,60.0,0.0211,0.0761,0.005,2000,5,1024
752,1.1754642e-11,1605.4006,-3.2486963,-0.9968465,4.9943566,-10.312442,-74.90138554960677,-78.12997443819066,1560.0,20000000000.0,21000000000.0,0.3,0.4,0.0,1.229,8.643,4.321,4e-26,60.0,0.0211,0.0761,0.005,2000,5,1024
753,1.1803519e-11,1605.2288,-3.3183305,-1.0655926,4.7286863,-10.195497,-81.00395733104578,-90.99242956810257,1560.0,20000000000.0,21000000000.0,0.3,0.4,0.0,1.229,8.643,4.321,4e-26,60.0,0.0211,0.0761,0.005,2000,5,1024
754,1.1852394e-11,1605.0571,-3.383194,-1.1379896,4.447234,-10.065973,-79.37438868882337,-101.06240022766573,1560.0,20000000000.0,21000000000.0,0.3,0.4,0.0,1.229,8.643,4.321,4e-26,60.0,0.0211,0.0761,0.005,2000,5,1024
755,1.1901271e-11,1604.8855,-3.4446461,-1.2128427,4.1563764,-9.918255,-79.98268309702561,-71.2852975482083,1560.0,20000000000.0,21000000000.0,0.3,0.4,0.0,1.229,8.643,4.321,4e-26,60.0,0.0211,0.0761,0.005,2000,5,1024
756,1.1950146e-11,1604.7139,-3.5015972,-1.2913628,3.854983,-9.758016,-74.4797055601044,-76.92607936327687,1560.0,20000000000.0,21000000000.0,0.3,0.4,0.0,1.229,8.643,4.321,4e-26,60.0,0.0211,0.0761,0.005,2000,5,1024
757,1.19990224e-11,1604.5421,-3.5554552,-1.3711429,3.5479116,-9.5819025,-78.92747397533563,-70.35855717722487,1560.0,20000000000.0,21000000000.0,0.3,0.4,0.0,1.229,8.643,4.321,4e-26,60.0,0.0211,0.0761,0.005,2000,5,1024
758,1.2047897e-11,1604.3706,-3.605053,-1.4535251,3.2355292,-9.3925705,-74.29801604916292,-76.86101785970945,1560.0,20000000000.0,21000000000.0,0.3,0.4,0.0,1.229,8.643,4.321,4e-26,60.0,0.0211,0.0761,0.005,2000,5,1024
759,1.2096774e-11,1604.1991,-3.6523862,-1.535683,2.9199812,-9.190584,-78.7823547312378,-69.57232523605397,1560.0,20000000000.0,21000000000.0,0.3,0.4,0.0,1.229,8.643,4.321,4e-26,60.0,0.0211,0.0761,0.005,2000,5,1024
760,1.2145649e-11,1604.0275,-3.6960397,-1.6180326,2.6044357,-8.975011,-75.34135766873544,-70.5651391081956,1560.0,20000000000.0,21000000000.0,0.3,0.4,0.0,1.229,8.643,4.321,4e-26,60.0,0.0211,0.0761,0.005,2000,5,1024
761,1.2194526e-11,1603.8561,-3.737456,-1.6979133,2.2882714,-8.749951,-80.11101244115207,-73.70087872792936,1560.0,20000000000.0,21000000000.0,0.3,0.4,0.0,1.229,8.643,4.321,4e-26,60.0,0.0211,0.0761,0.005,2000,5,1024
762,1.2243401e-11,1603.6846,-3.7757905,-1.7752874,1.9782339,-8.510836,-74.33565630153053,-71.06299483610354,1560.0,20000000000.0,21000000000.0,0.3,0.4,0.0,1.229,8.643,4.321,4e-26,60.0,0.0211,0.0761,0.005,2000,5,1024
763,1.22922774e-11,1603.5134,-3.8118656,-1.8476266,1.6691865,-8.265836,-83.67667565247308,-73.46172357244448,1560.0,20000000000.0,21000000000.0,0.3,0.4,0.0,1.229,8.643,4.321,4e-26,60.0,0.0211,0.0761,0.005,2000,5,1024
764,1.2341152e-11,1603.342,-3.8457446,-1.9139119,1.370023,-8.008112,-79.71013234732308,-67.51478351276515,1560.0,20000000000.0,21000000000.0,0.3,0.4,0.0,1.229,8.643,4.321,4e-26,60.0,0.0211,0.0761,0.005,2000,5,1024
765,1.2390029e-11,1603.1708,-3.876739,-1.9733329,1.0750657,-7.7460685,-86.45855201817376,-72.21309075976956,1560.0,20000000000.0,21000000000.0,0.3,0.4,0.0,1.229,8.643,4.321,4e-26,60.0,0.0211,0.0761,0.005,2000,5,1024
766,1.2438904e-11,1602.9994,-3.905247,-2.0243232,0.7919886,-7.4743714,-81.7485273761358,-70.64688000265429,1560.0,20000000000.0,21000000000.0,0.3,0.4,0.0,1.229,8.643,4.321,4e-26,60.0,0.0211,0.0761,0.005,2000,5,1024
767,1.2487781e-11,1602.8282,-3.9303346,-2.0665996,0.5149632,-7.19978,-78.73885427677212,-78.39695665391955,1560.0,20000000000.0,21000000000.0,0.3,0.4,0.0,1.229,8.643,4.321,4e-26,60.0,0.0211,0.0761,0.005,2000,5,1024
768,1.2536656e-11,1602.657,-3.9525144,-2.0990045,0.24943891,-6.9194384,-81.98791172752634,-78.93158173413822,1560.0,20000000000.0,21000000000.0,0.3,0.4,0.0,1.229,8.643,4.321,4e-26,60.0,0.0211,0.0761,0.005,2000,5,1024
769,1.25855324e-11,1602.4858,-3.970197,-2.1214306,-0.0077698203,-6.638072,-81.2232376906839,-74.33942179801961,1560.0,20000000000.0,21000000000.0,0.3,0.4,0.0,1.229,8.643,4.321,4e-26,60.0,0.0211,0.0761,0.005,2000,5,1024
770,1.2634409e-11,1602.3147,-3.9842246,-2.132879,-0.25589466,-6.3559294,-74.15966716099071,-76.71390058376772,1560.0,20000000000.0,21000000000.0,0.3,0.4,0.0,1.229,8.643,4.321,4e-26,60.0,0.0211,0.0761,0.005,2000,5,1024
771,1.2683284e-11,1602.1434,-3.9927316,-2.1348789,-0.4949741,-6.073824,-76.29908483594015,-81.70934341584994,1560.0,20000000000.0,21000000000.0,0.3,0.4,0.0,1.229,8.643,4.321,4e-26,60.0,0.0211,0.0761,0.005,2000,5,1024
772,1.2732161e-11,1601.9725,-3.9964461,-2.125836,-0.7298279,-5.7959,-76.11021299771923,-77.93934117451491,1560.0,20000000000.0,21000000000.0,0.3,0.4,0.0,1.229,8.643,4.321,4e-26,60.0,0.0211,0.0761,0.005,2000,5,1024
773,1.2781036e-11,1601.8014,-3.9935777,-2.1080174,-0.95630854,-5.519692,-81.13275182541437,-80.06310478742542,1560.0,20000000000.0,21000000000.0,0.3,0.4,0.0,1.229,8.643,4.321,4e-26,60.0,0.0211,0.0761,0.005,2000,5,1024
774,1.28299125e-11,1601.6304,-3.9852648,-2.0801897,-1.1833645,-5.2528443,-75.15631076068425,-72.6643579017034,1560.0,20000000000.0,21000000000.0,0.3,0.4,0.0,1.229,8.643,4.321,4e-26,60.0,0.0211,0.0761,0.005,2000,5,1024
775,1.28787874e-11,1601.4595,-3.9698062,-2.0444384,-1.4057506,-4.9898677,-81.94887260035982,-78.81896002577592,1560.0,20000000000.0,21000000000.0,0.3,0.4,0.0,1.229,8.643,4.321,4e-26,60.0,0.0211,0.0761,0.005,2000,5,1024
776,1.2927664e-11,1601.2886,-3.9479563,-2.0006313,-1.6325785,-4.739167,-78.68633690611085,-74.31565479220198,1560.0,20000000000.0,21000000000.0,0.3,0.4,0.0,1.229,8.643,4.321,4e-26,60.0,0.0211,0.0761,0.005,2000,5,1024
777,1.2976539e-11,1601.1178,-3.9197443,-1.9500371,-1.8591781,-4.4958987,-89.1539926984057,-83.33164488224267,1560.0,20000000000.0,21000000000.0,0.3,0.4,0.0,1.229,8.643,4.321,4e-26,60.0,0.0211,0.0761,0.005,2000,5,1024
778,1.3025416e-11,1600.9469,-3.8844364,-1.8934177,-2.093517,-4.26659,-74.52269145645921,-76.39340372060865,1560.0,20000000000.0,21000000000.0,0.3,0.4,0.0,1.229,8.643,4.321,4e-26,60.0,0.0211,0.0761,0.005,2000,5,1024
779,1.3074291e-11,1600.7761,-3.8435547,-1.830695,-2.332833,-4.047405,-84.63947178098927,-78.72089751718917,1560.0,20000000000.0,21000000000.0,0.3,0.4,0.0,1.229,8.643,4.321,4e-26,60.0,0.0211,0.0761,0.005,2000,5,1024
780,1.31231675e-11,1600.6053,-3.7959945,-1.7636567,-2.580627,-3.8431916,-83.80305373515091,-72.50298382616492,1560.0,20000000000.0,21000000000.0,0.3,0.4,0.0,1.229,8.643,4.321,4e-26,60.0,0.0211,0.0761,0.005,2000,5,1024
781,1.31720424e-11,1600.4347,-3.7437682,-1.6916866,-2.8364196,-3.6514158,-96.08248067430146,-81.7757766043389,1560.0,20000000000.0,21000000000.0,0.3,0.4,0.0,1.229,8.643,4.321,4e-26,60.0,0.0211,0.0761,0.005,2000,5,1024
782,1.3220919e-11,1600.2639,-3.685147,-1.6166947,-3.1002715,-3.4744692,-80.99869988603419,-75.61075273688266,1560.0,20000000000.0,21000000000.0,0.3,0.4,0.0,1.229,8.643,4.321,4e-26,60.0,0.0211,0.0761,0.005,2000,5,1024
783,1.3269794e-11,1600.0933,-3.6229372,-1.5375333,-3.3716898,-3.3120866,-79.49732409885215,-73.6732005698618,1560.0,20000000000.0,21000000000.0,0.3,0.4,0.0,1.229,8.643,4.321,4e-26,60.0,0.0211,0.0761,0.005,2000,5,1024
784,1.3318671e-11,1599.9226,-3.5557034,-1.4561962,-3.6482651,-3.1620533,-79.8142073420187,-71.37930994001809,1560.0,20000000000.0,21000000000.0,0.3,0.4,0.0,1.229,8.643,4.321,4e-26,60.0,0.0211,0.0761,0.005,2000,5,1024
785,1.3367546e-11,1599.7521,-3.485313,-1.3712713,-3.9307122,-3.0283413,-77.95142896803533,-72.09386847443129,1560.0,20000000000.0,21000000000.0,0.3,0.4,0.0,1.229,8.643,4.321,4e-26,60.0,0.0211,0.0761,0.005,2000,5,1024
786,1.34164225e-11,1599.5815,-3.410942,-1.2853317,-4.2125683,-2.9053738,-84.43604975777305,-73.27330323660077,1560.0,20000000000.0,21000000000.0,0.3,0.4,0.0,1.229,8.643,4.321,4e-26,60.0,0.0211,0.0761,0.005,2000,5,1024
787,1.34652975e-11,1599.411,-3.3340673,-1.1969858,-4.495223,-2.7978868,-91.49355111270094,-76.93363267647368,1560.0,20000000000.0,21000000000.0,0.3,0.4,0.0,1.229,8.643,4.321,4e-26,60.0,0.0211,0.0761,0.005,2000,5,1024
788,1.3514174e-11,1599.2405,-3.2540307,-1.1070105,-4.7709045,-2.6991324,-88.54554944766122,-76.20318929961569,1560.0,20000000000.0,21000000000.0,0.3,0.4,0.0,1.229,8.643,4.321,4e-26,60.0,0.0211,0.0761,0.005,2000,5,1024
789,1.3563049e-11,1599.0701,-3.1718988,-1.0158913,-5.039597,-2.6144257,-80.19966390458208,-71.34555515055034,1560.0,20000000000.0,21000000000.0,0.3,0.4,0.0,1.229,8.643,4.321,4e-26,60.0,0.0211,0.0761,0.005,2000,5,1024
790,1.3611926e-11,1598.8997,-3.0876951,-0.9240529,-5.294397,-2.5382383,-81.81438306264522,-70.57846149870747,1560.0,20000000000.0,21000000000.0,0.3,0.4,0.0,1.229,8.643,4.321,4e-26,60.0,0.0211,0.0761,0.005,2000,5,1024
791,1.3660801e-11,1598.7294,-3.0010507,-0.83221465,-5.5346246,-2.4733713,-84.82766892602613,-71.67594480696789,1560.0,20000000000.0,21000000000.0,0.3,0.4,0.0,1.229,8.643,4.321,4e-26,60.0,0.0211,0.0761,0.005,2000,5,1024
792,1.37096775e-11,1598.5591,-2.9132547,-0.73948747,-5.754019,-2.4164464,-78.45186573020843,-78.3571381753206,1560.0,20000000000.0,21000000000.0,0.3,0.4,0.0,1.229,8.643,4.321,4e-26,60.0,0.0211,0.0761,0.005,2000,5,1024
793,1.37585525e-11,1598.3888,-2.822853,-0.6482614,-5.9519935,-2.3684936,-85.32725251010515,-77.575407682541,1560.0,20000000000.0,21000000000.0,0.3,0.4,0.0,1.229,8.643,4.321,4e-26,60.0,0.0211,0.0761,0.005,2000,5,1024
794,1.3807429e-11,1598.2184,-2.732619,-0.55663353,-6.1232004,-2.3282182,-81.45723686567165,-84.28519839290027,1560.0,20000000000.0,21000000000.0,0.3,0.4,0.0,1.229,8.643,4.321,4e-26,60.0,0.0211,0.0761,0.005,2000,5,1024
795,1.3856304e-11,1598.0482,-2.6400461,-0.46745786,-6.266888,-2.296124,-82.53857700738288,-76.24959200068118,1560.0,20000000000.0,21000000000.0,0.3,0.4,0.0,1.229,8.643,4.321,4e-26,60.0,0.0211,0.0761,0.005,2000,5,1024
796,1.3905181e-11,1597.878,-2.5479548,-0.37835857,-6.38074,-2.272344,-83.09637890630086,-70.60441170282832,1560.0,20000000000.0,21000000000.0,0.3,0.4,0.0,1.229,8.643,4.321,4e-26,60.0,0.0211,0.0761,0.005,2000,5,1024
797,1.3954056e-11,1597.7079,-2.4546905,-0.29184708,-6.4628315,-2.255736,-88.72691426530211,-79.51465968355552,1560.0,20000000000.0,21000000000.0,0.3,0.4,0.0,1.229,8.643,4.321,4e-26,60.0,0.0211,0.0761,0.005,2000,5,1024
798,1.40029325e-11,1597.5378,-2.362528,-0.20598048,-6.5141287,-2.2484515,-79.45074406950442,-72.89586003928078,1560.0,20000000000.0,21000000000.0,0.3,0.4,0.0,1.229,8.643,4.321,4e-26,60.0,0.0211,0.0761,0.005,2000,5,1024
799,1.40518075e-11,1597.3677,-2.2708097,-0.12205149,-6.532717,-2.2480328,-73.58209154216507,-72.50756909784488,1560.0,20000000000.0,21000000000.0,0.3,0.4,0.0,1.229,8.643,4.321,4e-26,60.0,0.0211,0.0761,0.005,2000,5,1024
800,1.4100684e-11,1597.1976,-2.1804335,-0.038916163,-6.520927,-2.2598042,-87.3133827789158,-64.95396304266339,1560.0,20000000000.0,21000000000.0,0.3,0.4,0.0,1.229,8.643,4.321,4e-26,60.0,0.0211,0.0761,0.005,2000,5,1024
801,1.4149559e-11,1597.0277,-2.0926332,0.043547854,-6.4770594,-2.2786057,-74.21417615606403,-77.02960255487992,1560.0,20000000000.0,21000000000.0,0.3,0.4,0.0,1.229,8.643,4.321,4e-26,60.0,0.0211,0.0761,0.005,2000,5,1024
802,1.4198436e-11,1596.8575,-2.0072196,0.12550296,-6.4059052,-2.3110983,-84.06733757539595,-80.293320817378,1560.0,20000000000.0,21000000000.0,0.3,0.4,0.0,1.229,8.643,4.321,4e-26,60.0,0.0211,0.0761,0.005,2000,5,1024
803,1.4247311e-11,1596.6877,-1.9256444,0.20897973,-6.304672,-2.3523855,-74.20775902810037,-70.93792964269284,1560.0,20000000000.0,21000000000.0,0.3,0.4,0.0,1.229,8.643,4.321,4e-26,60.0,0.0211,0.0761,0.005,2000,5,1024
804,1.42961875e-11,1596.5178,-1.8475748,0.29256076,-6.1791306,-2.4079897,-85.8629634650924,-78.49458960409231,1560.0,20000000000.0,21000000000.0,0.3,0.4,0.0,1.229,8.643,4.321,4e-26,60.0,0.0211,0.0761,0.005,2000,5,1024
805,1.43450625e-11,1596.348,-1.7749913,0.37927365,-6.027205,-2.4737496,-81.30741054249171,-74.68176870700236,1560.0,20000000000.0,21000000000.0,0.3,0.4,0.0,1.229,8.643,4.321,4e-26,60.0,0.0211,0.0761,0.005,2000,5,1024
806,1.4393939e-11,1596.1782,-1.7067765,0.46746087,-5.854681,-2.553937,-77.70848776865486,-74.69552479179583,1560.0,20000000000.0,21000000000.0,0.3,0.4,0.0,1.229,8.643,4.321,4e-26,60.0,0.0211,0.0761,0.005,2000,5,1024
807,1.4442814e-11,1596.0084,-1.645474,0.5599683,-5.6604137,-2.6462352,-77.52777840143582,-70.16446275432102,1560.0,20000000000.0,21000000000.0,0.3,0.4,0.0,1.229,8.643,4.321,4e-26,60.0,0.0211,0.0761,0.005,2000,5,1024
808,1.4491691e-11,1595.8387,-1.5889682,0.6552317,-5.446983,-2.7514324,-77.68552968218806,-76.4178520869798,1560.0,20000000000.0,21000000000.0,0.3,0.4,0.0,1.229,8.643,4.321,4e-26,60.0,0.0211,0.0761,0.005,2000,5,1024
809,1.4540566e-11,1595.669,-1.5400611,0.7549564,-5.216664,-2.870297,-76.02379446059233,-74.54656619867363,1560.0,20000000000.0,21000000000.0,0.3,0.4,0.0,1.229,8.643,4.321,4e-26,60.0,0.0211,0.0761,0.005,2000,5,1024
810,1.4589443e-11,1595.4993,-1.4966283,0.85777974,-4.9704337,-2.9998293,-81.81189542141226,-74.35636781542632,1560.0,20000000000.0,21000000000.0,0.3,0.4,0.0,1.229,8.643,4.321,4e-26,60.0,0.0211,0.0761,0.005,2000,5,1024
811,1.4638318e-11,1595.3296,-1.4600039,0.9646574,-4.7117224,-3.1437535,-78.88856598641235,-83.9503501160236,1560.0,20000000000.0,21000000000.0,0.3,0.4,0.0,1.229,8.643,4.321,4e-26,60.0,0.0211,0.0761,0.005,2000,5,1024
812,1.4687194e-11,1595.16,-1.4292127,1.0741646,-4.43782,-3.2967815,-74.718243272277,-70.8269597513869,1560.0,20000000000.0,21000000000.0,0.3,0.4,0.0,1.229,8.643,4.321,4e-26,60.0,0.0211,0.0761,0.005,2000,5,1024
813,1.473607e-11,1594.9904,-1.4041849,1.1857872,-4.1557016,-3.4642682,-77.50810783162159,-83.11233031561889,1560.0,20000000000.0,21000000000.0,0.3,0.4,0.0,1.229,8.643,4.321,4e-26,60.0,0.0211,0.0761,0.005,2000,5,1024
814,1.4784946e-11,1594.8209,-1.3842475,1.2985089,-3.8617377,-3.6380663,-77.22512148893513,-74.9250394001804,1560.0,20000000000.0,21000000000.0,0.3,0.4,0.0,1.229,8.643,4.321,4e-26,60.0,0.0211,0.0761,0.005,2000,5,1024
815,1.4833822e-11,1594.6514,-1.3680754,1.4108945,-3.5617023,-3.825834,-79.11566855880659,-78.41329977578658,1560.0,20000000000.0,21000000000.0,0.3,0.4,0.0,1.229,8.643,4.321,4e-26,60.0,0.0211,0.0761,0.005,2000,5,1024
816,1.4882698e-11,1594.4819,-1.3562535,1.5219065,-3.2526162,-4.019688,-76.55567864613548,-87.33860107835886,1560.0,20000000000.0,21000000000.0,0.3,0.4,0.0,1.229,8.643,4.321,4e-26,60.0,0.0211,0.0761,0.005,2000,5,1024
817,1.4931573e-11,1594.3125,-1.346194,1.6291519,-2.9410014,-4.225804,-83.0815058436432,-86.94201948736286,1560.0,20000000000.0,21000000000.0,0.3,0.4,0.0,1.229,8.643,4.321,4e-26,60.0,0.0211,0.0761,0.005,2000,5,1024
818,1.498045e-11,1594.1431,-1.3388652,1.7324375,-2.6240046,-4.438102,-70.31357347585505,-74.6193434543804,1560.0,20000000000.0,21000000000.0,0.3,0.4,0.0,1.229,8.643,4.321,4e-26,60.0,0.0211,0.0761,0.005,2000,5,1024
819,1.5029325e-11,1593.9738,-1.3313409,1.8287268,-2.3065724,-4.6600184,-76.13734113454265,-89.21780513800526,1560.0,20000000000.0,21000000000.0,0.3,0.4,0.0,1.229,8.643,4.321,4e-26,60.0,0.0211,0.0761,0.005,2000,5,1024
820,1.50782e-11,1593.8046,-1.3252758,1.9180281,-1.9880463,-4.8893223,-81.37092522699966,-74.82923119342588,1560.0,20000000000.0,21000000000.0,0.3,0.4,0.0,1.229,8.643,4.321,4e-26,60.0,0.0211,0.0761,0.005,2000,5,1024
821,1.5127077e-11,1593.6353,-1.3174797,1.9977659,-1.6704831,-5.1243877,-81.57037468502025,-67.53133241726049,1560.0,20000000000.0,21000000000.0,0.3,0.4,0.0,1.229,8.643,4.321,4e-26,60.0,0.0211,0.0761,0.005,2000,5,1024
822,1.5175953e-11,1593.466,-1.3099409,2.067364,-1.3571051,-5.367725,-87.33947420723854,-69.79033177393184,1560.0,20000000000.0,21000000000.0,0.3,0.4,0.0,1.229,8.643,4.321,4e-26,60.0,0.0211,0.0761,0.005,2000,5,1024
823,1.5224828e-11,1593.2969,-1.3002912,2.125811,-1.0447544,-5.613334,-83.53799442067651,-80.26707321257055,1560.0,20000000000.0,21000000000.0,0.3,0.4,0.0,1.229,8.643,4.321,4e-26,60.0,0.0211,0.0761,0.005,2000,5,1024
824,1.5273704e-11,1593.1276,-1.2898853,2.172421,-0.7403075,-5.86749,-83.6922162895096,-71.68652392552524,1560.0,20000000000.0,21000000000.0,0.3,0.4,0.0,1.229,8.643,4.321,4e-26,60.0,0.0211,0.0761,0.005,2000,5,1024
825,1.532258e-11,1592.9585,-1.2779925,2.206269,-0.43799272,-6.120118,-78.51157907399859,-73.81468796060433,1560.0,20000000000.0,21000000000.0,0.3,0.4,0.0,1.229,8.643,4.321,4e-26,60.0,0.0211,0.0761,0.005,2000,5,1024
826,1.5371456e-11,1592.7893,-1.2655975,2.228048,-0.14592437,-6.378933,-83.07654338929339,-73.84786862862396,1560.0,20000000000.0,21000000000.0,0.3,0.4,0.0,1.229,8.643,4.321,4e-26,60.0,0.0211,0.0761,0.005,2000,5,1024
827,1.5420332e-11,1592.6202,-1.2530198,2.2369998,0.14480689,-6.634256,-91.43143425262124,-76.89651920584635,1560.0,20000000000.0,21000000000.0,0.3,0.4,0.0,1.229,8.643,4.321,4e-26,60.0,0.0211,0.0761,0.005,2000,5,1024
828,1.5469208e-11,1592.4512,-1.2407374,2.2335465,0.42621854,-6.891378,-79.39368111778924,-68.46297999912748,1560.0,20000000000.0,21000000000.0,0.3,0.4,0.0,1.229,8.643,4.321,4e-26,60.0,0.0211,0.0761,0.005,2000,5,1024
829,1.5518083e-11,1592.2821,-1.2299279,2.2178636,0.70517373,-7.142389,-74.88148547606939,-74.23947315783111,1560.0,20000000000.0,21000000000.0,0.3,0.4,0.0,1.229,8.643,4.321,4e-26,60.0,0.0211,0.0761,0.005,2000,5,1024
830,1.556696e-11,1592.1133,-1.220532,2.190408,0.97817767,-7.39033,-78.74068719113423,-70.52165476202218,1560.0,20000000000.0,21000000000.0,0.3,0.4,0.0,1.229,8.643,4.321,4e-26,60.0,0.0211,0.0761,0.005,2000,5,1024
831,1.5615835e-11,1591.9443,-1.214493,2.1529293,1.2493442,-7.6300874,-73.70852466333302,-74.14366026747959,1560.0,20000000000.0,21000000000.0,0.3,0.4,0.0,1.229,8.643,4.321,4e-26,60.0,0.0211,0.0761,0.005,2000,5,1024
832,1.566471e-11,1591.7755,-1.210369,2.1040769,1.5179622,-7.862045,-109.70739811932546,-87.75816895769267,1560.0,20000000000.0,21000000000.0,0.3,0.4,0.0,1.229,8.643,4.321,4e-26,60.0,0.0211,0.0761,0.005,2000,5,1024
833,1.5713587e-11,1591.6066,-1.2114155,2.0467143,1.7851902,-8.08412,-79.5036468554609,-70.87887833520826,1560.0,20000000000.0,21000000000.0,0.3,0.4,0.0,1.229,8.643,4.321,4e-26,60.0,0.0211,0.0761,0.005,2000,5,1024
834,1.5762463e-11,1591.4379,-1.2155776,1.9798709,2.0541732,-8.293348,-87.77544310215103,-87.91783737448796,1560.0,20000000000.0,21000000000.0,0.3,0.4,0.0,1.229,8.643,4.321,4e-26,60.0,0.0211,0.0761,0.005,2000,5,1024
835,1.5811338e-11,1591.269,-1.2249662,1.905761,2.3215742,-8.492898,-80.69026391219994,-74.91029298585832,1560.0,20000000000.0,21000000000.0,0.3,0.4,0.0,1.229,8.643,4.321,4e-26,60.0,0.0211,0.0761,0.005,2000,5,1024
836,1.5860214e-11,1591.1002,-1.2382761,1.8234376,2.5942411,-8.676541,-83.1111072221985,-78.3464068941174,1560.0,20000000000.0,21000000000.0,0.3,0.4,0.0,1.229,8.643,4.321,4e-26,60.0,0.0211,0.0761,0.005,2000,5,1024
837,1.590909e-11,1590.9315,-1.2569721,1.7351235,2.8659241,-8.84993,-78.64986209689312,-73.2373826425144,1560.0,20000000000.0,21000000000.0,0.3,0.4,0.0,1.229,8.643,4.321,4e-26,60.0,0.0211,0.0761,0.005,2000,5,1024
838,1.5957966e-11,1590.763,-1.2797797,1.640619,3.142818,-9.005927,-80.93512361226026,-87.01300190596578,1560.0,20000000000.0,21000000000.0,0.3,0.4,0.0,1.229,8.643,4.321,4e-26,60.0,0.0211,0.0761,0.005,2000,5,1024
839,1.6006842e-11,1590.5942,-1.3073423,1.540602,3.4193,-9.153004,-87.02912252508091,-75.61042122464416,1560.0,20000000000.0,21000000000.0,0.3,0.4,0.0,1.229,8.643,4.321,4e-26,60.0,0.0211,0.0761,0.005,2000,5,1024
840,1.6055718e-11,1590.4257,-1.3395033,1.4357306,3.6993303,-9.284912,-80.0792553744331,-82.35776796291717,1560.0,20000000000.0,21000000000.0,0.3,0.4,0.0,1.229,8.643,4.321,4e-26,60.0,0.0211,0.0761,0.005,2000,5,1024
841,1.6104593e-11,1590.2571,-1.3755593,1.3263342,3.9767268,-9.40836,-78.8661066512261,-79.45055885119478,1560.0,20000000000.0,21000000000.0,0.3,0.4,0.0,1.229,8.643,4.321,4e-26,60.0,0.0211,0.0761,0.005,2000,5,1024
842,1.615347e-11,1590.0886,-1.4169787,1.2138593,4.254077,-9.519902,-78.5730289884226,-71.58485627877049,1560.0,20000000000.0,21000000000.0,0.3,0.4,0.0,1.229,8.643,4.321,4e-26,60.0,0.0211,0.0761,0.005,2000,5,1024
843,1.6202345e-11,1589.92,-1.4614048,1.0978544,4.5264463,-9.624505,-86.93962261328863,-72.6080587330204,1560.0,20000000000.0,21000000000.0,0.3,0.4,0.0,1.229,8.643,4.321,4e-26,60.0,0.0211,0.0761,0.005,2000,5,1024
844,1.625122e-11,1589.7516,-1.5115538,0.98000926,4.7925277,-9.721123,-72.63731480740334,-69.1289560179375,1560.0,20000000000.0,21000000000.0,0.3,0.4,0.0,1.229,8.643,4.321,4e-26,60.0,0.0211,0.0761,0.005,2000,5,1024
845,1.6300097e-11,1589.5831,-1.5644127,0.85973907,5.0494785,-9.812423,-74.29988275039611,-68.09492272928175,1560.0,20000000000.0,21000000000.0,0.3,0.4,0.0,1.229,8.643,4.321,4e-26,60.0,0.0211,0.0761,0.005,2000,5,1024
846,1.6348973e-11,1589.4148,-1.622991,0.7398916,5.293898,-9.900325,-74.88647817880843,-78.09985015163953,1560.0,20000000000.0,21000000000.0,0.3,0.4,0.0,1.229,8.643,4.321,4e-26,60.0,0.0211,0.0761,0.005,2000,5,1024
847,1.6397848e-11,1589.2463,-1.6843622,0.61891055,5.523836,-9.983467,-86.43617439957823,-65.87727883738124,1560.0,20000000000.0,21000000000.0,0.3,0.4,0.0,1.229,8.643,4.321,4e-26,60.0,0.0211,0.0761,0.005,2000,5,1024
848,1.6446724e-11,1589.0782,-1.7512602,0.50013256,5.734725,-10.0661955,-74.36053663764639,-67.07688041573428,1560.0,20000000000.0,21000000000.0,0.3,0.4,0.0,1.229,8.643,4.321,4e-26,60.0,0.0211,0.0761,0.005,2000,5,1024
849,1.64956e-11,1588.9099,-1.8214101,0.3820909,5.9260025,-10.144281,-85.54296707108753,-65.92797597267507,1560.0,20000000000.0,21000000000.0,0.3,0.4,0.0,1.229,8.643,4.321,4e-26,60.0,0.0211,0.0761,0.005,2000,5,1024
850,1.6544476e-11,1588.7416,-1.8958602,0.2674176,6.0922284,-10.222841,-78.49962163270979,-71.47600066423394,1560.0,20000000000.0,21000000000.0,0.3,0.4,0.0,1.229,8.643,4.321,4e-26,60.0,0.0211,0.0761,0.005,2000,5,1024
851,1.6593352e-11,1588.5735,-1.9744024,0.15608971,6.23435,-10.296277,-76.179317908917,-74.08822696798266,1560.0,20000000000.0,21000000000.0,0.3,0.4,0.0,1.229,8.643,4.321,4e-26,60.0,0.0211,0.0761,0.005,2000,5,1024
852,1.6642228e-11,1588.4052,-2.0560927,0.0488595,6.3474817,-10.368813,-74.98521040105105,-72.89565722502728,1560.0,20000000000.0,21000000000.0,0.3,0.4,0.0,1.229,8.643,4.321,4e-26,60.0,0.0211,0.0761,0.005,2000,5,1024
853,1.6691103e-11,1588.237,-2.1417153,-0.053109176,6.432845,-10.433916,-81.19206800780378,-74.79842075691863,1560.0,20000000000.0,21000000000.0,0.3,0.4,0.0,1.229,8.643,4.321,4e-26,60.0,0.0211,0.0761,0.005,2000,5,1024
854,1.673998e-11,1588.0691,-2.2290452,-0.15042342,6.4862328,-10.49592,-87.11973715586753,-81.56136919628013,1560.0,20000000000.0,21000000000.0,0.3,0.4,0.0,1.229,8.643,4.321,4e-26,60.0,0.0211,0.0761,0.005,2000,5,1024
855,1.6788857e-11,1587.9009,-2.319483,-0.24143203,6.511021,-10.548425,-73.89813962821547,-82.92493361708914,1560.0,20000000000.0,21000000000.0,0.3,0.4,0.0,1.229,8.643,4.321,4e-26,60.0,0.0211,0.0761,0.005,2000,5,1024
856,1.6837733e-11,1587.7329,-2.4102912,-0.3282401,6.503206,-10.5944,-92.5576305577587,-83.62817749140562,1560.0,20000000000.0,21000000000.0,0.3,0.4,0.0,1.229,8.643,4.321,4e-26,60.0,0.0211,0.0761,0.005,2000,5,1024
857,1.6886608e-11,1587.5648,-2.5030992,-0.4082143,6.4655933,-10.628415,-80.94114196425647,-81.77285569243597,1560.0,20000000000.0,21000000000.0,0.3,0.4,0.0,1.229,8.643,4.321,4e-26,60.0,0.0211,0.0761,0.005,2000,5,1024
858,1.6935484e-11,1587.397,-2.594895,-0.4849799,6.3979607,-10.650517,-80.83550773256167,-77.59348628235672,1560.0,20000000000.0,21000000000.0,0.3,0.4,0.0,1.229,8.643,4.321,4e-26,60.0,0.0211,0.0761,0.005,2000,5,1024
859,1.698436e-11,1587.229,-2.6874633,-0.5557284,6.3007083,-10.66036,-74.60634316959037,-73.58633628592915,1560.0,20000000000.0,21000000000.0,0.3,0.4,0.0,1.229,8.643,4.321,4e-26,60.0,0.0211,0.0761,0.005,2000,5,1024
860,1.7033236e-11,1587.061,-2.7776577,-0.62404054,6.17655,-10.654632,-83.54176812938522,-83.44550340502856,1560.0,20000000000.0,21000000000.0,0.3,0.4,0.0,1.229,8.643,4.321,4e-26,60.0,0.0211,0.0761,0.005,2000,5,1024
861,1.7082112e-11,1586.8932,-2.8668194,-0.6890285,6.024427,-10.635097,-76.7390062817136,-71.8883872221423,1560.0,20000000000.0,21000000000.0,0.3,0.4,0.0,1.229,8.643,4.321,4e-26,60.0,0.0211,0.0761,0.005,2000,5,1024
862,1.7130986e-11,1586.7255,-2.9527245,-0.75283545,5.8497996,-10.597459,-82.15086433071485,-74.17063371767865,1560.0,20000000000.0,21000000000.0,0.3,0.4,0.0,1.229,8.643,4.321,4e-26,60.0,0.0211,0.0761,0.005,2000,5,1024
863,1.7179863e-11,1586.5579,-3.0361238,-0.8161386,5.6501656,-10.546295,-91.97892240073715,-71.14771679580714,1560.0,20000000000.0,21000000000.0,0.3,0.4,0.0,1.229,8.643,4.321,4e-26,60.0,0.0211,0.0761,0.005,2000,5,1024
864,1.7228738e-11,1586.39,-3.1161368,-0.8796485,5.432047,-10.474852,-77.28050921800849,-71.38341301084216,1560.0,20000000000.0,21000000000.0,0.3,0.4,0.0,1.229,8.643,4.321,4e-26,60.0,0.0211,0.0761,0.005,2000,5,1024
865,1.7277615e-11,1586.2223,-3.192107,-0.9448354,5.191808,-10.3909025,-74.3545621023656,-70.49043849661678,1560.0,20000000000.0,21000000000.0,0.3,0.4,0.0,1.229,8.643,4.321,4e-26,60.0,0.0211,0.0761,0.005,2000,5,1024
866,1.732649e-11,1586.0546,-3.2649515,-1.011465,4.9375806,-10.286847,-77.0587307382229,-64.30924221019453,1560.0,20000000000.0,21000000000.0,0.3,0.4,0.0,1.229,8.643,4.321,4e-26,60.0,0.0211,0.0761,0.005,2000,5,1024
867,1.7375367e-11,1585.887,-3.3328466,-1.0817373,4.6664314,-10.169431,-76.02082436858353,-63.510120233574185,1560.0,20000000000.0,21000000000.0,0.3,0.4,0.0,1.229,8.643,4.321,4e-26,60.0,0.0211,0.0761,0.005,2000,5,1024
868,1.7424241e-11,1585.7194,-3.3974602,-1.1541085,4.384103,-10.033672,-86.49665539872163,-65.35907146811545,1560.0,20000000000.0,21000000000.0,0.3,0.4,0.0,1.229,8.643,4.321,4e-26,60.0,0.0211,0.0761,0.005,2000,5,1024
869,1.7473118e-11,1585.5518,-3.4573047,-1.2301949,4.0895157,-9.884632,-72.43819628753789,-74.64293271734948,1560.0,20000000000.0,21000000000.0,0.3,0.4,0.0,1.229,8.643,4.321,4e-26,60.0,0.0211,0.0761,0.005,2000,5,1024
870,1.7521993e-11,1585.3842,-3.514251,-1.3085068,3.7872708,-9.719738,-86.39595946923278,-74.90404784635575,1560.0,20000000000.0,21000000000.0,0.3,0.4,0.0,1.229,8.643,4.321,4e-26,60.0,0.0211,0.0761,0.005,2000,5,1024
871,1.757087e-11,1585.2168,-3.5665874,-1.3897157,3.4789531,-9.540908,-95.24652353486113,-83.61516072601438,1560.0,20000000000.0,21000000000.0,0.3,0.4,0.0,1.229,8.643,4.321,4e-26,60.0,0.0211,0.0761,0.005,2000,5,1024
872,1.7619744e-11,1585.0492,-3.61622,-1.4714426,3.164981,-9.349198,-76.25110404691961,-77.94107029816251,1560.0,20000000000.0,21000000000.0,0.3,0.4,0.0,1.229,8.643,4.321,4e-26,60.0,0.0211,0.0761,0.005,2000,5,1024
873,1.7668622e-11,1584.8818,-3.6622353,-1.5543938,2.850667,-9.142672,-82.18162483652608,-78.04804384230721,1560.0,20000000000.0,21000000000.0,0.3,0.4,0.0,1.229,8.643,4.321,4e-26,60.0,0.0211,0.0761,0.005,2000,5,1024
874,1.7717498e-11,1584.7144,-3.705485,-1.6359314,2.5330951,-8.927197,-82.57653898809629,-84.63568596875209,1560.0,20000000000.0,21000000000.0,0.3,0.4,0.0,1.229,8.643,4.321,4e-26,60.0,0.0211,0.0761,0.005,2000,5,1024
875,1.7766373e-11,1584.547,-3.7460346,-1.7155725,2.2207026,-8.696407,-76.94236040907113,-82.85292651868394,1560.0,20000000000.0,21000000000.0,0.3,0.4,0.0,1.229,8.643,4.321,4e-26,60.0,0.0211,0.0761,0.005,2000,5,1024
876,1.781525e-11,1584.3798,-3.7841692,-1.7917556,1.9077542,-8.458808,-84.26544258667043,-85.53898283102312,1560.0,20000000000.0,21000000000.0,0.3,0.4,0.0,1.229,8.643,4.321,4e-26,60.0,0.0211,0.0761,0.005,2000,5,1024
877,1.7864125e-11,1584.2125,-3.8197017,-1.8628032,1.6037192,-8.20769,-81.65065959354448,-79.67489501155895,1560.0,20000000000.0,21000000000.0,0.3,0.4,0.0,1.229,8.643,4.321,4e-26,60.0,0.0211,0.0761,0.005,2000,5,1024
878,1.7913001e-11,1584.0453,-3.8527718,-1.9279125,1.3025898,-7.9516344,-95.07987003621885,-78.03475003013111,1560.0,20000000000.0,21000000000.0,0.3,0.4,0.0,1.229,8.643,4.321,4e-26,60.0,0.0211,0.0761,0.005,2000,5,1024
879,1.7961877e-11,1583.878,-3.8833408,-1.9852271,1.0128204,-7.6849833,-104.11956392225403,-93.69786118186724,1560.0,20000000000.0,21000000000.0,0.3,0.4,0.0,1.229,8.643,4.321,4e-26,60.0,0.0211,0.0761,0.005,2000,5,1024
880,1.8010753e-11,1583.7108,-3.910939,-2.034918,0.72836185,-7.4144125,-82.12361775245313,-75.05179548246088,1560.0,20000000000.0,21000000000.0,0.3,0.4,0.0,1.229,8.643,4.321,4e-26,60.0,0.0211,0.0761,0.005,2000,5,1024
881,1.8059628e-11,1583.5437,-3.9357789,-2.074572,0.45579627,-7.1369867,-76.0697371490474,-78.96910267105534,1560.0,20000000000.0,21000000000.0,0.3,0.4,0.0,1.229,8.643,4.321,4e-26,60.0,0.0211,0.0761,0.005,2000,5,1024
882,1.8108504e-11,1583.3766,-3.9566557,-2.105275,0.19104414,-6.857337,-79.72762459669516,-73.09454628033455,1560.0,20000000000.0,21000000000.0,0.3,0.4,0.0,1.229,8.643,4.321,4e-26,60.0,0.0211,0.0761,0.005,2000,5,1024
883,1.815738e-11,1583.2095,-3.9740367,-2.1246524,-0.06414216,-6.575419,-84.02971778649217,-72.18198049164334,1560.0,20000000000.0,21000000000.0,0.3,0.4,0.0,1.229,8.643,4.321,4e-26,60.0,0.0211,0.0761,0.005,2000,5,1024
884,1.8206256e-11,1583.0425,-3.986343,-2.1344645,-0.30900016,-6.2923703,-77.83986833049198,-63.9044923016874,1560.0,20000000000.0,21000000000.0,0.3,0.4,0.0,1.229,8.643,4.321,4e-26,60.0,0.0211,0.0761,0.005,2000,5,1024
885,1.8255132e-11,1582.8755,-3.9941268,-2.1334794,-0.5490185,-6.01246,-71.43134748041548,-72.08558056932998,1560.0,20000000000.0,21000000000.0,0.3,0.4,0.0,1.229,8.643,4.321,4e-26,60.0,0.0211,0.0761,0.005,2000,5,1024
886,1.8304008e-11,1582.7085,-3.9962018,-2.1229427,-0.7788854,-5.732895,-72.3573751241406,-71.50843946403509,1560.0,20000000000.0,21000000000.0,0.3,0.4,0.0,1.229,8.643,4.321,4e-26,60.0,0.0211,0.0761,0.005,2000,5,1024
887,1.8352883e-11,1582.5415,-3.9924214,-2.1023953,-1.0084865,-5.4614124,-81.01390471891867,-77.87654827199242,1560.0,20000000000.0,21000000000.0,0.3,0.4,0.0,1.229,8.643,4.321,4e-26,60.0,0.0211,0.0761,0.005,2000,5,1024
888,1.840176e-11,1582.3746,-3.9822698,-2.073082,-1.2314556,-5.1923637,-74.54843895157327,-71.77988320163577,1560.0,20000000000.0,21000000000.0,0.3,0.4,0.0,1.229,8.643,4.321,4e-26,60.0,0.0211,0.0761,0.005,2000,5,1024
889,1.8450635e-11,1582.2078,-3.9654353,-2.035513,-1.4572748,-4.9347425,-82.87617601861875,-75.09759941220317,1560.0,20000000000.0,21000000000.0,0.3,0.4,0.0,1.229,8.643,4.321,4e-26,60.0,0.0211,0.0761,0.005,2000,5,1024
890,1.8499511e-11,1582.041,-3.942392,-1.9900408,-1.6810725,-4.6829834,-79.28383409223017,-72.56273246149365,1560.0,20000000000.0,21000000000.0,0.3,0.4,0.0,1.229,8.643,4.321,4e-26,60.0,0.0211,0.0761,0.005,2000,5,1024
891,1.8548387e-11,1581.8743,-3.9122813,-1.9383267,-1.9117345,-4.4450307,-78.07664789353053,-67.65982593434504,1560.0,20000000000.0,21000000000.0,0.3,0.4,0.0,1.229,8.643,4.321,4e-26,60.0,0.0211,0.0761,0.005,2000,5,1024
892,1.8597263e-11,1581.7075,-3.8761911,-1.8795388,-2.1455853,-4.215928,-75.31110986361273,-67.13056705865449,1560.0,20000000000.0,21000000000.0,0.3,0.4,0.0,1.229,8.643,4.321,4e-26,60.0,0.0211,0.0761,0.005,2000,5,1024
893,1.8646138e-11,1581.5408,-3.8332593,-1.8163614,-2.3873436,-4.0013037,-77.06143936713318,-65.29571825670153,1560.0,20000000000.0,21000000000.0,0.3,0.4,0.0,1.229,8.643,4.321,4e-26,60.0,0.0211,0.0761,0.005,2000,5,1024
894,1.8695014e-11,1581.374,-3.7852032,-1.7476475,-2.6368146,-3.7989166,-75.50141548755754,-78.59829015596722,1560.0,20000000000.0,21000000000.0,0.3,0.4,0.0,1.229,8.643,4.321,4e-26,60.0,0.0211,0.0761,0.005,2000,5,1024
895,1.874389e-11,1581.2074,-3.7305942,-1.6757574,-2.8940287,-3.6106184,-76.20284484910847,-80.22886835739307,1560.0,20000000000.0,21000000000.0,0.3,0.4,0.0,1.229,8.643,4.321,4e-26,60.0,0.0211,0.0761,0.005,2000,5,1024
896,1.8792766e-11,1581.0408,-3.6720898,-1.5988656,-3.1603067,-3.437525,-80.76521139680246,-85.38873680752104,1560.0,20000000000.0,21000000000.0,0.3,0.4,0.0,1.229,8.643,4.321,4e-26,60.0,0.0211,0.0761,0.005,2000,5,1024
897,1.8841642e-11,1580.8741,-3.6080112,-1.5199777,-3.4320073,-3.2765453,-86.68340188356166,-76.67417972041764,1560.0,20000000000.0,21000000000.0,0.3,0.4,0.0,1.229,8.643,4.321,4e-26,60.0,0.0211,0.0761,0.005,2000,5,1024
898,1.8890518e-11,1580.7076,-3.5406277,-1.4372724,-3.711564,-3.132249,-85.56139832845881,-75.56698758128972,1560.0,20000000000.0,21000000000.0,0.3,0.4,0.0,1.229,8.643,4.321,4e-26,60.0,0.0211,0.0761,0.005,2000,5,1024
899,1.8939393e-11,1580.5411,-3.4688578,-1.3529723,-3.9922514,-2.9987402,-82.81731300035958,-75.13238800046551,1560.0,20000000000.0,21000000000.0,0.3,0.4,0.0,1.229,8.643,4.321,4e-26,60.0,0.0211,0.0761,0.005,2000,5,1024
900,1.898827e-11,1580.3746,-3.3943202,-1.2657192,-4.2767324,-2.8813865,-75.9835079390809,-75.7789270877104,1560.0,20000000000.0,21000000000.0,0.3,0.4,0.0,1.229,8.643,4.321,4e-26,60.0,0.0211,0.0761,0.005,2000,5,1024
901,1.9037145e-11,1580.2081,-3.3165586,-1.1768193,-4.556078,-2.7736235,-87.38369058598431,-92.14830090441768,1560.0,20000000000.0,21000000000.0,0.3,0.4,0.0,1.229,8.643,4.321,4e-26,60.0,0.0211,0.0761,0.005,2000,5,1024
902,1.9086021e-11,1580.0417,-3.236036,-1.0869164,-4.8322825,-2.6804984,-74.71856211979748,-73.69326668479985,1560.0,20000000000.0,21000000000.0,0.3,0.4,0.0,1.229,8.643,4.321,4e-26,60.0,0.0211,0.0761,0.005,2000,5,1024
903,1.9134897e-11,1579.8754,-3.1533716,-0.9954115,-5.096374,-2.5960214,-92.09145560124618,-82.41537345425236,1560.0,20000000000.0,21000000000.0,0.3,0.4,0.0,1.229,8.643,4.321,4e-26,60.0,0.0211,0.0761,0.005,2000,5,1024
904,1.9183773e-11,1579.7092,-3.0683548,-0.9037825,-5.349951,-2.5238955,-80.6227555285175,-71.88807674931908,1560.0,20000000000.0,21000000000.0,0.3,0.4,0.0,1.229,8.643,4.321,4e-26,60.0,0.0211,0.0761,0.005,2000,5,1024
905,1.9232648e-11,1579.5428,-2.9819105,-0.8110534,-5.5849037,-2.4593058,-83.80607725293913,-82.34875394071308,1560.0,20000000000.0,21000000000.0,0.3,0.4,0.0,1.229,8.643,4.321,4e-26,60.0,0.0211,0.0761,0.005,2000,5,1024
906,1.9281524e-11,1579.3766,-2.8927324,-0.7195976,-5.800995,-2.4052792,-79.06926214043662,-82.20583660294876,1560.0,20000000000.0,21000000000.0,0.3,0.4,0.0,1.229,8.643,4.321,4e-26,60.0,0.0211,0.0761,0.005,2000,5,1024
907,1.93304e-11,1579.2103,-2.8035154,-0.62717384,-5.992441,-2.3591106,-84.71109566935613,-74.56710191702189,1560.0,20000000000.0,21000000000.0,0.3,0.4,0.0,1.229,8.643,4.321,4e-26,60.0,0.0211,0.0761,0.005,2000,5,1024
908,1.9379276e-11,1579.0441,-2.711518,-0.53723246,-6.157106,-2.3202226,-85.25581322585717,-82.04114793628338,1560.0,20000000000.0,21000000000.0,0.3,0.4,0.0,1.229,8.643,4.321,4e-26,60.0,0.0211,0.0761,0.005,2000,5,1024
909,1.9428152e-11,1578.8779,-2.6198678,-0.4470546,-6.294761,-2.2905974,-89.45658872559119,-75.34148910859369,1560.0,20000000000.0,21000000000.0,0.3,0.4,0.0,1.229,8.643,4.321,4e-26,60.0,0.0211,0.0761,0.005,2000,5,1024
910,1.9477028e-11,1578.7118,-2.5268779,-0.35952657,-6.401051,-2.267201,-76.15553753282296,-72.54423955212658,1560.0,20000000000.0,21000000000.0,0.3,0.4,0.0,1.229,8.643,4.321,4e-26,60.0,0.0211,0.0761,0.005,2000,5,1024
911,1.9525903e-11,1578.5458,-2.434435,-0.27234253,-6.47736,-2.2539332,-78.86820568124185,-86.4716886784461,1560.0,20000000000.0,21000000000.0,0.3,0.4,0.0,1.229,8.643,4.321,4e-26,60.0,0.0211,0.0761,0.005,2000,5,1024
912,1.957478e-11,1578.3796,-2.3418329,-0.18739966,-6.5204453,-2.246399,-80.83230267445839,-74.63491491034995,1560.0,20000000000.0,21000000000.0,0.3,0.4,0.0,1.229,8.643,4.321,4e-26,60.0,0.0211,0.0761,0.005,2000,5,1024
913,1.9623655e-11,1578.2136,-2.2505932,-0.10347035,-6.5335402,-2.2511597,-76.95870571189032,-75.83054080625902,1560.0,20000000000.0,21000000000.0,0.3,0.4,0.0,1.229,8.643,4.321,4e-26,60.0,0.0211,0.0761,0.005,2000,5,1024
914,1.9672531e-11,1578.0476,-2.1609933,-0.020565411,-6.5132565,-2.2618911,-73.37549109216812,-67.78173888789539,1560.0,20000000000.0,21000000000.0,0.3,0.4,0.0,1.229,8.643,4.321,4e-26,60.0,0.0211,0.0761,0.005,2000,5,1024
915,1.9721407e-11,1577.8817,-2.0731256,0.06147174,-6.464896,-2.2860997,-80.32124352185598,-76.44538817787654,1560.0,20000000000.0,21000000000.0,0.3,0.4,0.0,1.229,8.643,4.321,4e-26,60.0,0.0211,0.0761,0.005,2000,5,1024
916,1.9770283e-11,1577.7157,-1.9889452,0.14438148,-6.384961,-2.3181977,-79.03698083701764,-70.22001580695314,1560.0,20000000000.0,21000000000.0,0.3,0.4,0.0,1.229,8.643,4.321,4e-26,60.0,0.0211,0.0761,0.005,2000,5,1024
917,1.9819158e-11,1577.5498,-1.907374,0.22679305,-6.279662,-2.364317,-82.49735021445207,-75.33995486049545,1560.0,20000000000.0,21000000000.0,0.3,0.4,0.0,1.229,8.643,4.321,4e-26,60.0,0.0211,0.0761,0.005,2000,5,1024
918,1.9868034e-11,1577.3839,-1.8313028,0.31219274,-6.1467404,-2.4206016,-88.84608251461134,-79.61306713376105,1560.0,20000000000.0,21000000000.0,0.3,0.4,0.0,1.229,8.643,4.321,4e-26,60.0,0.0211,0.0761,0.005,2000,5,1024
919,1.991691e-11,1577.2183,-1.7588197,0.39806968,-5.991236,-2.4907117,-76.87370983541962,-81.73153110979344,1560.0,20000000000.0,21000000000.0,0.3,0.4,0.0,1.229,8.643,4.321,4e-26,60.0,0.0211,0.0761,0.005,2000,5,1024
920,1.9965786e-11,1577.0526,-1.6931456,0.48827153,-5.813137,-2.5732636,-78.58114703686394,-88.86722728455953,1560.0,20000000000.0,21000000000.0,0.3,0.4,0.0,1.229,8.643,4.321,4e-26,60.0,0.0211,0.0761,0.005,2000,5,1024
921,2.0014662e-11,1576.8868,-1.631897,0.5803194,-5.61445,-2.6681476,-73.18304399571042,-80.63741112768398,1560.0,20000000000.0,21000000000.0,0.3,0.4,0.0,1.229,8.643,4.321,4e-26,60.0,0.0211,0.0761,0.005,2000,5,1024
922,2.0063538e-11,1576.7211,-1.5780402,0.67720777,-5.397827,-2.777379,-91.42399512608696,-73.18087487444339,1560.0,20000000000.0,21000000000.0,0.3,0.4,0.0,1.229,8.643,4.321,4e-26,60.0,0.0211,0.0761,0.005,2000,5,1024
923,2.0112413e-11,1576.5554,-1.5295018,0.7772616,-5.162993,-2.8972583,-79.1833709739309,-76.27701981452843,1560.0,20000000000.0,21000000000.0,0.3,0.4,0.0,1.229,8.643,4.321,4e-26,60.0,0.0211,0.0761,0.005,2000,5,1024
924,2.016129e-11,1576.3898,-1.4882421,0.8815298,-4.9153,-3.0322313,-77.28054144034931,-81.63307779967914,1560.0,20000000000.0,21000000000.0,0.3,0.4,0.0,1.229,8.643,4.321,4e-26,60.0,0.0211,0.0761,0.005,2000,5,1024
925,2.0210165e-11,1576.2241,-1.4526106,0.9886518,-4.650773,-3.1757805,-77.12838789468579,-72.02314578005905,1560.0,20000000000.0,21000000000.0,0.3,0.4,0.0,1.229,8.643,4.321,4e-26,60.0,0.0211,0.0761,0.005,2000,5,1024
926,2.0259041e-11,1576.0586,-1.4231681,1.098819,-4.376976,-3.334389,-75.82802856758762,-70.99033289213054,1560.0,20000000000.0,21000000000.0,0.3,0.4,0.0,1.229,8.643,4.321,4e-26,60.0,0.0211,0.0761,0.005,2000,5,1024
927,2.0307917e-11,1575.893,-1.3994468,1.2109475,-4.0901837,-3.5004125,-79.14209510261323,-76.7919152224713,1560.0,20000000000.0,21000000000.0,0.3,0.4,0.0,1.229,8.643,4.321,4e-26,60.0,0.0211,0.0761,0.005,2000,5,1024
928,2.0356793e-11,1575.7275,-1.3800546,1.3234334,-3.7966254,-3.6804407,-75.0623254268995,-87.18731476692756,1560.0,20000000000.0,21000000000.0,0.3,0.4,0.0,1.229,8.643,4.321,4e-26,60.0,0.0211,0.0761,0.005,2000,5,1024
929,2.0405668e-11,1575.562,-1.365626,1.4359546,-3.492305,-3.8669853,-78.23421340312649,-79.6333322847976,1560.0,20000000000.0,21000000000.0,0.3,0.4,0.0,1.229,8.643,4.321,4e-26,60.0,0.0211,0.0761,0.005,2000,5,1024
930,2.0454544e-11,1575.3966,-1.3534466,1.5460571,-3.1849515,-4.0659795,-76.09160439037376,-68.86532870364357,1560.0,20000000000.0,21000000000.0,0.3,0.4,0.0,1.229,8.643,4.321,4e-26,60.0,0.0211,0.0761,0.005,2000,5,1024
931,2.050342e-11,1575.2312,-1.3451537,1.6530886,-2.8699398,-4.271933,-69.78912591436884,-59.5641437731729,1560.0,20000000000.0,21000000000.0,0.3,0.4,0.0,1.229,8.643,4.321,4e-26,60.0,0.0211,0.0761,0.005,2000,5,1024
932,2.0552296e-11,1575.0658,-1.3366364,1.7542776,-2.553916,-4.487146,-74.75510467920634,-71.65417326287462,1560.0,20000000000.0,21000000000.0,0.3,0.4,0.0,1.229,8.643,4.321,4e-26,60.0,0.0211,0.0761,0.005,2000,5,1024
933,2.0601172e-11,1574.9006,-1.3304359,1.8495562,-2.2358265,-4.7104363,-71.26441671228338,-59.84300090683554,1560.0,20000000000.0,21000000000.0,0.3,0.4,0.0,1.229,8.643,4.321,4e-26,60.0,0.0211,0.0761,0.005,2000,5,1024
934,2.0650048e-11,1574.7352,-1.3231506,1.9362758,-1.917201,-4.939956,-71.64543683490962,-64.43854831195502,1560.0,20000000000.0,21000000000.0,0.3,0.4,0.0,1.229,8.643,4.321,4e-26,60.0,0.0211,0.0761,0.005,2000,5,1024
935,2.0698923e-11,1574.5701,-1.3163474,2.014174,-1.6012654,-5.1786113,-83.31746447227749,-77.50778738457042,1560.0,20000000000.0,21000000000.0,0.3,0.4,0.0,1.229,8.643,4.321,4e-26,60.0,0.0211,0.0761,0.005,2000,5,1024
936,2.07478e-11,1574.4048,-1.3073279,2.0813053,-1.2862154,-5.4207435,-82.41164399784981,-77.23493801185401,1560.0,20000000000.0,21000000000.0,0.3,0.4,0.0,1.229,8.643,4.321,4e-26,60.0,0.0211,0.0761,0.005,2000,5,1024
937,2.0796675e-11,1574.2396,-1.2981588,2.1372457,-0.97826797,-5.671055,-83.31192952979494,-76.25367277722084,1560.0,20000000000.0,21000000000.0,0.3,0.4,0.0,1.229,8.643,4.321,4e-26,60.0,0.0211,0.0761,0.005,2000,5,1024
938,2.0845551e-11,1574.0745,-1.2870414,2.180988,-0.6714073,-5.9218025,-81.56381158169137,-86.43990748278028,1560.0,20000000000.0,21000000000.0,0.3,0.4,0.0,1.229,8.643,4.321,4e-26,60.0,0.0211,0.0761,0.005,2000,5,1024
939,2.0894427e-11,1573.9093,-1.2753671,2.2124996,-0.37442842,-6.1793976,-85.34341335378117,-85.23862520144206,1560.0,20000000000.0,21000000000.0,0.3,0.4,0.0,1.229,8.643,4.321,4e-26,60.0,0.0211,0.0761,0.005,2000,5,1024
940,2.0943304e-11,1573.7443,-1.263029,2.2311022,-0.0793313,-6.434251,-77.2521269831532,-80.09518015467137,1560.0,20000000000.0,21000000000.0,0.3,0.4,0.0,1.229,8.643,4.321,4e-26,60.0,0.0211,0.0761,0.005,2000,5,1024
941,2.099218e-11,1573.5792,-1.2498525,2.2371836,0.20660199,-6.6928797,-75.04819833962574,-80.2030394172369,1560.0,20000000000.0,21000000000.0,0.3,0.4,0.0,1.229,8.643,4.321,4e-26,60.0,0.0211,0.0761,0.005,2000,5,1024
942,2.1041056e-11,1573.4142,-1.2384763,2.2311304,0.4898673,-6.946682,-79.41089356320623,-78.11993013526742,1560.0,20000000000.0,21000000000.0,0.3,0.4,0.0,1.229,8.643,4.321,4e-26,60.0,0.0211,0.0761,0.005,2000,5,1024
943,2.108993e-11,1573.2491,-1.2271696,2.2125115,0.76615477,-7.198665,-56.97990016360585,-59.20866655771479,1560.0,20000000000.0,21000000000.0,0.3,0.4,0.0,1.229,8.643,4.321,4e-26,60.0,0.0211,0.0761,0.005,2000,5,1024
944,2.1138808e-11,1573.0842,-1.2192086,2.1831863,1.0389478,-7.4438953,-76.04684239120974,-73.39676808633051,1560.0,20000000000.0,21000000000.0,0.3,0.4,0.0,1.229,8.643,4.321,4e-26,60.0,0.0211,0.0761,0.005,2000,5,1024
945,2.1187682e-11,1572.9193,-1.212724,2.1424882,1.3093165,-7.6821494,-80.6929071406629,-74.1351945117084,1560.0,20000000000.0,21000000000.0,0.3,0.4,0.0,1.229,8.643,4.321,4e-26,60.0,0.0211,0.0761,0.005,2000,5,1024
946,2.123656e-11,1572.7544,-1.2107931,2.0924568,1.5767423,-7.912521,-80.96547366237623,-72.40697616948894,1560.0,20000000000.0,21000000000.0,0.3,0.4,0.0,1.229,8.643,4.321,4e-26,60.0,0.0211,0.0761,0.005,2000,5,1024
947,2.1285433e-11,1572.5897,-1.2115247,2.0323467,1.8452946,-8.130718,-77.7225796476231,-72.03907942883876,1560.0,20000000000.0,21000000000.0,0.3,0.4,0.0,1.229,8.643,4.321,4e-26,60.0,0.0211,0.0761,0.005,2000,5,1024
948,2.1334311e-11,1572.4249,-1.2177775,1.9644974,2.112186,-8.339952,-83.03463328269271,-71.59086449484337,1560.0,20000000000.0,21000000000.0,0.3,0.4,0.0,1.229,8.643,4.321,4e-26,60.0,0.0211,0.0761,0.005,2000,5,1024
949,2.1383187e-11,1572.2601,-1.2272143,1.8878876,2.383259,-8.533294,-72.08503698161854,-67.46746383260896,1560.0,20000000000.0,21000000000.0,0.3,0.4,0.0,1.229,8.643,4.321,4e-26,60.0,0.0211,0.0761,0.005,2000,5,1024
950,2.1432063e-11,1572.0953,-1.2422545,1.8046259,2.6531365,-8.717154,-76.60971396904802,-67.86311256921933,1560.0,20000000000.0,21000000000.0,0.3,0.4,0.0,1.229,8.643,4.321,4e-26,60.0,0.0211,0.0761,0.005,2000,5,1024
951,2.1480939e-11,1571.9307,-1.2613263,1.7146661,2.9286664,-8.884027,-71.86085140672984,-61.74755564166708,1560.0,20000000000.0,21000000000.0,0.3,0.4,0.0,1.229,8.643,4.321,4e-26,60.0,0.0211,0.0761,0.005,2000,5,1024
952,2.1529814e-11,1571.766,-1.2853978,1.6187848,3.2032952,-9.041035,-54.21334700229522,-43.59864304360555,1560.0,20000000000.0,21000000000.0,0.3,0.4,0.0,1.229,8.643,4.321,4e-26,60.0,0.0211,0.0761,0.005,2000,5,1024
953,2.157869e-11,1571.6014,-1.3142258,1.5178353,3.482603,-9.182339,-76.10731204503304,-67.25197916874609,1560.0,20000000000.0,21000000000.0,0.3,0.4,0.0,1.229,8.643,4.321,4e-26,60.0,0.0211,0.0761,0.005,2000,5,1024
954,2.1627566e-11,1571.4368,-1.3469094,1.411755,3.760413,-9.314408,-78.98679081878171,-75.44663828831732,1560.0,20000000000.0,21000000000.0,0.3,0.4,0.0,1.229,8.643,4.321,4e-26,60.0,0.0211,0.0761,0.005,2000,5,1024
955,2.1676442e-11,1571.2721,-1.3851192,1.3019993,4.0394197,-9.43296,-80.54576204499425,-86.37261470329575,1560.0,20000000000.0,21000000000.0,0.3,0.4,0.0,1.229,8.643,4.321,4e-26,60.0,0.0211,0.0761,0.005,2000,5,1024
956,2.1725318e-11,1571.1077,-1.4260434,1.1879717,4.3147345,-9.544149,-79.83386172129165,-72.07922008124685,1560.0,20000000000.0,21000000000.0,0.3,0.4,0.0,1.229,8.643,4.321,4e-26,60.0,0.0211,0.0761,0.005,2000,5,1024
957,2.1774194e-11,1570.9431,-1.4728434,1.0720901,4.5861225,-9.646263,-81.4487632274283,-87.89913835202071,1560.0,20000000000.0,21000000000.0,0.3,0.4,0.0,1.229,8.643,4.321,4e-26,60.0,0.0211,0.0761,0.005,2000,5,1024
958,2.182307e-11,1570.7787,-1.5223297,0.9529633,4.8502555,-9.741772,-75.49784587142902,-73.57539238545922,1560.0,20000000000.0,21000000000.0,0.3,0.4,0.0,1.229,8.643,4.321,4e-26,60.0,0.0211,0.0761,0.005,2000,5,1024
959,2.1871945e-11,1570.6143,-1.5774099,0.83362114,5.1042867,-9.832761,-82.49388417009321,-77.3193665182055,1560.0,20000000000.0,21000000000.0,0.3,0.4,0.0,1.229,8.643,4.321,4e-26,60.0,0.0211,0.0761,0.005,2000,5,1024
960,2.1920821e-11,1570.4498,-1.635668,0.71251935,5.3466144,-9.918319,-87.2104300585385,-79.86667490400079,1560.0,20000000000.0,21000000000.0,0.3,0.4,0.0,1.229,8.643,4.321,4e-26,60.0,0.0211,0.0761,0.005,2000,5,1024
961,2.1969697e-11,1570.2855,-1.6992885,0.59283596,5.5713816,-10.003152,-36.42690695171777,-42.19210525758962,1560.0,20000000000.0,21000000000.0,0.3,0.4,0.0,1.229,8.643,4.321,4e-26,60.0,0.0211,0.0761,0.005,2000,5,1024
962,2.2018573e-11,1570.1213,-1.7661903,0.4734247,5.7797422,-10.082792,-76.80095537981173,-81.5167946772477,1560.0,20000000000.0,21000000000.0,0.3,0.4,0.0,1.229,8.643,4.321,4e-26,60.0,0.0211,0.0761,0.005,2000,5,1024
963,2.2067449e-11,1569.9569,-1.8378084,0.3565423,5.964304,-10.163106,-83.33833261377792,-78.51357826197614,1560.0,20000000000.0,21000000000.0,0.3,0.4,0.0,1.229,8.643,4.321,4e-26,60.0,0.0211,0.0761,0.005,2000,5,1024
964,2.2116324e-11,1569.7927,-1.9132047,0.2425215,6.1267433,-10.238014,-78.43141656944479,-76.27296144554333,1560.0,20000000000.0,21000000000.0,0.3,0.4,0.0,1.229,8.643,4.321,4e-26,60.0,0.0211,0.0761,0.005,2000,5,1024
965,2.21652e-11,1569.6284,-1.9921529,0.13180299,6.26137,-10.313938,-82.89224463039167,-76.40260238095505,1560.0,20000000000.0,21000000000.0,0.3,0.4,0.0,1.229,8.643,4.321,4e-26,60.0,0.0211,0.0761,0.005,2000,5,1024
966,2.2214076e-11,1569.4644,-2.0751982,0.02603702,6.3698626,-10.382327,-79.2574650150401,-78.60225737997645,1560.0,20000000000.0,21000000000.0,0.3,0.4,0.0,1.229,8.643,4.321,4e-26,60.0,0.0211,0.0761,0.005,2000,5,1024
967,2.2262952e-11,1569.3002,-2.160512,-0.07563061,6.4466724,-10.449612,-79.23864057101653,-86.96000980580587,1560.0,20000000000.0,21000000000.0,0.3,0.4,0.0,1.229,8.643,4.321,4e-26,60.0,0.0211,0.0761,0.005,2000,5,1024
968,2.2311828e-11,1569.136,-2.249412,-0.1707767,6.494718,-10.508,-81.40733135275829,-86.09614374033923,1560.0,20000000000.0,21000000000.0,0.3,0.4,0.0,1.229,8.643,4.321,4e-26,60.0,0.0211,0.0761,0.005,2000,5,1024
969,2.2360704e-11,1568.9719,-2.3390396,-0.2617447,6.511339,-10.560149,-79.31320426658372,-74.80747207468525,1560.0,20000000000.0,21000000000.0,0.3,0.4,0.0,1.229,8.643,4.321,4e-26,60.0,0.0211,0.0761,0.005,2000,5,1024
970,2.240958e-11,1568.8079,-2.4313612,-0.34601107,6.497892,-10.602366,-36.16693206302648,-27.706991983211317,1560.0,20000000000.0,21000000000.0,0.3,0.4,0.0,1.229,8.643,4.321,4e-26,60.0,0.0211,0.0761,0.005,2000,5,1024
971,2.2458455e-11,1568.6438,-2.5231128,-0.42602006,6.453191,-10.634278,-85.37923751661148,-82.68481330733592,1560.0,20000000000.0,21000000000.0,0.3,0.4,0.0,1.229,8.643,4.321,4e-26,60.0,0.0211,0.0761,0.005,2000,5,1024
972,2.2507331e-11,1568.4797,-2.6159601,-0.50035983,6.3784127,-10.654104,-81.29387369258379,-70.89690104203493,1560.0,20000000000.0,21000000000.0,0.3,0.4,0.0,1.229,8.643,4.321,4e-26,60.0,0.0211,0.0761,0.005,2000,5,1024
973,2.2556207e-11,1568.3158,-2.707234,-0.5713872,6.2759495,-10.659701,-80.04461039370837,-72.3567259160269,1560.0,20000000000.0,21000000000.0,0.3,0.4,0.0,1.229,8.643,4.321,4e-26,60.0,0.0211,0.0761,0.005,2000,5,1024
974,2.2605083e-11,1568.1519,-2.7977421,-0.6384406,6.144204,-10.652343,-72.82648159317836,-67.86818178010603,1560.0,20000000000.0,21000000000.0,0.3,0.4,0.0,1.229,8.643,4.321,4e-26,60.0,0.0211,0.0761,0.005,2000,5,1024
975,2.2653959e-11,1567.9882,-2.8859255,-0.70349085,5.9886394,-10.627107,-91.57028593011978,-93.07434153116169,1560.0,20000000000.0,21000000000.0,0.3,0.4,0.0,1.229,8.643,4.321,4e-26,60.0,0.0211,0.0761,0.005,2000,5,1024
976,2.2702834e-11,1567.8243,-2.971457,-0.76709855,5.8063536,-10.5887985,-76.8117029300572,-71.27423999170776,1560.0,20000000000.0,21000000000.0,0.3,0.4,0.0,1.229,8.643,4.321,4e-26,60.0,0.0211,0.0761,0.005,2000,5,1024
977,2.275171e-11,1567.6605,-3.054204,-0.83000016,5.6044064,-10.530481,-85.84516053171419,-72.06686696990437,1560.0,20000000000.0,21000000000.0,0.3,0.4,0.0,1.229,8.643,4.321,4e-26,60.0,0.0211,0.0761,0.005,2000,5,1024
978,2.2800586e-11,1567.4967,-3.1332734,-0.8942286,5.379029,-10.459422,-80.56907536622658,-71.39377947893922,1560.0,20000000000.0,21000000000.0,0.3,0.4,0.0,1.229,8.643,4.321,4e-26,60.0,0.0211,0.0761,0.005,2000,5,1024
979,2.2849462e-11,1567.333,-3.2091563,-0.95916975,5.137739,-10.3676815,-4.637056369600202,0.03260304833270311,1560.0,20000000000.0,21000000000.0,0.3,0.4,0.0,1.229,8.643,4.321,4e-26,60.0,0.0211,0.0761,0.005,2000,5,1024
980,2.2898338e-11,1567.1693,-3.2800236,-1.0272503,4.8775325,-10.262879,-76.83213079931102,-74.47828937919496,1560.0,20000000000.0,21000000000.0,0.3,0.4,0.0,1.229,8.643,4.321,4e-26,60.0,0.0211,0.0761,0.005,2000,5,1024
981,2.2947214e-11,1567.0056,-3.347838,-1.0972819,4.605153,-10.139659,-91.30353788255952,-74.61801322248269,1560.0,20000000000.0,21000000000.0,0.3,0.4,0.0,1.229,8.643,4.321,4e-26,60.0,0.0211,0.0761,0.005,2000,5,1024
982,2.299609e-11,1566.842,-3.410641,-1.1712618,4.3190684,-10.002466,-77.50978345439846,-82.99611815879338,1560.0,20000000000.0,21000000000.0,0.3,0.4,0.0,1.229,8.643,4.321,4e-26,60.0,0.0211,0.0761,0.005,2000,5,1024
983,2.3044965e-11,1566.6783,-3.4706678,-1.2470717,4.023362,-9.84914,-80.03097851389958,-82.50901500402819,1560.0,20000000000.0,21000000000.0,0.3,0.4,0.0,1.229,8.643,4.321,4e-26,60.0,0.0211,0.0761,0.005,2000,5,1024
984,2.3093841e-11,1566.5148,-3.5257962,-1.32676,3.7195113,-9.6812935,-94.7989390119188,-89.6028336019995,1560.0,20000000000.0,21000000000.0,0.3,0.4,0.0,1.229,8.643,4.321,4e-26,60.0,0.0211,0.0761,0.005,2000,5,1024
985,2.3142717e-11,1566.3512,-3.578035,-1.4074509,3.408882,-9.5000725,-84.57457296306218,-85.94665806697483,1560.0,20000000000.0,21000000000.0,0.3,0.4,0.0,1.229,8.643,4.321,4e-26,60.0,0.0211,0.0761,0.005,2000,5,1024
986,2.3191593e-11,1566.1877,-3.626464,-1.4901743,3.0964773,-9.303466,-100.90481989040632,-82.2190397139927,1560.0,20000000000.0,21000000000.0,0.3,0.4,0.0,1.229,8.643,4.321,4e-26,60.0,0.0211,0.0761,0.005,2000,5,1024
987,2.3240469e-11,1566.0243,-3.67203,-1.5723809,2.7792096,-9.096961,-76.80352014051599,-72.28484044701776,1560.0,20000000000.0,21000000000.0,0.3,0.4,0.0,1.229,8.643,4.321,4e-26,60.0,0.0211,0.0761,0.005,2000,5,1024
988,2.3289344e-11,1565.8607,-3.714593,-1.6539191,2.4653878,-8.875293,-15.672912918817723,-9.27836009149641,1560.0,20000000000.0,21000000000.0,0.3,0.4,0.0,1.229,8.643,4.321,4e-26,60.0,0.0211,0.0761,0.005,2000,5,1024
989,2.333822e-11,1565.6975,-3.7548347,-1.7325737,2.1494634,-8.646066,-83.43562029435796,-75.71536967369232,1560.0,20000000000.0,21000000000.0,0.3,0.4,0.0,1.229,8.643,4.321,4e-26,60.0,0.0211,0.0761,0.005,2000,5,1024
990,2.3387096e-11,1565.5342,-3.792376,-1.8080024,1.8412516,-8.402464,-74.80536260410318,-74.68023197120472,1560.0,20000000000.0,21000000000.0,0.3,0.4,0.0,1.229,8.643,4.321,4e-26,60.0,0.0211,0.0761,0.005,2000,5,1024
991,2.3435972e-11,1565.3707,-3.827237,-1.8778728,1.535077,-8.152632,-71.9688094565389,-69.03022212342357,1560.0,20000000000.0,21000000000.0,0.3,0.4,0.0,1.229,8.643,4.321,4e-26,60.0,0.0211,0.0761,0.005,2000,5,1024
992,2.3484848e-11,1565.2075,-3.8599439,-1.9411712,1.2384223,-7.8918343,-73.65138036705495,-77.55529026836585,1560.0,20000000000.0,21000000000.0,0.3,0.4,0.0,1.229,8.643,4.321,4e-26,60.0,0.0211,0.0761,0.005,2000,5,1024
993,2.3533724e-11,1565.0443,-3.889449,-1.9971441,0.94813675,-7.6261606,-86.62299770903422,-81.33042825568937,1560.0,20000000000.0,21000000000.0,0.3,0.4,0.0,1.229,8.643,4.321,4e-26,60.0,0.0211,0.0761,0.005,2000,5,1024
994,2.35826e-11,1564.881,-3.9169393,-2.0442393,0.6675935,-7.352813,-83.87580644849967,-80.00661446187961,1560.0,20000000000.0,21000000000.0,0.3,0.4,0.0,1.229,8.643,4.321,4e-26,60.0,0.0211,0.0761,0.005,2000,5,1024
995,2.3631475e-11,1564.7178,-3.9404318,-2.0823545,0.39631677,-7.075392,-77.31716033926355,-68.47333489577422,1560.0,20000000000.0,21000000000.0,0.3,0.4,0.0,1.229,8.643,4.321,4e-26,60.0,0.0211,0.0761,0.005,2000,5,1024
996,2.3680351e-11,1564.5546,-3.9611354,-2.1101093,0.13371877,-6.79514,-88.36217720235906,-74.08042248687423,1560.0,20000000000.0,21000000000.0,0.3,0.4,0.0,1.229,8.643,4.321,4e-26,60.0,0.0211,0.0761,0.005,2000,5,1024
997,2.3729227e-11,1564.3915,-3.976782,-2.1279998,-0.118030414,-6.512133,11.739002279470732,19.89207790274512,1560.0,20000000000.0,21000000000.0,0.3,0.4,0.0,1.229,8.643,4.321,4e-26,60.0,0.0211,0.0761,0.005,2000,5,1024
998,2.3778103e-11,1564.2284,-3.9888136,-2.1348345,-0.36420512,-6.2312593,-77.34402957060382,-75.51647300113217,1560.0,20000000000.0,21000000000.0,0.3,0.4,0.0,1.229,8.643,4.321,4e-26,60.0,0.0211,0.0761,0.005,2000,5,1024
999,2.3826979e-11,1564.0653,-3.9949265,-2.132278,-0.5993799,-5.9489517,-101.02719908489979,-74.34446174773339,1560.0,20000000000.0,21000000000.0,0.3,0.4,0.0,1.229,8.643,4.321,4e-26,60.0,0.0211,0.0761,0.005,2000,5,1024
1000,2.3875854e-11,1563.9023,-3.9958405,-2.1190581,-0.83181757,-5.6736093,-79.02229027751476,-79.7581555831612,1560.0,20000000000.0,21000000000.0,0.3,0.4,0.0,1.229,8.643,4.321,4e-26,60.0,0.0211,0.0761,0.005,2000,5,1024
1001,2.392473e-11,1563.7393,-3.990462,-2.096734,-1.0566875,-5.3999114,-82.87357632492831,-74.6396384774998,1560.0,20000000000.0,21000000000.0,0.3,0.4,0.0,1.229,8.643,4.321,4e-26,60.0,0.0211,0.0761,0.005,2000,5,1024
1002,2.3973606e-11,1563.5763,-3.9791832,-2.0655618,-1.2829964,-5.135804,-83.2604678872539,-79.23881412302764,1560.0,20000000000.0,21000000000.0,0.3,0.4,0.0,1.229,8.643,4.321,4e-26,60.0,0.0211,0.0761,0.005,2000,5,1024
1003,2.4022482e-11,1563.4136,-3.961039,-2.025797,-1.5056851,-4.876637,-79.35074045029603,-78.10788085113741,1560.0,20000000000.0,21000000000.0,0.3,0.4,0.0,1.229,8.643,4.321,4e-26,60.0,0.0211,0.0761,0.005,2000,5,1024
1004,2.4071358e-11,1563.2506,-3.9361982,-1.9792795,-1.7330945,-4.6300907,-100.35040743246856,-76.96856012236228,1560.0,20000000000.0,21000000000.0,0.3,0.4,0.0,1.229,8.643,4.321,4e-26,60.0,0.0211,0.0761,0.005,2000,5,1024
1005,2.4120234e-11,1563.0878,-3.9049873,-1.9252309,-1.962803,-4.392245,-82.70012665697644,-75.27640064326295,1560.0,20000000000.0,21000000000.0,0.3,0.4,0.0,1.229,8.643,4.321,4e-26,60.0,0.0211,0.0761,0.005,2000,5,1024
1006,2.416911e-11,1562.9249,-3.8668692,-1.8663622,-2.1991346,-4.1676397,9.774807147354267,11.027918768248757,1560.0,20000000000.0,21000000000.0,0.3,0.4,0.0,1.229,8.643,4.321,4e-26,60.0,0.0211,0.0761,0.005,2000,5,1024
1007,2.4217985e-11,1562.7621,-3.8234007,-1.801213,-2.442068,-3.9552362,-75.94297890332066,-80.67914984763786,1560.0,20000000000.0,21000000000.0,0.3,0.4,0.0,1.229,8.643,4.321,4e-26,60.0,0.0211,0.0761,0.005,2000,5,1024
1008,2.4266861e-11,1562.5994,-3.7731886,-1.7322388,-2.6928596,-3.7558854,-83.82615270802194,-93.69394249038302,1560.0,20000000000.0,21000000000.0,0.3,0.4,0.0,1.229,8.643,4.321,4e-26,60.0,0.0211,0.0761,0.005,2000,5,1024
1009,2.4315737e-11,1562.4366,-3.71846,-1.6584464,-2.952889,-3.5717843,-76.03138537727405,-75.39371808983951,1560.0,20000000000.0,21000000000.0,0.3,0.4,0.0,1.229,8.643,4.321,4e-26,60.0,0.0211,0.0761,0.005,2000,5,1024
1010,2.4364613e-11,1562.2739,-3.6580539,-1.5819386,-3.218887,-3.3999243,-82.90417733991379,-71.01100316274764,1560.0,20000000000.0,21000000000.0,0.3,0.4,0.0,1.229,8.643,4.321,4e-26,60.0,0.0211,0.0761,0.005,2000,5,1024
1011,2.4413489e-11,1562.1112,-3.5936918,-1.5014931,-3.4948637,-3.2443974,-87.35805251736238,-74.5545698995433,1560.0,20000000000.0,21000000000.0,0.3,0.4,0.0,1.229,8.643,4.321,4e-26,60.0,0.0211,0.0761,0.005,2000,5,1024
1012,2.4462364e-11,1561.9487,-3.5249066,-1.4190879,-3.7727535,-3.1005023,-80.01139854705008,-69.43782814206594,1560.0,20000000000.0,21000000000.0,0.3,0.4,0.0,1.229,8.643,4.321,4e-26,60.0,0.0211,0.0761,0.005,2000,5,1024
1013,2.451124e-11,1561.7861,-3.452732,-1.3336676,-4.056427,-2.9728446,-73.9649798768271,-62.73428748985232,1560.0,20000000000.0,21000000000.0,0.3,0.4,0.0,1.229,8.643,4.321,4e-26,60.0,0.0211,0.0761,0.005,2000,5,1024
1014,2.4560116e-11,1561.6235,-3.3771586,-1.2461495,-4.338201,-2.8553648,-76.3452985804848,-70.65136301279378,1560.0,20000000000.0,21000000000.0,0.3,0.4,0.0,1.229,8.643,4.321,4e-26,60.0,0.0211,0.0761,0.005,2000,5,1024
1015,2.4608992e-11,1561.4609,-3.2986982,-1.1572814,-4.6189294,-2.7531955,31.776381385352188,41.38774300859281,1560.0,20000000000.0,21000000000.0,0.3,0.4,0.0,1.229,8.643,4.321,4e-26,60.0,0.0211,0.0761,0.005,2000,5,1024
1016,2.4657868e-11,1561.2985,-3.218145,-1.0663378,-4.891138,-2.6598225,-83.30560202381038,-73.506455057342,1560.0,20000000000.0,21000000000.0,0.3,0.4,0.0,1.229,8.643,4.321,4e-26,60.0,0.0211,0.0761,0.005,2000,5,1024
1017,2.4706744e-11,1561.1362,-3.1345775,-0.97535616,-5.154371,-2.579839,-79.46372169561567,-69.0231590064731,1560.0,20000000000.0,21000000000.0,0.3,0.4,0.0,1.229,8.643,4.321,4e-26,60.0,0.0211,0.0761,0.005,2000,5,1024
1018,2.475562e-11,1560.9738,-3.0496376,-0.88301563,-5.40294,-2.5081081,-76.50604199891663,-70.55448794459357,1560.0,20000000000.0,21000000000.0,0.3,0.4,0.0,1.229,8.643,4.321,4e-26,60.0,0.0211,0.0761,0.005,2000,5,1024
1019,2.4804495e-11,1560.8114,-2.961925,-0.79130423,-5.635102,-2.4470909,-82.04698234885187,-73.92136751994967,1560.0,20000000000.0,21000000000.0,0.3,0.4,0.0,1.229,8.643,4.321,4e-26,60.0,0.0211,0.0761,0.005,2000,5,1024
1020,2.4853373e-11,1560.649,-2.8735518,-0.6984893,-5.8450894,-2.3940268,-83.9121252444231,-79.44704617818164,1560.0,20000000000.0,21000000000.0,0.3,0.4,0.0,1.229,8.643,4.321,4e-26,60.0,0.0211,0.0761,0.005,2000,5,1024
1021,2.4902247e-11,1560.4867,-2.7826447,-0.60766536,-6.0310297,-2.3494942,-79.82088543697577,-73.41774534180472,1560.0,20000000000.0,21000000000.0,0.3,0.4,0.0,1.229,8.643,4.321,4e-26,60.0,0.0211,0.0761,0.005,2000,5,1024
1022,2.4951124e-11,1560.3245,-2.6917162,-0.51670027,-6.1905394,-2.3136408,-87.35980576635255,-79.53561946982836,1560.0,20000000000.0,21000000000.0,0.3,0.4,0.0,1.229,8.643,4.321,4e-26,60.0,0.0211,0.0761,0.005,2000,5,1024
1023,2.5e-11,1560.1621,-2.599004,-0.42771173,-6.3207035,-2.2840443,-83.95534921910757,-83.48728110681321,1560.0,20000000000.0,21000000000.0,0.3,0.4,0.0,1.229,8.643,4.321,4e-26,60.0,0.0211,0.0761,0.005,2000,5,1024
