index,time_s,wavelength_nm,A_main_real,A_main_imag,A_aux_real,A_aux_imag,main_spectrum_db,aux_spectrum_db,param_wl_center_nm,param_FSR_main,param_FSR_aux,param_coupling_ring_bus,param_coupling_ring_ring,param_coupling_ring_drop,param_gamma,param_alpha_int_main,param_alpha_int_aux,param_beta_2,param_intensity_in,param_detuning_main,param_detuning_aux,param_detuning_step,param_nrt,param_n_per_step,param_n_small_time
0,-2.5e-12,1560.0,-2.0542772,1.0529835,-1.1492622,0.06947574,36.92663720982847,29.748858572168402,1560.0,200000000000.0,206000000000.0,0.01074,0.006816,0.0,1.229,8.643,4.321,4e-26,0.22,0.0534,0.1891,0.0001,10000,5,512
1,-2.4902153e-12,1558.3812,-2.2113616,1.1695468,-1.0704023,0.1637156,30.667134278065525,17.719560010727776,1560.0,200000000000.0,206000000000.0,0.01074,0.006816,0.0,1.229,8.643,4.321,4e-26,0.22,0.0534,0.1891,0.0001,10000,5,512
2,-2.4804306e-12,1556.766,-2.3784919,1.2037178,-1.0321053,0.21611218,27.326355997255376,10.940685279890562,1560.0,200000000000.0,206000000000.0,0.01074,0.006816,0.0,1.229,8.643,4.321,4e-26,0.22,0.0534,0.1891,0.0001,10000,5,512
3,-2.4706459e-12,1555.1539,-2.4743893,1.1307511,-1.0375907,0.22664796,25.10441335395554,6.309050569107178,1560.0,200000000000.0,206000000000.0,0.01074,0.006816,0.0,1.229,8.643,4.321,4e-26,0.22,0.0534,0.1891,0.0001,10000,5,512
4,-2.4608612e-12,1553.5453,-2.4277036,0.97573197,-1.06861,0.21122348,23.244909558506293,2.632064812805428,1560.0,200000000000.0,206000000000.0,0.01074,0.006816,0.0,1.229,8.643,4.321,4e-26,0.22,0.0534,0.1891,0.0001,10000,5,512
5,-2.4510762e-12,1551.9401,-2.2330093,0.81752026,-1.0936806,0.2091816,21.63733183245828,-0.39091736829970714,1560.0,200000000000.0,206000000000.0,0.01074,0.006816,0.0,1.229,8.643,4.321,4e-26,0.22,0.0534,0.1891,0.0001,10000,5,512
6,-2.4412915e-12,1550.338,-1.983927,0.7500452,-1.0850356,0.24861239,20.354249519977095,-2.9497861226334336,1560.0,200000000000.0,206000000000.0,0.01074,0.006816,0.0,1.229,8.643,4.321,4e-26,0.22,0.0534,0.1891,0.0001,10000,5,512
7,-2.4315068e-12,1548.7393,-1.8165542,0.7935676,-1.0677934,0.33731934,19.47253684302774,-4.729418027964549,1560.0,200000000000.0,206000000000.0,0.01074,0.006816,0.0,1.229,8.643,4.321,4e-26,0.22,0.0534,0.1891,0.0001,10000,5,512
8,-2.4217221e-12,1547.1439,-1.8126377,0.89031523,-1.0770113,0.39812604,19.006018551784088,-5.993172041359713,1560.0,200000000000.0,206000000000.0,0.01074,0.006816,0.0,1.229,8.643,4.321,4e-26,0.22,0.0534,0.1891,0.0001,10000,5,512
9,-2.4119374e-12,1545.5518,-1.946426,0.9468959,-1.1186787,0.37550083,18.82032041771835,-6.866565420383026,1560.0,200000000000.0,206000000000.0,0.01074,0.006816,0.0,1.229,8.643,4.321,4e-26,0.22,0.0534,0.1891,0.0001,10000,5,512
10,-2.4021527e-12,1543.9629,-2.0940475,0.92099094,-1.1816739,0.27243662,18.703813845306414,-7.508633540601409,1560.0,200000000000.0,206000000000.0,0.01074,0.006816,0.0,1.229,8.643,4.321,4e-26,0.22,0.0534,0.1891,0.0001,10000,5,512
11,-2.392368e-12,1542.3774,-2.1594818,0.857021,-1.2406185,0.12865837,18.459609433332837,-8.190986063637006,1560.0,200000000000.0,206000000000.0,0.01074,0.006816,0.0,1.229,8.643,4.321,4e-26,0.22,0.0534,0.1891,0.0001,10000,5,512
12,-2.382583e-12,1540.795,-2.1273777,0.83235335,-1.2876246,0.028058257,17.980888833676996,-9.157228290021756,1560.0,200000000000.0,206000000000.0,0.01074,0.006816,0.0,1.229,8.643,4.321,4e-26,0.22,0.0534,0.1891,0.0001,10000,5,512
13,-2.3727984e-12,1539.2158,-2.0692647,0.898331,-1.3008653,0.0081692375,17.250752124010976,-10.1134353385565,1560.0,200000000000.0,206000000000.0,0.01074,0.006816,0.0,1.229,8.643,4.321,4e-26,0.22,0.0534,0.1891,0.0001,10000,5,512
14,-2.3630136e-12,1537.64,-2.0700758,1.0373033,-1.2712601,0.056181435,16.278270361089454,-11.160355647614693,1560.0,200000000000.0,206000000000.0,0.01074,0.006816,0.0,1.229,8.643,4.321,4e-26,0.22,0.0534,0.1891,0.0001,10000,5,512
15,-2.353229e-12,1536.0674,-2.1632235,1.1803794,-1.1989529,0.14781724,15.105441226525507,-12.526808794037564,1560.0,200000000000.0,206000000000.0,0.01074,0.006816,0.0,1.229,8.643,4.321,4e-26,0.22,0.0534,0.1891,0.0001,10000,5,512
16,-2.3434442e-12,1534.4979,-2.313159,1.2736541,-1.1201752,0.22263634,13.85374877374391,-13.760344938097361,1560.0,200000000000.0,206000000000.0,0.01074,0.006816,0.0,1.229,8.643,4.321,4e-26,0.22,0.0534,0.1891,0.0001,10000,5,512
17,-2.3336595e-12,1532.9318,-2.4569378,1.2751445,-1.0709478,0.25885552,12.788314082251098,-14.833139310308503,1560.0,200000000000.0,206000000000.0,0.01074,0.006816,0.0,1.229,8.643,4.321,4e-26,0.22,0.0534,0.1891,0.0001,10000,5,512
18,-2.3238748e-12,1531.3689,-2.5192006,1.1754456,-1.0651002,0.25245056,12.274338272918644,-15.309857300219782,1560.0,200000000000.0,206000000000.0,0.01074,0.006816,0.0,1.229,8.643,4.321,4e-26,0.22,0.0534,0.1891,0.0001,10000,5,512
19,-2.3140901e-12,1529.809,-2.4509249,1.0073175,-1.0927105,0.23425125,12.47563250905311,-14.903512791506259,1560.0,200000000000.0,206000000000.0,0.01074,0.006816,0.0,1.229,8.643,4.321,4e-26,0.22,0.0534,0.1891,0.0001,10000,5,512
20,-2.3043054e-12,1528.2522,-2.261108,0.8538965,-1.1124611,0.23197426,13.152127284076872,-14.004341340373408,1560.0,200000000000.0,206000000000.0,0.01074,0.006816,0.0,1.229,8.643,4.321,4e-26,0.22,0.0534,0.1891,0.0001,10000,5,512
21,-2.2945205e-12,1526.6989,-2.0452883,0.7921018,-1.1110619,0.284817,13.9502806932786,-12.886581159542658,1560.0,200000000000.0,206000000000.0,0.01074,0.006816,0.0,1.229,8.643,4.321,4e-26,0.22,0.0534,0.1891,0.0001,10000,5,512
22,-2.2847358e-12,1525.1484,-1.9270808,0.83645666,-1.098105,0.37191215,14.63063703881492,-11.516692355364377,1560.0,200000000000.0,206000000000.0,0.01074,0.006816,0.0,1.229,8.643,4.321,4e-26,0.22,0.0534,0.1891,0.0001,10000,5,512
23,-2.274951e-12,1523.6012,-1.9627633,0.92575455,-1.1145264,0.42912954,15.101849954149811,-10.63744158455438,1560.0,200000000000.0,206000000000.0,0.01074,0.006816,0.0,1.229,8.643,4.321,4e-26,0.22,0.0534,0.1891,0.0001,10000,5,512
24,-2.2651664e-12,1522.0573,-2.110465,0.9683347,-1.1678683,0.39900044,15.322307907189433,-9.78824397529366,1560.0,200000000000.0,206000000000.0,0.01074,0.006816,0.0,1.229,8.643,4.321,4e-26,0.22,0.0534,0.1891,0.0001,10000,5,512
25,-2.2553816e-12,1520.5164,-2.2472467,0.9476231,-1.2333337,0.28713408,15.286011285213696,-9.240871867682479,1560.0,200000000000.0,206000000000.0,0.01074,0.006816,0.0,1.229,8.643,4.321,4e-26,0.22,0.0534,0.1891,0.0001,10000,5,512
26,-2.245597e-12,1518.9785,-2.287524,0.8992124,-1.289445,0.15797062,15.008624722760576,-8.352636921779172,1560.0,200000000000.0,206000000000.0,0.01074,0.006816,0.0,1.229,8.643,4.321,4e-26,0.22,0.0534,0.1891,0.0001,10000,5,512
27,-2.2358122e-12,1517.4438,-2.228425,0.90994614,-1.3383436,0.07432899,14.512173544703902,-7.841806126895634,1560.0,200000000000.0,206000000000.0,0.01074,0.006816,0.0,1.229,8.643,4.321,4e-26,0.22,0.0534,0.1891,0.0001,10000,5,512
28,-2.2260273e-12,1515.9121,-2.1597188,1.0072736,-1.3510838,0.07801494,13.693732140380831,-7.335413629357745,1560.0,200000000000.0,206000000000.0,0.01074,0.006816,0.0,1.229,8.643,4.321,4e-26,0.22,0.0534,0.1891,0.0001,10000,5,512
29,-2.2162426e-12,1514.3835,-2.1640115,1.1617236,-1.3092134,0.13471022,12.4721764117523,-6.762127671548697,1560.0,200000000000.0,206000000000.0,0.01074,0.006816,0.0,1.229,8.643,4.321,4e-26,0.22,0.0534,0.1891,0.0001,10000,5,512
30,-2.2064579e-12,1512.8583,-2.259616,1.2957475,-1.2365162,0.21404904,10.780460429409906,-6.293887230766039,1560.0,200000000000.0,206000000000.0,0.01074,0.006816,0.0,1.229,8.643,4.321,4e-26,0.22,0.0534,0.1891,0.0001,10000,5,512
31,-2.1966732e-12,1511.3359,-2.4015286,1.3592037,-1.1593715,0.27600914,8.46452467950952,-5.389736538599735,1560.0,200000000000.0,206000000000.0,0.01074,0.006816,0.0,1.229,8.643,4.321,4e-26,0.22,0.0534,0.1891,0.0001,10000,5,512
32,-2.1868885e-12,1509.8164,-2.5262446,1.325985,-1.1019692,0.29026124,5.043475577911902,-3.811814909175993,1560.0,200000000000.0,206000000000.0,0.01074,0.006816,0.0,1.229,8.643,4.321,4e-26,0.22,0.0534,0.1891,0.0001,10000,5,512
33,-2.1771038e-12,1508.3003,-2.55998,1.2022408,-1.0939802,0.27540642,-4.196654846775502,0.5476029904696311,1560.0,200000000000.0,206000000000.0,0.01074,0.006816,0.0,1.229,8.643,4.321,4e-26,0.22,0.0534,0.1891,0.0001,10000,5,512
34,-2.167319e-12,1506.787,-2.4798708,1.0323098,-1.1185552,0.25173244,14.433507865861737,10.301244748848198,1560.0,200000000000.0,206000000000.0,0.01074,0.006816,0.0,1.229,8.643,4.321,4e-26,0.22,0.0534,0.1891,0.0001,10000,5,512
35,-2.1575344e-12,1505.2769,-2.3016748,0.88876575,-1.1396996,0.25972977,1.9321423445204573,-9.60260010389873,1560.0,200000000000.0,206000000000.0,0.01074,0.006816,0.0,1.229,8.643,4.321,4e-26,0.22,0.0534,0.1891,0.0001,10000,5,512
36,-2.1477496e-12,1503.7698,-2.1284251,0.8381038,-1.1334019,0.31909725,3.395602017992971,-12.028683707351348,1560.0,200000000000.0,206000000000.0,0.01074,0.006816,0.0,1.229,8.643,4.321,4e-26,0.22,0.0534,0.1891,0.0001,10000,5,512
37,-2.1379647e-12,1502.2656,-2.0567605,0.8868784,-1.1333635,0.40723175,5.406014289956094,-12.782785458020413,1560.0,200000000000.0,206000000000.0,0.01074,0.006816,0.0,1.229,8.643,4.321,4e-26,0.22,0.0534,0.1891,0.0001,10000,5,512
38,-2.12818e-12,1500.7644,-2.1255658,0.9659772,-1.1548854,0.4530576,7.115343908873669,-13.005693468065942,1560.0,200000000000.0,206000000000.0,0.01074,0.006816,0.0,1.229,8.643,4.321,4e-26,0.22,0.0534,0.1891,0.0001,10000,5,512
39,-2.1183953e-12,1499.2662,-2.2760537,1.0069082,-1.2110124,0.41715363,8.299554475508817,-13.072702891486621,1560.0,200000000000.0,206000000000.0,0.01074,0.006816,0.0,1.229,8.643,4.321,4e-26,0.22,0.0534,0.1891,0.0001,10000,5,512
40,-2.1086106e-12,1497.7711,-2.3906686,0.9858526,-1.2854743,0.3115811,9.033876953099309,-13.832765958581575,1560.0,200000000000.0,206000000000.0,0.01074,0.006816,0.0,1.229,8.643,4.321,4e-26,0.22,0.0534,0.1891,0.0001,10000,5,512
41,-2.0988259e-12,1496.2789,-2.3985548,0.96083516,-1.344826,0.19536412,9.31037182135838,-14.429632945038477,1560.0,200000000000.0,206000000000.0,0.01074,0.006816,0.0,1.229,8.643,4.321,4e-26,0.22,0.0534,0.1891,0.0001,10000,5,512
42,-2.0890412e-12,1494.7897,-2.3128161,0.9951145,-1.3834598,0.12901658,9.117646377817195,-15.5825944673892,1560.0,200000000000.0,206000000000.0,0.01074,0.006816,0.0,1.229,8.643,4.321,4e-26,0.22,0.0534,0.1891,0.0001,10000,5,512
43,-2.0792565e-12,1493.3036,-2.2351153,1.1176983,-1.3827251,0.1397009,8.353326618791293,-16.970636852707784,1560.0,200000000000.0,206000000000.0,0.01074,0.006816,0.0,1.229,8.643,4.321,4e-26,0.22,0.0534,0.1891,0.0001,10000,5,512
44,-2.0694715e-12,1491.8202,-2.2415538,1.2757487,-1.3434606,0.21053319,7.009803548811142,-19.08757073731494,1560.0,200000000000.0,206000000000.0,0.01074,0.006816,0.0,1.229,8.643,4.321,4e-26,0.22,0.0534,0.1891,0.0001,10000,5,512
45,-2.0596868e-12,1490.3398,-2.3420174,1.3942555,-1.2676711,0.28249496,5.125138203552023,-21.218806107209502,1560.0,200000000000.0,206000000000.0,0.01074,0.006816,0.0,1.229,8.643,4.321,4e-26,0.22,0.0534,0.1891,0.0001,10000,5,512
46,-2.0499021e-12,1488.8625,-2.481338,1.4252865,-1.1890656,0.31940922,2.849397741448385,-23.970161275151433,1560.0,200000000000.0,206000000000.0,0.01074,0.006816,0.0,1.229,8.643,4.321,4e-26,0.22,0.0534,0.1891,0.0001,10000,5,512
47,-2.0401174e-12,1487.388,-2.5879521,1.3594768,-1.1323893,0.3096984,1.2190301494017284,-26.08026497267346,1560.0,200000000000.0,206000000000.0,0.01074,0.006816,0.0,1.229,8.643,4.321,4e-26,0.22,0.0534,0.1891,0.0001,10000,5,512
48,-2.0303327e-12,1485.9163,-2.6062899,1.2188659,-1.1174207,0.28937793,2.0446814877370727,-25.439137952598813,1560.0,200000000000.0,206000000000.0,0.01074,0.006816,0.0,1.229,8.643,4.321,4e-26,0.22,0.0534,0.1891,0.0001,10000,5,512
49,-2.020548e-12,1484.4478,-2.5178592,1.0526363,-1.1416925,0.27214208,4.234781774961903,-23.625665158134808,1560.0,200000000000.0,206000000000.0,0.01074,0.006816,0.0,1.229,8.643,4.321,4e-26,0.22,0.0534,0.1891,0.0001,10000,5,512
50,-2.0107633e-12,1482.9819,-2.3608422,0.928343,-1.1652615,0.2901219,6.1568562392991275,-21.90463066644334,1560.0,200000000000.0,206000000000.0,0.01074,0.006816,0.0,1.229,8.643,4.321,4e-26,0.22,0.0534,0.1891,0.0001,10000,5,512
51,-2.0009786e-12,1481.5192,-2.228303,0.89354724,-1.1652526,0.35488904,7.494411369117277,-20.197074543542143,1560.0,200000000000.0,206000000000.0,0.01074,0.006816,0.0,1.229,8.643,4.321,4e-26,0.22,0.0534,0.1891,0.0001,10000,5,512
52,-1.9911939e-12,1480.0592,-2.2009754,0.94486445,-1.164611,0.43722773,8.208707663623795,-19.421394126064243,1560.0,200000000000.0,206000000000.0,0.01074,0.006816,0.0,1.229,8.643,4.321,4e-26,0.22,0.0534,0.1891,0.0001,10000,5,512
53,-1.981409e-12,1478.602,-2.2942033,1.017221,-1.1942385,0.4790265,8.327585760952285,-19.441957729205427,1560.0,200000000000.0,206000000000.0,0.01074,0.006816,0.0,1.229,8.643,4.321,4e-26,0.22,0.0534,0.1891,0.0001,10000,5,512
54,-1.9716243e-12,1477.1477,-2.4351735,1.0509514,-1.2559936,0.44493517,7.869916598686537,-19.262099839532674,1560.0,200000000000.0,206000000000.0,0.01074,0.006816,0.0,1.229,8.643,4.321,4e-26,0.22,0.0534,0.1891,0.0001,10000,5,512
55,-1.9618395e-12,1475.6964,-2.522627,1.0369561,-1.3303905,0.33597356,6.735225537230868,-20.076756319822792,1560.0,200000000000.0,206000000000.0,0.01074,0.006816,0.0,1.229,8.643,4.321,4e-26,0.22,0.0534,0.1891,0.0001,10000,5,512
56,-1.9520548e-12,1474.2478,-2.492567,1.0276332,-1.390438,0.23565485,4.793288212049362,-21.835737980222518,1560.0,200000000000.0,206000000000.0,0.01074,0.006816,0.0,1.229,8.643,4.321,4e-26,0.22,0.0534,0.1891,0.0001,10000,5,512
57,-1.9422701e-12,1472.8021,-2.385457,1.0899436,-1.4253465,0.18907921,2.052643402055658,-23.999807654209093,1560.0,200000000000.0,206000000000.0,0.01074,0.006816,0.0,1.229,8.643,4.321,4e-26,0.22,0.0534,0.1891,0.0001,10000,5,512
58,-1.9324854e-12,1471.3594,-2.3024135,1.2234735,-1.4204876,0.21363203,-0.1932696835766663,-24.712433465280697,1560.0,200000000000.0,206000000000.0,0.01074,0.006816,0.0,1.229,8.643,4.321,4e-26,0.22,0.0534,0.1891,0.0001,10000,5,512
59,-1.9227007e-12,1469.9193,-2.3148468,1.378784,-1.3702701,0.27959144,1.3133719896490348,-22.823546345070454,1560.0,200000000000.0,206000000000.0,0.01074,0.006816,0.0,1.229,8.643,4.321,4e-26,0.22,0.0534,0.1891,0.0001,10000,5,512
60,-1.9129158e-12,1468.482,-2.422892,1.4709808,-1.2932673,0.33839157,4.5155260824243655,-19.346242542615983,1560.0,200000000000.0,206000000000.0,0.01074,0.006816,0.0,1.229,8.643,4.321,4e-26,0.22,0.0534,0.1891,0.0001,10000,5,512
61,-1.903131e-12,1467.0477,-2.5592113,1.4718909,-1.2138506,0.35298806,7.0502714142061365,-16.04482591326616,1560.0,200000000000.0,206000000000.0,0.01074,0.006816,0.0,1.229,8.643,4.321,4e-26,0.22,0.0534,0.1891,0.0001,10000,5,512
62,-1.8933464e-12,1465.6161,-2.651012,1.3809772,-1.1556613,0.3280239,8.645884507293047,-13.178558211463582,1560.0,200000000000.0,206000000000.0,0.01074,0.006816,0.0,1.229,8.643,4.321,4e-26,0.22,0.0534,0.1891,0.0001,10000,5,512
63,-1.8835617e-12,1464.1873,-2.65174,1.2317624,-1.1468396,0.29663885,9.435687596712402,-10.91240749891707,1560.0,200000000000.0,206000000000.0,0.01074,0.006816,0.0,1.229,8.643,4.321,4e-26,0.22,0.0534,0.1891,0.0001,10000,5,512
64,-1.873777e-12,1462.7611,-2.5630665,1.0773325,-1.1701636,0.2882862,9.474349745206911,-8.750167535367012,1560.0,200000000000.0,206000000000.0,0.01074,0.006816,0.0,1.229,8.643,4.321,4e-26,0.22,0.0534,0.1891,0.0001,10000,5,512
65,-1.8639923e-12,1461.3379,-2.4340158,0.9787878,-1.1977316,0.3155899,8.703452570155541,-7.104905412888954,1560.0,200000000000.0,206000000000.0,0.01074,0.006816,0.0,1.229,8.643,4.321,4e-26,0.22,0.0534,0.1891,0.0001,10000,5,512
66,-1.8542075e-12,1459.9174,-2.3451352,0.95897764,-1.2035697,0.3889226,6.739399497850261,-5.334717263692589,1560.0,200000000000.0,206000000000.0,0.01074,0.006816,0.0,1.229,8.643,4.321,4e-26,0.22,0.0534,0.1891,0.0001,10000,5,512
67,-1.8444228e-12,1458.4996,-2.3563216,1.0086247,-1.2052709,0.47214612,2.2530157405261804,-2.8825362363038494,1560.0,200000000000.0,206000000000.0,0.01074,0.006816,0.0,1.229,8.643,4.321,4e-26,0.22,0.0534,0.1891,0.0001,10000,5,512
68,-1.8346381e-12,1457.0847,-2.4577951,1.0735779,-1.2372068,0.5072008,-6.328707585894556,2.2338687519229374,1560.0,200000000000.0,206000000000.0,0.01074,0.006816,0.0,1.229,8.643,4.321,4e-26,0.22,0.0534,0.1891,0.0001,10000,5,512
69,-1.8248532e-12,1455.6724,-2.5862966,1.1000776,-1.3025634,0.46530458,14.871866982236927,6.781459729111905,1560.0,200000000000.0,206000000000.0,0.01074,0.006816,0.0,1.229,8.643,4.321,4e-26,0.22,0.0534,0.1891,0.0001,10000,5,512
70,-1.8150685e-12,1454.263,-2.6357903,1.0915595,-1.3698006,0.3766717,4.775181301029644,-8.65004117765504,1560.0,200000000000.0,206000000000.0,0.01074,0.006816,0.0,1.229,8.643,4.321,4e-26,0.22,0.0534,0.1891,0.0001,10000,5,512
71,-1.8052837e-12,1452.8562,-2.5726347,1.0997876,-1.4296429,0.28302327,2.357722205658142,-14.2364775754222,1560.0,200000000000.0,206000000000.0,0.01074,0.006816,0.0,1.229,8.643,4.321,4e-26,0.22,0.0534,0.1891,0.0001,10000,5,512
72,-1.795499e-12,1451.452,-2.4458685,1.1805098,-1.4569782,0.24776675,2.0591660806157464,-17.01879667370605,1560.0,200000000000.0,206000000000.0,0.01074,0.006816,0.0,1.229,8.643,4.321,4e-26,0.22,0.0534,0.1891,0.0001,10000,5,512
73,-1.7857143e-12,1450.0507,-2.3626895,1.3215553,-1.4477535,0.2799127,3.7667164139956597,-16.921054992375744,1560.0,200000000000.0,206000000000.0,0.01074,0.006816,0.0,1.229,8.643,4.321,4e-26,0.22,0.0534,0.1891,0.0001,10000,5,512
74,-1.7759296e-12,1448.6521,-2.3867567,1.464026,-1.3962771,0.34604868,5.266059785733319,-16.50099507130423,1560.0,200000000000.0,206000000000.0,0.01074,0.006816,0.0,1.229,8.643,4.321,4e-26,0.22,0.0534,0.1891,0.0001,10000,5,512
75,-1.7661448e-12,1447.2561,-2.502424,1.5331103,-1.3183906,0.3840721,5.919847185345887,-17.16571555346836,1560.0,200000000000.0,206000000000.0,0.01074,0.006816,0.0,1.229,8.643,4.321,4e-26,0.22,0.0534,0.1891,0.0001,10000,5,512
76,-1.75636e-12,1445.8628,-2.6357288,1.5024961,-1.2366643,0.37837055,5.492746157714343,-18.562579680359796,1560.0,200000000000.0,206000000000.0,0.01074,0.006816,0.0,1.229,8.643,4.321,4e-26,0.22,0.0534,0.1891,0.0001,10000,5,512
77,-1.7465753e-12,1444.4723,-2.7132251,1.3916409,-1.1813883,0.33910918,4.009794736264702,-20.56187948983986,1560.0,200000000000.0,206000000000.0,0.01074,0.006816,0.0,1.229,8.643,4.321,4e-26,0.22,0.0534,0.1891,0.0001,10000,5,512
78,-1.7367906e-12,1443.0844,-2.703557,1.2441612,-1.1764566,0.30291015,1.8669990360979902,-23.470332232387598,1560.0,200000000000.0,206000000000.0,0.01074,0.006816,0.0,1.229,8.643,4.321,4e-26,0.22,0.0534,0.1891,0.0001,10000,5,512
79,-1.7270058e-12,1441.6991,-2.6218603,1.1136916,-1.2025645,0.30442643,-0.1000780234707257,-26.049721197607226,1560.0,200000000000.0,206000000000.0,0.01074,0.006816,0.0,1.229,8.643,4.321,4e-26,0.22,0.0534,0.1891,0.0001,10000,5,512
80,-1.7172211e-12,1440.3165,-2.5231843,1.0354114,-1.225086,0.34547788,-1.3576456568636353,-28.04425801835987,1560.0,200000000000.0,206000000000.0,0.01074,0.006816,0.0,1.229,8.643,4.321,4e-26,0.22,0.0534,0.1891,0.0001,10000,5,512
81,-1.7074364e-12,1438.9365,-2.4734836,1.0306847,-1.2371756,0.4249096,-2.322102588218982,-29.719918852774498,1560.0,200000000000.0,206000000000.0,0.01074,0.006816,0.0,1.229,8.643,4.321,4e-26,0.22,0.0534,0.1891,0.0001,10000,5,512
82,-1.6976517e-12,1437.5592,-2.513302,1.0786333,-1.2447348,0.5045096,-3.3507181538333484,-30.011458425091824,1560.0,200000000000.0,206000000000.0,0.01074,0.006816,0.0,1.229,8.643,4.321,4e-26,0.22,0.0534,0.1891,0.0001,10000,5,512
83,-1.687867e-12,1436.1847,-2.6179018,1.1324793,-1.2766094,0.53494203,-4.43334535798094,-32.19562880750627,1560.0,200000000000.0,206000000000.0,0.01074,0.006816,0.0,1.229,8.643,4.321,4e-26,0.22,0.0534,0.1891,0.0001,10000,5,512
84,-1.6780823e-12,1434.8126,-2.7203484,1.153106,-1.339046,0.49254668,-5.617740649551067,-33.649664700166426,1560.0,200000000000.0,206000000000.0,0.01074,0.006816,0.0,1.229,8.643,4.321,4e-26,0.22,0.0534,0.1891,0.0001,10000,5,512
85,-1.6682974e-12,1433.4431,-2.7309473,1.1510704,-1.4039116,0.40157855,-7.051227606116221,-35.66482836824102,1560.0,200000000000.0,206000000000.0,0.01074,0.006816,0.0,1.229,8.643,4.321,4e-26,0.22,0.0534,0.1891,0.0001,10000,5,512
86,-1.6585127e-12,1432.0764,-2.6359727,1.1740803,-1.4594367,0.32858196,-8.680962043804037,-34.09810728312284,1560.0,200000000000.0,206000000000.0,0.01074,0.006816,0.0,1.229,8.643,4.321,4e-26,0.22,0.0534,0.1891,0.0001,10000,5,512
87,-1.6487279e-12,1430.7122,-2.4984415,1.2660705,-1.481319,0.30613026,-10.388833391487765,-36.21121588797614,1560.0,200000000000.0,206000000000.0,0.01074,0.006816,0.0,1.229,8.643,4.321,4e-26,0.22,0.0534,0.1891,0.0001,10000,5,512
88,-1.6389432e-12,1429.3505,-2.4218237,1.4091947,-1.469574,0.3432985,-11.771935798240136,-38.11755533998158,1560.0,200000000000.0,206000000000.0,0.01074,0.006816,0.0,1.229,8.643,4.321,4e-26,0.22,0.0534,0.1891,0.0001,10000,5,512
89,-1.6291585e-12,1427.9915,-2.461947,1.5349208,-1.4173806,0.39874107,-12.31277260692157,-42.69816141254849,1560.0,200000000000.0,206000000000.0,0.01074,0.006816,0.0,1.229,8.643,4.321,4e-26,0.22,0.0534,0.1891,0.0001,10000,5,512
90,-1.6193738e-12,1426.6351,-2.5873837,1.5756928,-1.3439924,0.42630547,-11.983923543024744,-41.1150644002922,1560.0,200000000000.0,206000000000.0,0.01074,0.006816,0.0,1.229,8.643,4.321,4e-26,0.22,0.0534,0.1891,0.0001,10000,5,512
91,-1.6095891e-12,1425.2812,-2.71705,1.5198401,-1.2653155,0.39131638,-11.532295185591018,-34.68600433171716,1560.0,200000000000.0,206000000000.0,0.01074,0.006816,0.0,1.229,8.643,4.321,4e-26,0.22,0.0534,0.1891,0.0001,10000,5,512
92,-1.5998043e-12,1423.9299,-2.7813761,1.4002849,-1.2121133,0.34117138,-11.546045674421578,-37.5296422881178,1560.0,200000000000.0,206000000000.0,0.01074,0.006816,0.0,1.229,8.643,4.321,4e-26,0.22,0.0534,0.1891,0.0001,10000,5,512
93,-1.5900196e-12,1422.5812,-2.760582,1.2638276,-1.2054855,0.31469247,-12.505534403637142,-39.5440027847599,1560.0,200000000000.0,206000000000.0,0.01074,0.006816,0.0,1.229,8.643,4.321,4e-26,0.22,0.0534,0.1891,0.0001,10000,5,512
94,-1.5802349e-12,1421.235,-2.6901827,1.1564997,-1.2367219,0.3196056,-15.286339704976143,-35.75708972661954,1560.0,200000000000.0,206000000000.0,0.01074,0.006816,0.0,1.229,8.643,4.321,4e-26,0.22,0.0534,0.1891,0.0001,10000,5,512
95,-1.5704502e-12,1419.8914,-2.621943,1.1053159,-1.2660958,0.3722934,-21.67710539624676,-42.00465074191149,1560.0,200000000000.0,206000000000.0,0.01074,0.006816,0.0,1.229,8.643,4.321,4e-26,0.22,0.0534,0.1891,0.0001,10000,5,512
96,-1.5606653e-12,1418.5503,-2.6108065,1.1129417,-1.2770543,0.45847693,-21.146129265436358,-42.86926762974936,1560.0,200000000000.0,206000000000.0,0.01074,0.006816,0.0,1.229,8.643,4.321,4e-26,0.22,0.0534,0.1891,0.0001,10000,5,512
97,-1.5508806e-12,1417.2117,-2.6720574,1.1508987,-1.2838212,0.5344851,-17.054454631254217,-39.15452494681557,1560.0,200000000000.0,206000000000.0,0.01074,0.006816,0.0,1.229,8.643,4.321,4e-26,0.22,0.0534,0.1891,0.0001,10000,5,512
98,-1.5410959e-12,1415.8755,-2.7703366,1.1911436,-1.3175441,0.5640059,-16.700374277448006,-39.92338631746432,1560.0,200000000000.0,206000000000.0,0.01074,0.006816,0.0,1.229,8.643,4.321,4e-26,0.22,0.0534,0.1891,0.0001,10000,5,512
99,-1.5313112e-12,1414.5421,-2.8388636,1.2035477,-1.3673465,0.5193668,-17.728089036527372,-39.224140447940556,1560.0,200000000000.0,206000000000.0,0.01074,0.006816,0.0,1.229,8.643,4.321,4e-26,0.22,0.0534,0.1891,0.0001,10000,5,512
100,-1.5215265e-12,1413.211,-2.8117387,1.2073374,-1.4327551,0.43722242,-17.720949372079545,-31.70421050515617,1560.0,200000000000.0,206000000000.0,0.01074,0.006816,0.0,1.229,8.643,4.321,4e-26,0.22,0.0534,0.1891,0.0001,10000,5,512
101,-1.5117416e-12,1411.8826,-2.688499,1.2451365,-1.4858954,0.37336317,-13.670858004154027,-24.81056408100006,1560.0,200000000000.0,206000000000.0,0.01074,0.006816,0.0,1.229,8.643,4.321,4e-26,0.22,0.0534,0.1891,0.0001,10000,5,512
102,-1.501957e-12,1410.5566,-2.5462236,1.3462626,-1.5003914,0.36172348,-5.382075192903677,-8.93975032295073,1560.0,200000000000.0,206000000000.0,0.01074,0.006816,0.0,1.229,8.643,4.321,4e-26,0.22,0.0534,0.1891,0.0001,10000,5,512
103,-1.4921722e-12,1409.233,-2.4842036,1.4855202,-1.4823766,0.4035479,-27.58840306736004,-23.86399158195207,1560.0,200000000000.0,206000000000.0,0.01074,0.006816,0.0,1.229,8.643,4.321,4e-26,0.22,0.0534,0.1891,0.0001,10000,5,512
104,-1.4823875e-12,1407.9119,-2.5418267,1.5915631,-1.427809,0.44670224,-21.679277730921356,-29.843915593400148,1560.0,200000000000.0,206000000000.0,0.01074,0.006816,0.0,1.229,8.643,4.321,4e-26,0.22,0.0534,0.1891,0.0001,10000,5,512
105,-1.4726027e-12,1406.5935,-2.676583,1.6057125,-1.3602434,0.45127642,-17.50970205084569,-31.51358148509867,1560.0,200000000000.0,206000000000.0,0.01074,0.006816,0.0,1.229,8.643,4.321,4e-26,0.22,0.0534,0.1891,0.0001,10000,5,512
106,-1.462818e-12,1405.2773,-2.7982702,1.5287678,-1.2869908,0.40717518,-21.182553826675758,-34.67428815382863,1560.0,200000000000.0,206000000000.0,0.01074,0.006816,0.0,1.229,8.643,4.321,4e-26,0.22,0.0534,0.1891,0.0001,10000,5,512
107,-1.4530333e-12,1403.9635,-2.850811,1.4062552,-1.2426797,0.34479624,-20.410538847080346,-41.032191604602104,1560.0,200000000000.0,206000000000.0,0.01074,0.006816,0.0,1.229,8.643,4.321,4e-26,0.22,0.0534,0.1891,0.0001,10000,5,512
108,-1.4432484e-12,1402.6523,-2.8263853,1.290789,-1.2397772,0.31811094,-21.217237261328165,-42.139717463962526,1560.0,200000000000.0,206000000000.0,0.01074,0.006816,0.0,1.229,8.643,4.321,4e-26,0.22,0.0534,0.1891,0.0001,10000,5,512
109,-1.4334637e-12,1401.3436,-2.7688718,1.2132624,-1.2707682,0.341428,-23.067369258025693,-42.300400765826396,1560.0,200000000000.0,206000000000.0,0.01074,0.006816,0.0,1.229,8.643,4.321,4e-26,0.22,0.0534,0.1891,0.0001,10000,5,512
110,-1.423679e-12,1400.0374,-2.7338817,1.1868894,-1.3014092,0.40974048,-24.784348491935063,-43.60457034348592,1560.0,200000000000.0,206000000000.0,0.01074,0.006816,0.0,1.229,8.643,4.321,4e-26,0.22,0.0534,0.1891,0.0001,10000,5,512
111,-1.4138943e-12,1398.7335,-2.7544885,1.191339,-1.3179058,0.4938734,-24.914814571528396,-44.36109775043522,1560.0,200000000000.0,206000000000.0,0.01074,0.006816,0.0,1.229,8.643,4.321,4e-26,0.22,0.0534,0.1891,0.0001,10000,5,512
112,-1.4041096e-12,1397.432,-2.8287678,1.2187779,-1.3223001,0.57081807,-25.09113003566484,-47.736610837039336,1560.0,200000000000.0,206000000000.0,0.01074,0.006816,0.0,1.229,8.643,4.321,4e-26,0.22,0.0534,0.1891,0.0001,10000,5,512
113,-1.3943249e-12,1396.133,-2.9078228,1.2414435,-1.3434112,0.5871246,-23.97774935938415,-51.15955336909353,1560.0,200000000000.0,206000000000.0,0.01074,0.006816,0.0,1.229,8.643,4.321,4e-26,0.22,0.0534,0.1891,0.0001,10000,5,512
114,-1.3845402e-12,1394.8363,-2.940531,1.2528226,-1.3940166,0.5440704,-23.84500068938462,-43.5113823799786,1560.0,200000000000.0,206000000000.0,0.01074,0.006816,0.0,1.229,8.643,4.321,4e-26,0.22,0.0534,0.1891,0.0001,10000,5,512
115,-1.3747555e-12,1393.5422,-2.8769002,1.2628971,-1.455925,0.46738213,-23.42227954760972,-54.75750288737693,1560.0,200000000000.0,206000000000.0,0.01074,0.006816,0.0,1.229,8.643,4.321,4e-26,0.22,0.0534,0.1891,0.0001,10000,5,512
116,-1.3649707e-12,1392.2504,-2.733803,1.3135823,-1.502762,0.41705257,-23.763363421139857,-41.62259278497784,1560.0,200000000000.0,206000000000.0,0.01074,0.006816,0.0,1.229,8.643,4.321,4e-26,0.22,0.0534,0.1891,0.0001,10000,5,512
117,-1.3551858e-12,1390.9609,-2.600046,1.4220774,-1.5164493,0.41404507,-24.61988275205006,-59.8022575347139,1560.0,200000000000.0,206000000000.0,0.01074,0.006816,0.0,1.229,8.643,4.321,4e-26,0.22,0.0534,0.1891,0.0001,10000,5,512
118,-1.3454011e-12,1389.674,-2.5580125,1.5478363,-1.4977928,0.44855094,-26.6215627916351,-50.37843021638747,1560.0,200000000000.0,206000000000.0,0.01074,0.006816,0.0,1.229,8.643,4.321,4e-26,0.22,0.0534,0.1891,0.0001,10000,5,512
119,-1.3356164e-12,1388.3893,-2.6332881,1.6291829,-1.448426,0.48530257,-28.110890520166585,-43.16989931967021,1560.0,200000000000.0,206000000000.0,0.01074,0.006816,0.0,1.229,8.643,4.321,4e-26,0.22,0.0534,0.1891,0.0001,10000,5,512
120,-1.3258317e-12,1387.1069,-2.7680998,1.6194038,-1.3818755,0.47144985,-29.867235637519265,-52.09628128622326,1560.0,200000000000.0,206000000000.0,0.01074,0.006816,0.0,1.229,8.643,4.321,4e-26,0.22,0.0534,0.1891,0.0001,10000,5,512
121,-1.316047e-12,1385.8271,-2.8812838,1.5328265,-1.3127055,0.4056075,-30.031731521018287,-45.78283780620339,1560.0,200000000000.0,206000000000.0,0.01074,0.006816,0.0,1.229,8.643,4.321,4e-26,0.22,0.0534,0.1891,0.0001,10000,5,512
122,-1.3062623e-12,1384.5494,-2.9206736,1.4219556,-1.2727662,0.34459737,-28.904374017632186,-48.15842228624737,1560.0,200000000000.0,206000000000.0,0.01074,0.006816,0.0,1.229,8.643,4.321,4e-26,0.22,0.0534,0.1891,0.0001,10000,5,512
123,-1.2964776e-12,1383.2743,-2.897609,1.3341337,-1.277373,0.3270331,-27.255099748391316,-47.80440518067735,1560.0,200000000000.0,206000000000.0,0.01074,0.006816,0.0,1.229,8.643,4.321,4e-26,0.22,0.0534,0.1891,0.0001,10000,5,512
124,-1.2866926e-12,1382.0016,-2.8620484,1.2823122,-1.3140179,0.36458018,-26.522270905880006,-48.6151044398766,1560.0,200000000000.0,206000000000.0,0.01074,0.006816,0.0,1.229,8.643,4.321,4e-26,0.22,0.0534,0.1891,0.0001,10000,5,512
125,-1.2769079e-12,1380.731,-2.8581696,1.2644451,-1.3431964,0.4440703,-26.276458901488127,-46.66095119071146,1560.0,200000000000.0,206000000000.0,0.01074,0.006816,0.0,1.229,8.643,4.321,4e-26,0.22,0.0534,0.1891,0.0001,10000,5,512
126,-1.2671232e-12,1379.4628,-2.9007604,1.2662165,-1.3500917,0.533431,-26.810801071215423,-48.07918982347921,1560.0,200000000000.0,206000000000.0,0.01074,0.006816,0.0,1.229,8.643,4.321,4e-26,0.22,0.0534,0.1891,0.0001,10000,5,512
127,-1.2573385e-12,1378.197,-2.9716449,1.2768956,-1.3504039,0.60514826,-27.893479784767564,-50.597162629028276,1560.0,200000000000.0,206000000000.0,0.01074,0.006816,0.0,1.229,8.643,4.321,4e-26,0.22,0.0534,0.1891,0.0001,10000,5,512
128,-1.2475538e-12,1376.9333,-3.027843,1.2880827,-1.3726689,0.6122071,-30.022150083930498,-43.88793163520954,1560.0,200000000000.0,206000000000.0,0.01074,0.006816,0.0,1.229,8.643,4.321,4e-26,0.22,0.0534,0.1891,0.0001,10000,5,512
129,-1.2377691e-12,1375.6721,-3.0262642,1.2976247,-1.4146926,0.56496304,-30.96986605431097,-50.31138086148418,1560.0,200000000000.0,206000000000.0,0.01074,0.006816,0.0,1.229,8.643,4.321,4e-26,0.22,0.0534,0.1891,0.0001,10000,5,512
130,-1.2279844e-12,1374.4133,-2.9326043,1.3193225,-1.4743342,0.4988091,-30.45147646297722,-51.984277960311985,1560.0,200000000000.0,206000000000.0,0.01074,0.006816,0.0,1.229,8.643,4.321,4e-26,0.22,0.0534,0.1891,0.0001,10000,5,512
131,-1.2181997e-12,1373.1567,-2.7851102,1.375895,-1.5204617,0.45435077,-29.95000194209829,-48.55001908159193,1560.0,200000000000.0,206000000000.0,0.01074,0.006816,0.0,1.229,8.643,4.321,4e-26,0.22,0.0534,0.1891,0.0001,10000,5,512
132,-1.208415e-12,1371.9023,-2.659918,1.4804438,-1.5359539,0.45552123,-28.58268900379145,-43.17032223985652,1560.0,200000000000.0,206000000000.0,0.01074,0.006816,0.0,1.229,8.643,4.321,4e-26,0.22,0.0534,0.1891,0.0001,10000,5,512
133,-1.1986301e-12,1370.6503,-2.6367018,1.5915838,-1.5118482,0.4956736,-28.705765208411435,-47.237646777217876,1560.0,200000000000.0,206000000000.0,0.01074,0.006816,0.0,1.229,8.643,4.321,4e-26,0.22,0.0534,0.1891,0.0001,10000,5,512
134,-1.1888454e-12,1369.4006,-2.724733,1.6537645,-1.4685221,0.5142137,-28.721749690543504,-43.419127333904214,1560.0,200000000000.0,206000000000.0,0.01074,0.006816,0.0,1.229,8.643,4.321,4e-26,0.22,0.0534,0.1891,0.0001,10000,5,512
135,-1.1790606e-12,1368.1531,-2.861807,1.6306131,-1.4010569,0.4772055,-29.18585686250257,-45.67402386496124,1560.0,200000000000.0,206000000000.0,0.01074,0.006816,0.0,1.229,8.643,4.321,4e-26,0.22,0.0534,0.1891,0.0001,10000,5,512
136,-1.1692759e-12,1366.908,-2.9677067,1.5443137,-1.3422279,0.4118252,-29.185396383658244,-39.911621260655664,1560.0,200000000000.0,206000000000.0,0.01074,0.006816,0.0,1.229,8.643,4.321,4e-26,0.22,0.0534,0.1891,0.0001,10000,5,512
137,-1.1594912e-12,1365.665,-3.0029993,1.4474193,-1.305682,0.34505174,-28.772922764733067,-34.963067863596834,1560.0,200000000000.0,206000000000.0,0.01074,0.006816,0.0,1.229,8.643,4.321,4e-26,0.22,0.0534,0.1891,0.0001,10000,5,512
138,-1.1497065e-12,1364.4243,-2.9808755,1.3786825,-1.3152173,0.3375195,-35.48867746421868,-27.247993859368272,1560.0,200000000000.0,206000000000.0,0.01074,0.006816,0.0,1.229,8.643,4.321,4e-26,0.22,0.0534,0.1891,0.0001,10000,5,512
139,-1.1399218e-12,1363.1859,-2.961445,1.3466728,-1.3537196,0.38690725,-34.57789768134775,-42.17072975274883,1560.0,200000000000.0,206000000000.0,0.01074,0.006816,0.0,1.229,8.643,4.321,4e-26,0.22,0.0534,0.1891,0.0001,10000,5,512
140,-1.1301369e-12,1361.9498,-2.9774308,1.3410431,-1.3805207,0.478094,-31.05031608757369,-43.793703984763596,1560.0,200000000000.0,206000000000.0,0.01074,0.006816,0.0,1.229,8.643,4.321,4e-26,0.22,0.0534,0.1891,0.0001,10000,5,512
141,-1.1203522e-12,1360.7158,-3.0322783,1.3394902,-1.3827462,0.5660852,-31.851869946130293,-42.16911345798496,1560.0,200000000000.0,206000000000.0,0.01074,0.006816,0.0,1.229,8.643,4.321,4e-26,0.22,0.0534,0.1891,0.0001,10000,5,512
142,-1.1105675e-12,1359.4843,-3.1030686,1.3380249,-1.3834193,0.6340866,-31.847712407546602,-51.02798948218191,1560.0,200000000000.0,206000000000.0,0.01074,0.006816,0.0,1.229,8.643,4.321,4e-26,0.22,0.0534,0.1891,0.0001,10000,5,512
143,-1.1007828e-12,1358.2548,-3.140546,1.3357071,-1.3931862,0.6345322,-31.58521882534599,-52.91414536688917,1560.0,200000000000.0,206000000000.0,0.01074,0.006816,0.0,1.229,8.643,4.321,4e-26,0.22,0.0534,0.1891,0.0001,10000,5,512
144,-1.0909981e-12,1357.0275,-3.1053567,1.3357157,-1.4338936,0.58742064,-32.4129252224659,-42.937624662636466,1560.0,200000000000.0,206000000000.0,0.01074,0.006816,0.0,1.229,8.643,4.321,4e-26,0.22,0.0534,0.1891,0.0001,10000,5,512
145,-1.0812134e-12,1355.8024,-2.9921708,1.3587736,-1.4875368,0.5292998,-32.89506117336263,-48.566702551474336,1560.0,200000000000.0,206000000000.0,0.01074,0.006816,0.0,1.229,8.643,4.321,4e-26,0.22,0.0534,0.1891,0.0001,10000,5,512
146,-1.0714286e-12,1354.5796,-2.831085,1.4223932,-1.532338,0.49498194,-33.30594234053822,-46.21406820628674,1560.0,200000000000.0,206000000000.0,0.01074,0.006816,0.0,1.229,8.643,4.321,4e-26,0.22,0.0534,0.1891,0.0001,10000,5,512
147,-1.0616439e-12,1353.3589,-2.7173223,1.5285727,-1.5510161,0.49576262,-35.263964449888505,-54.04117791226267,1560.0,200000000000.0,206000000000.0,0.01074,0.006816,0.0,1.229,8.643,4.321,4e-26,0.22,0.0534,0.1891,0.0001,10000,5,512
148,-1.0518592e-12,1352.1405,-2.7194343,1.6351392,-1.529899,0.52621907,-36.14397709707907,-47.13337394567367,1560.0,200000000000.0,206000000000.0,0.01074,0.006816,0.0,1.229,8.643,4.321,4e-26,0.22,0.0534,0.1891,0.0001,10000,5,512
149,-1.0420743e-12,1350.9243,-2.828511,1.6830227,-1.484015,0.5380424,-34.14615173086398,-66.72750636481297,1560.0,200000000000.0,206000000000.0,0.01074,0.006816,0.0,1.229,8.643,4.321,4e-26,0.22,0.0534,0.1891,0.0001,10000,5,512
150,-1.0322896e-12,1349.7102,-2.9740403,1.6399478,-1.4233766,0.4862204,-34.2737369002413,-48.23688174336522,1560.0,200000000000.0,206000000000.0,0.01074,0.006816,0.0,1.229,8.643,4.321,4e-26,0.22,0.0534,0.1891,0.0001,10000,5,512
151,-1.0225049e-12,1348.4984,-3.0713866,1.548967,-1.3699375,0.40555617,-35.28516555761138,-50.32150116988568,1560.0,200000000000.0,206000000000.0,0.01074,0.006816,0.0,1.229,8.643,4.321,4e-26,0.22,0.0534,0.1891,0.0001,10000,5,512
152,-1.0127202e-12,1347.2887,-3.0891407,1.461217,-1.3444154,0.34787396,-36.33842892512118,-55.814209837267015,1560.0,200000000000.0,206000000000.0,0.01074,0.006816,0.0,1.229,8.643,4.321,4e-26,0.22,0.0534,0.1891,0.0001,10000,5,512
153,-1.0029355e-12,1346.0813,-3.059063,1.4234614,-1.3619866,0.3537567,-37.50686467667171,-43.07150337639098,1560.0,200000000000.0,206000000000.0,0.01074,0.006816,0.0,1.229,8.643,4.321,4e-26,0.22,0.0534,0.1891,0.0001,10000,5,512
154,-9.931508e-13,1344.8759,-3.0479617,1.4249191,-1.3951203,0.42024985,-38.58076003343156,-50.349174673380205,1560.0,200000000000.0,206000000000.0,0.01074,0.006816,0.0,1.229,8.643,4.321,4e-26,0.22,0.0534,0.1891,0.0001,10000,5,512
155,-9.833661e-13,1343.6727,-3.0946271,1.4333339,-1.4222804,0.51490283,-39.104694428514904,-43.60441961212639,1560.0,200000000000.0,206000000000.0,0.01074,0.006816,0.0,1.229,8.643,4.321,4e-26,0.22,0.0534,0.1891,0.0001,10000,5,512
156,-9.735811e-13,1342.4716,-3.178162,1.4193627,-1.4177637,0.603846,-39.26435197599912,-44.58286843344597,1560.0,200000000000.0,206000000000.0,0.01074,0.006816,0.0,1.229,8.643,4.321,4e-26,0.22,0.0534,0.1891,0.0001,10000,5,512
157,-9.637964e-13,1341.2727,-3.2480197,1.3827499,-1.405742,0.6532414,-41.34943090097141,-47.42460402453432,1560.0,200000000000.0,206000000000.0,0.01074,0.006816,0.0,1.229,8.643,4.321,4e-26,0.22,0.0534,0.1891,0.0001,10000,5,512
158,-9.540117e-13,1340.0759,-3.25555,1.3488785,-1.4111508,0.649919,-40.43225471548939,-55.16598034857418,1560.0,200000000000.0,206000000000.0,0.01074,0.006816,0.0,1.229,8.643,4.321,4e-26,0.22,0.0534,0.1891,0.0001,10000,5,512
159,-9.44227e-13,1338.8813,-3.171656,1.3436538,-1.4504758,0.606793,-43.054063450083106,-45.29604281024031,1560.0,200000000000.0,206000000000.0,0.01074,0.006816,0.0,1.229,8.643,4.321,4e-26,0.22,0.0534,0.1891,0.0001,10000,5,512
160,-9.344423e-13,1337.6888,-3.0164566,1.3871547,-1.5022676,0.5477316,-42.28954319430707,-52.994781625398986,1560.0,200000000000.0,206000000000.0,0.01074,0.006816,0.0,1.229,8.643,4.321,4e-26,0.22,0.0534,0.1891,0.0001,10000,5,512
161,-9.246575e-13,1336.4985,-2.8627963,1.4824777,-1.551668,0.5223561,-46.06291606625089,-53.67484231729675,1560.0,200000000000.0,206000000000.0,0.01074,0.006816,0.0,1.229,8.643,4.321,4e-26,0.22,0.0534,0.1891,0.0001,10000,5,512
162,-9.148728e-13,1335.3102,-2.7896175,1.6020851,-1.5669945,0.5325353,-45.31286579720347,-65.88366914708183,1560.0,200000000000.0,206000000000.0,0.01074,0.006816,0.0,1.229,8.643,4.321,4e-26,0.22,0.0534,0.1891,0.0001,10000,5,512
163,-9.050881e-13,1334.124,-2.840827,1.6849326,-1.5474598,0.5519581,-46.68478106321591,-51.75246484372529,1560.0,200000000000.0,206000000000.0,0.01074,0.006816,0.0,1.229,8.643,4.321,4e-26,0.22,0.0534,0.1891,0.0001,10000,5,512
164,-8.953034e-13,1332.94,-2.9739332,1.681488,-1.5058566,0.54662055,-43.14028772194244,-46.05995183321113,1560.0,200000000000.0,206000000000.0,0.01074,0.006816,0.0,1.229,8.643,4.321,4e-26,0.22,0.0534,0.1891,0.0001,10000,5,512
165,-8.855185e-13,1331.758,-3.0989552,1.6076255,-1.451902,0.48415658,-45.242260725066444,-42.73368163369652,1560.0,200000000000.0,206000000000.0,0.01074,0.006816,0.0,1.229,8.643,4.321,4e-26,0.22,0.0534,0.1891,0.0001,10000,5,512
166,-8.7573384e-13,1330.5781,-3.148733,1.5260922,-1.3993006,0.4004931,-46.127773937844395,-68.6980921636927,1560.0,200000000000.0,206000000000.0,0.01074,0.006816,0.0,1.229,8.643,4.321,4e-26,0.22,0.0534,0.1891,0.0001,10000,5,512
167,-8.6594913e-13,1329.4004,-3.131172,1.4939396,-1.3815424,0.355344,-56.58559069262863,-48.263878400795676,1560.0,200000000000.0,206000000000.0,0.01074,0.006816,0.0,1.229,8.643,4.321,4e-26,0.22,0.0534,0.1891,0.0001,10000,5,512
168,-8.561644e-13,1328.2249,-3.1140268,1.5185424,-1.3987387,0.37125245,-45.5356832019562,-47.19054415026176,1560.0,200000000000.0,206000000000.0,0.01074,0.006816,0.0,1.229,8.643,4.321,4e-26,0.22,0.0534,0.1891,0.0001,10000,5,512
169,-8.4637966e-13,1327.0511,-3.1606114,1.5472974,-1.436062,0.44964907,-50.05038684807988,-49.76327461978508,1560.0,200000000000.0,206000000000.0,0.01074,0.006816,0.0,1.229,8.643,4.321,4e-26,0.22,0.0534,0.1891,0.0001,10000,5,512
170,-8.3659495e-13,1325.8795,-3.2639642,1.5262734,-1.4607167,0.55292755,-48.37957987937989,-56.59547659125619,1560.0,200000000000.0,206000000000.0,0.01074,0.006816,0.0,1.229,8.643,4.321,4e-26,0.22,0.0534,0.1891,0.0001,10000,5,512
171,-8.2681025e-13,1324.7102,-3.3616693,1.4442406,-1.4491957,0.6293543,-60.48657553547724,-56.183731491769024,1560.0,200000000000.0,206000000000.0,0.01074,0.006816,0.0,1.229,8.643,4.321,4e-26,0.22,0.0534,0.1891,0.0001,10000,5,512
172,-8.170254e-13,1323.5427,-3.3815417,1.3519999,-1.4251659,0.6722519,-44.77394587471315,-44.61248669601717,1560.0,200000000000.0,206000000000.0,0.01074,0.006816,0.0,1.229,8.643,4.321,4e-26,0.22,0.0534,0.1891,0.0001,10000,5,512
173,-8.072406e-13,1322.3773,-3.3062208,1.3214993,-1.4181668,0.65974736,-44.52809886881292,-38.847425352717806,1560.0,200000000000.0,206000000000.0,0.01074,0.006816,0.0,1.229,8.643,4.321,4e-26,0.22,0.0534,0.1891,0.0001,10000,5,512
174,-7.974559e-13,1321.2142,-3.1643915,1.3761988,-1.4582957,0.6182817,-45.72245022023621,-51.92219927774978,1560.0,200000000000.0,206000000000.0,0.01074,0.006816,0.0,1.229,8.643,4.321,4e-26,0.22,0.0534,0.1891,0.0001,10000,5,512
175,-7.8767125e-13,1320.0529,-3.02527,1.4878631,-1.5170934,0.5784973,-65.13409692685829,-49.160559830227356,1560.0,200000000000.0,206000000000.0,0.01074,0.006816,0.0,1.229,8.643,4.321,4e-26,0.22,0.0534,0.1891,0.0001,10000,5,512
176,-7.7788654e-13,1318.8937,-2.9485986,1.5981677,-1.5695504,0.5545791,-48.12838171392163,-49.88852302525744,1560.0,200000000000.0,206000000000.0,0.01074,0.006816,0.0,1.229,8.643,4.321,4e-26,0.22,0.0534,0.1891,0.0001,10000,5,512
177,-7.681018e-13,1317.7366,-2.95487,1.6571562,-1.5913538,0.55873615,-52.04552983531548,-44.80646363723369,1560.0,200000000000.0,206000000000.0,0.01074,0.006816,0.0,1.229,8.643,4.321,4e-26,0.22,0.0534,0.1891,0.0001,10000,5,512
178,-7.583171e-13,1316.5813,-3.0228665,1.6430442,-1.5658509,0.5658345,-49.52747653015196,-59.387071640867646,1560.0,200000000000.0,206000000000.0,0.01074,0.006816,0.0,1.229,8.643,4.321,4e-26,0.22,0.0534,0.1891,0.0001,10000,5,512
179,-7.4853237e-13,1315.4282,-3.0943263,1.5886642,-1.5249444,0.5455008,-47.15896954642194,-45.2091008692108,1560.0,200000000000.0,206000000000.0,0.01074,0.006816,0.0,1.229,8.643,4.321,4e-26,0.22,0.0534,0.1891,0.0001,10000,5,512
180,-7.3874766e-13,1314.2771,-3.1281345,1.5561523,-1.4690248,0.47805077,-52.68226209084666,-48.436790026744575,1560.0,200000000000.0,206000000000.0,0.01074,0.006816,0.0,1.229,8.643,4.321,4e-26,0.22,0.0534,0.1891,0.0001,10000,5,512
181,-7.2896273e-13,1313.128,-3.137192,1.5820532,-1.4270093,0.39966857,-52.72796027535,-72.54088161630153,1560.0,200000000000.0,206000000000.0,0.01074,0.006816,0.0,1.229,8.643,4.321,4e-26,0.22,0.0534,0.1891,0.0001,10000,5,512
182,-7.19178e-13,1311.9808,-3.1714857,1.6500227,-1.4160326,0.3630414,-54.924049284026424,-46.446256480377,1560.0,200000000000.0,206000000000.0,0.01074,0.006816,0.0,1.229,8.643,4.321,4e-26,0.22,0.0534,0.1891,0.0001,10000,5,512
183,-7.093934e-13,1310.8357,-3.2668464,1.6816171,-1.4467725,0.39421842,-50.48045067572458,-48.151910650680165,1560.0,200000000000.0,206000000000.0,0.01074,0.006816,0.0,1.229,8.643,4.321,4e-26,0.22,0.0534,0.1891,0.0001,10000,5,512
184,-6.9960867e-13,1309.6927,-3.3971462,1.6171815,-1.4839506,0.47763962,-49.25295620652422,-54.24151339705867,1560.0,200000000000.0,206000000000.0,0.01074,0.006816,0.0,1.229,8.643,4.321,4e-26,0.22,0.0534,0.1891,0.0001,10000,5,512
185,-6.898239e-13,1308.5516,-3.4838822,1.4695196,-1.4900448,0.57320374,-53.566311483258005,-46.404093635782914,1560.0,200000000000.0,206000000000.0,0.01074,0.006816,0.0,1.229,8.643,4.321,4e-26,0.22,0.0534,0.1891,0.0001,10000,5,512
186,-6.800392e-13,1307.4126,-3.4665282,1.3291671,-1.4616506,0.6531149,-58.41851384332004,-46.81631267237478,1560.0,200000000000.0,206000000000.0,0.01074,0.006816,0.0,1.229,8.643,4.321,4e-26,0.22,0.0534,0.1891,0.0001,10000,5,512
187,-6.702545e-13,1306.2754,-3.355959,1.3086256,-1.4324629,0.6811871,-57.1938120299542,-46.96332764526588,1560.0,200000000000.0,206000000000.0,0.01074,0.006816,0.0,1.229,8.643,4.321,4e-26,0.22,0.0534,0.1891,0.0001,10000,5,512
188,-6.604696e-13,1305.1403,-3.2358446,1.4199488,-1.4267168,0.6714373,-58.21491351162594,-49.23883369785362,1560.0,200000000000.0,206000000000.0,0.01074,0.006816,0.0,1.229,8.643,4.321,4e-26,0.22,0.0534,0.1891,0.0001,10000,5,512
189,-6.506849e-13,1304.007,-3.1819406,1.5776384,-1.4708499,0.6294655,-48.35807110418625,-54.845427449173556,1560.0,200000000000.0,206000000000.0,0.01074,0.006816,0.0,1.229,8.643,4.321,4e-26,0.22,0.0534,0.1891,0.0001,10000,5,512
190,-6.409002e-13,1302.876,-3.2007263,1.6542234,-1.542188,0.5933897,-54.0167749321087,-54.3829155806268,1560.0,200000000000.0,206000000000.0,0.01074,0.006816,0.0,1.229,8.643,4.321,4e-26,0.22,0.0534,0.1891,0.0001,10000,5,512
191,-6.311154e-13,1301.7466,-3.2189867,1.6001472,-1.6008458,0.56854427,-54.85099033753539,-48.44138517534671,1560.0,200000000000.0,206000000000.0,0.01074,0.006816,0.0,1.229,8.643,4.321,4e-26,0.22,0.0534,0.1891,0.0001,10000,5,512
192,-6.2133073e-13,1300.6194,-3.169119,1.4894702,-1.6114329,0.56868964,-54.773344839257305,-44.9095173763866,1560.0,200000000000.0,206000000000.0,0.01074,0.006816,0.0,1.229,8.643,4.321,4e-26,0.22,0.0534,0.1891,0.0001,10000,5,512
193,-6.11546e-13,1299.494,-3.0635085,1.4433655,-1.5786413,0.5708264,-52.73670898933615,-43.03533768431036,1560.0,200000000000.0,206000000000.0,0.01074,0.006816,0.0,1.229,8.643,4.321,4e-26,0.22,0.0534,0.1891,0.0001,10000,5,512
194,-6.017613e-13,1298.3705,-2.9887993,1.5421625,-1.5326229,0.54983175,-58.67196765416219,-48.141758617268636,1560.0,200000000000.0,206000000000.0,0.01074,0.006816,0.0,1.229,8.643,4.321,4e-26,0.22,0.0534,0.1891,0.0001,10000,5,512
195,-5.919766e-13,1297.2491,-3.041219,1.7388648,-1.4867266,0.4880356,-53.02858349103529,-47.63698187586735,1560.0,200000000000.0,206000000000.0,0.01074,0.006816,0.0,1.229,8.643,4.321,4e-26,0.22,0.0534,0.1891,0.0001,10000,5,512
196,-5.821919e-13,1296.1296,-3.2389276,1.8801548,-1.4706182,0.41296086,-57.36730126395683,-48.49595186024706,1560.0,200000000000.0,206000000000.0,0.01074,0.006816,0.0,1.229,8.643,4.321,4e-26,0.22,0.0534,0.1891,0.0001,10000,5,512
197,-5.7240703e-13,1295.012,-3.4974775,1.8418959,-1.4738507,0.37468725,-60.562458054053366,-54.10921758746571,1560.0,200000000000.0,206000000000.0,0.01074,0.006816,0.0,1.229,8.643,4.321,4e-26,0.22,0.0534,0.1891,0.0001,10000,5,512
198,-5.626222e-13,1293.8962,-3.6702304,1.6156611,-1.4944589,0.4038039,-52.79936589684944,-70.56722337307811,1560.0,200000000000.0,206000000000.0,0.01074,0.006816,0.0,1.229,8.643,4.321,4e-26,0.22,0.0534,0.1891,0.0001,10000,5,512
199,-5.528375e-13,1292.7826,-3.6495514,1.3442361,-1.515868,0.48633265,-54.38631670930839,-54.5260429816023,1560.0,200000000000.0,206000000000.0,0.01074,0.006816,0.0,1.229,8.643,4.321,4e-26,0.22,0.0534,0.1891,0.0001,10000,5,512
200,-5.430528e-13,1291.6708,-3.452605,1.2132984,-1.4988614,0.5944776,-55.63671364326632,-47.680243740072086,1560.0,200000000000.0,206000000000.0,0.01074,0.006816,0.0,1.229,8.643,4.321,4e-26,0.22,0.0534,0.1891,0.0001,10000,5,512
201,-5.3326815e-13,1290.5608,-3.2438755,1.3424162,-1.4633806,0.67590535,-55.49802084386178,-54.966010531788896,1560.0,200000000000.0,206000000000.0,0.01074,0.006816,0.0,1.229,8.643,4.321,4e-26,0.22,0.0534,0.1891,0.0001,10000,5,512
202,-5.2348344e-13,1289.4529,-3.202579,1.6404169,-1.4431531,0.71002287,-58.036028011055265,-47.13957145371769,1560.0,200000000000.0,206000000000.0,0.01074,0.006816,0.0,1.229,8.643,4.321,4e-26,0.22,0.0534,0.1891,0.0001,10000,5,512
203,-5.1369873e-13,1288.3468,-3.3898609,1.8572589,-1.4587777,0.6924289,-48.50923814246583,-47.25625092785843,1560.0,200000000000.0,206000000000.0,0.01074,0.006816,0.0,1.229,8.643,4.321,4e-26,0.22,0.0534,0.1891,0.0001,10000,5,512
204,-5.0391386e-13,1287.2424,-3.650136,1.7807276,-1.5067952,0.6404122,-56.838442930035995,-50.62991259131465,1560.0,200000000000.0,206000000000.0,0.01074,0.006816,0.0,1.229,8.643,4.321,4e-26,0.22,0.0534,0.1891,0.0001,10000,5,512
205,-4.9412915e-13,1286.1403,-3.7237573,1.4376546,-1.5702347,0.5821544,-55.97922320066864,-54.02453787411821,1560.0,200000000000.0,206000000000.0,0.01074,0.006816,0.0,1.229,8.643,4.321,4e-26,0.22,0.0534,0.1891,0.0001,10000,5,512
206,-4.8434434e-13,1285.0397,-3.4581058,1.1002758,-1.6133095,0.5558791,-51.17670408087187,-52.58040097892814,1560.0,200000000000.0,206000000000.0,0.01074,0.006816,0.0,1.229,8.643,4.321,4e-26,0.22,0.0534,0.1891,0.0001,10000,5,512
207,-4.7455963e-13,1283.9412,-2.9838054,1.0999782,-1.6029391,0.5655987,-62.031465277546744,-50.95613735921418,1560.0,200000000000.0,206000000000.0,0.01074,0.006816,0.0,1.229,8.643,4.321,4e-26,0.22,0.0534,0.1891,0.0001,10000,5,512
208,-4.647749e-13,1282.8445,-2.672167,1.5267848,-1.5756207,0.5895104,-53.734492282224096,-44.473656979269975,1560.0,200000000000.0,206000000000.0,0.01074,0.006816,0.0,1.229,8.643,4.321,4e-26,0.22,0.0534,0.1891,0.0001,10000,5,512
209,-4.549902e-13,1281.7496,-2.8364005,2.093606,-1.5548488,0.5729355,-55.54233790911525,-40.37130576649744,1560.0,200000000000.0,206000000000.0,0.01074,0.006816,0.0,1.229,8.643,4.321,4e-26,0.22,0.0534,0.1891,0.0001,10000,5,512
210,-4.4520553e-13,1280.6567,-3.4332829,2.3466446,-1.5431732,0.50593096,-67.72989826923254,-50.2218484867477,1560.0,200000000000.0,206000000000.0,0.01074,0.006816,0.0,1.229,8.643,4.321,4e-26,0.22,0.0534,0.1891,0.0001,10000,5,512
211,-4.3542082e-13,1279.5657,-4.07887,2.0506322,-1.5388279,0.39983264,-63.773272130995124,-46.265452369306416,1560.0,200000000000.0,206000000000.0,0.01074,0.006816,0.0,1.229,8.643,4.321,4e-26,0.22,0.0534,0.1891,0.0001,10000,5,512
212,-4.2563614e-13,1278.4764,-4.337168,1.3773676,-1.5240245,0.3471418,-52.34308517473181,-57.89834664444521,1560.0,200000000000.0,206000000000.0,0.01074,0.006816,0.0,1.229,8.643,4.321,4e-26,0.22,0.0534,0.1891,0.0001,10000,5,512
213,-4.1585127e-13,1277.389,-4.016511,0.7967608,-1.5159413,0.38900062,-51.090127814312964,-40.0590194778638,1560.0,200000000000.0,206000000000.0,0.01074,0.006816,0.0,1.229,8.643,4.321,4e-26,0.22,0.0534,0.1891,0.0001,10000,5,512
214,-4.0606646e-13,1276.3035,-3.3357725,0.78474,-1.5009084,0.5034726,-59.057398517222396,-48.777580315407306,1560.0,200000000000.0,206000000000.0,0.01074,0.006816,0.0,1.229,8.643,4.321,4e-26,0.22,0.0534,0.1891,0.0001,10000,5,512
215,-3.9628178e-13,1275.22,-2.8545659,1.4287384,-1.4903005,0.6429241,-61.69515211595706,-47.58325441439234,1560.0,200000000000.0,206000000000.0,0.01074,0.006816,0.0,1.229,8.643,4.321,4e-26,0.22,0.0534,0.1891,0.0001,10000,5,512
216,-3.8649707e-13,1274.138,-3.0410237,2.262755,-1.4920455,0.7309603,-56.753114928439715,-47.54437592403029,1560.0,200000000000.0,206000000000.0,0.01074,0.006816,0.0,1.229,8.643,4.321,4e-26,0.22,0.0534,0.1891,0.0001,10000,5,512
217,-3.7671236e-13,1273.0581,-3.8503904,2.6010623,-1.5038145,0.73511016,-51.82084084828104,-47.92521614966094,1560.0,200000000000.0,206000000000.0,0.01074,0.006816,0.0,1.229,8.643,4.321,4e-26,0.22,0.0534,0.1891,0.0001,10000,5,512
218,-3.6692765e-13,1271.9799,-4.742903,2.098702,-1.5217617,0.6564042,-59.23966654427309,-49.589725092550566,1560.0,200000000000.0,206000000000.0,0.01074,0.006816,0.0,1.229,8.643,4.321,4e-26,0.22,0.0534,0.1891,0.0001,10000,5,512
219,-3.5714294e-13,1270.9034,-5.0617495,0.9903984,-1.5329564,0.56480277,-55.303487493406024,-61.688363131564984,1560.0,200000000000.0,206000000000.0,0.01074,0.006816,0.0,1.229,8.643,4.321,4e-26,0.22,0.0534,0.1891,0.0001,10000,5,512
220,-3.473581e-13,1269.8289,-4.4455266,-0.006774442,-1.5480314,0.51974154,-60.26306808199452,-47.48320968259981,1560.0,200000000000.0,206000000000.0,0.01074,0.006816,0.0,1.229,8.643,4.321,4e-26,0.22,0.0534,0.1891,0.0001,10000,5,512
221,-3.375734e-13,1268.7562,-3.1690576,-0.046678517,-1.5604149,0.5400767,-52.02570163557455,-65.84638230781658,1560.0,200000000000.0,206000000000.0,0.01074,0.006816,0.0,1.229,8.643,4.321,4e-26,0.22,0.0534,0.1891,0.0001,10000,5,512
222,-3.2778858e-13,1267.6853,-2.1912916,1.1584499,-1.5796,0.6123292,-59.201906719812825,-47.28000092288069,1560.0,200000000000.0,206000000000.0,0.01074,0.006816,0.0,1.229,8.643,4.321,4e-26,0.22,0.0534,0.1891,0.0001,10000,5,512
223,-3.1800387e-13,1266.6162,-2.4745467,2.8157156,-1.6221863,0.65710425,-56.1198724973124,-56.98483304064901,1560.0,200000000000.0,206000000000.0,0.01074,0.006816,0.0,1.229,8.643,4.321,4e-26,0.22,0.0534,0.1891,0.0001,10000,5,512
224,-3.082192e-13,1265.549,-4.021263,3.6300366,-1.6670043,0.591705,-49.87169892295033,-48.53360117141736,1560.0,200000000000.0,206000000000.0,0.01074,0.006816,0.0,1.229,8.643,4.321,4e-26,0.22,0.0534,0.1891,0.0001,10000,5,512
225,-2.9843448e-13,1264.4834,-5.9730697,2.9727485,-1.6618016,0.44052374,-53.647206045256,-49.62972190572523,1560.0,200000000000.0,206000000000.0,0.01074,0.006816,0.0,1.229,8.643,4.321,4e-26,0.22,0.0534,0.1891,0.0001,10000,5,512
226,-2.8864977e-13,1263.4197,-7.4334807,1.0727024,-1.5899967,0.27410004,-59.339849282509775,-48.64460493550811,1560.0,200000000000.0,206000000000.0,0.01074,0.006816,0.0,1.229,8.643,4.321,4e-26,0.22,0.0534,0.1891,0.0001,10000,5,512
227,-2.7886507e-13,1262.3578,-7.9528246,-1.4371964,-1.4822915,0.23062548,-50.22040152662984,-45.630382472279024,1560.0,200000000000.0,206000000000.0,0.01074,0.006816,0.0,1.229,8.643,4.321,4e-26,0.22,0.0534,0.1891,0.0001,10000,5,512
228,-2.6908036e-13,1261.2977,-7.5266147,-3.9365573,-1.4138867,0.3495362,-52.693934896713955,-46.049545081281565,1560.0,200000000000.0,206000000000.0,0.01074,0.006816,0.0,1.229,8.643,4.321,4e-26,0.22,0.0534,0.1891,0.0001,10000,5,512
229,-2.592954e-13,1260.2393,-6.423002,-6.0025268,-1.4376639,0.57356906,-63.41291182442889,-49.75984537410342,1560.0,200000000000.0,206000000000.0,0.01074,0.006816,0.0,1.229,8.643,4.321,4e-26,0.22,0.0534,0.1891,0.0001,10000,5,512
230,-2.495107e-13,1259.1827,-4.9906974,-7.4650564,-1.5446408,0.75430936,-63.22873485732144,-56.07327920058337,1560.0,200000000000.0,206000000000.0,0.01074,0.006816,0.0,1.229,8.643,4.321,4e-26,0.22,0.0534,0.1891,0.0001,10000,5,512
231,-2.39726e-13,1258.1279,-3.5504417,-8.329278,-1.6536863,0.7627848,-53.22088949505405,-55.89884107249941,1560.0,200000000000.0,206000000000.0,0.01074,0.006816,0.0,1.229,8.643,4.321,4e-26,0.22,0.0534,0.1891,0.0001,10000,5,512
232,-2.2994128e-13,1257.0748,-2.309725,-8.727534,-1.6781605,0.6088088,-51.89391461478492,-51.86266842839669,1560.0,200000000000.0,206000000000.0,0.01074,0.006816,0.0,1.229,8.643,4.321,4e-26,0.22,0.0534,0.1891,0.0001,10000,5,512
233,-2.2015659e-13,1256.0236,-1.3758957,-8.835841,-1.5961547,0.37981096,-55.654451351856565,-47.786508536123534,1560.0,200000000000.0,206000000000.0,0.01074,0.006816,0.0,1.229,8.643,4.321,4e-26,0.22,0.0534,0.1891,0.0001,10000,5,512
234,-2.103719e-13,1254.9741,-0.73917156,-8.836584,-1.4325653,0.19306317,-57.98012363380103,-42.916669530545846,1560.0,200000000000.0,206000000000.0,0.01074,0.006816,0.0,1.229,8.643,4.321,4e-26,0.22,0.0534,0.1891,0.0001,10000,5,512
235,-2.0058719e-13,1253.9263,-0.30371767,-8.853133,-1.2409452,0.13147005,-48.44926842701203,-55.24392864701821,1560.0,200000000000.0,206000000000.0,0.01074,0.006816,0.0,1.229,8.643,4.321,4e-26,0.22,0.0534,0.1891,0.0001,10000,5,512
236,-1.9080233e-13,1252.8804,0.06199666,-8.925378,-1.0523086,0.20958386,-57.2323233600884,-51.05850082844947,1560.0,200000000000.0,206000000000.0,0.01074,0.006816,0.0,1.229,8.643,4.321,4e-26,0.22,0.0534,0.1891,0.0001,10000,5,512
237,-1.8101753e-13,1251.836,0.4483693,-9.000185,-0.92261285,0.3823305,-54.48044151413325,-46.268978177525725,1560.0,200000000000.0,206000000000.0,0.01074,0.006816,0.0,1.229,8.643,4.321,4e-26,0.22,0.0534,0.1891,0.0001,10000,5,512
238,-1.7123282e-13,1250.7933,0.8400169,-8.995555,-0.86248714,0.53780884,-54.338330126606934,-51.394418806007295,1560.0,200000000000.0,206000000000.0,0.01074,0.006816,0.0,1.229,8.643,4.321,4e-26,0.22,0.0534,0.1891,0.0001,10000,5,512
239,-1.6144811e-13,1249.7526,1.1447687,-8.869815,-0.8563287,0.58359474,-50.839297184260374,-46.69283515439584,1560.0,200000000000.0,206000000000.0,0.01074,0.006816,0.0,1.229,8.643,4.321,4e-26,0.22,0.0534,0.1891,0.0001,10000,5,512
240,-1.5166342e-13,1248.7136,1.2500267,-8.634858,-0.83899105,0.5116218,-48.84653366625565,-54.37532815897201,1560.0,200000000000.0,206000000000.0,0.01074,0.006816,0.0,1.229,8.643,4.321,4e-26,0.22,0.0534,0.1891,0.0001,10000,5,512
241,-1.4187871e-13,1247.6763,1.0820189,-8.359842,-0.7738196,0.40945494,-48.31650177281797,-49.073385851605906,1560.0,200000000000.0,206000000000.0,0.01074,0.006816,0.0,1.229,8.643,4.321,4e-26,0.22,0.0534,0.1891,0.0001,10000,5,512
242,-1.32094e-13,1246.6406,0.63171196,-8.110827,-0.6609373,0.3927195,-54.0231520079419,-51.94865644583443,1560.0,200000000000.0,206000000000.0,0.01074,0.006816,0.0,1.229,8.643,4.321,4e-26,0.22,0.0534,0.1891,0.0001,10000,5,512
243,-1.2230931e-13,1245.6067,-0.033578236,-7.9400268,-0.57326794,0.5426984,-51.92150546909224,-49.783025689335545,1560.0,200000000000.0,206000000000.0,0.01074,0.006816,0.0,1.229,8.643,4.321,4e-26,0.22,0.0534,0.1891,0.0001,10000,5,512
244,-1.125246e-13,1244.5745,-0.771243,-7.8514385,-0.56820214,0.8035862,-51.1839441719428,-41.95870159972982,1560.0,200000000000.0,206000000000.0,0.01074,0.006816,0.0,1.229,8.643,4.321,4e-26,0.22,0.0534,0.1891,0.0001,10000,5,512
245,-1.0273964e-13,1243.544,-1.4517416,-7.807263,-0.6562629,1.0176235,-54.87718058891076,-50.957160466180994,1560.0,200000000000.0,206000000000.0,0.01074,0.006816,0.0,1.229,8.643,4.321,4e-26,0.22,0.0534,0.1891,0.0001,10000,5,512
246,-9.2954934e-14,1242.5151,-2.0281014,-7.728507,-0.76415807,1.0606618,-56.24823334294901,-48.16676475476814,1560.0,200000000000.0,206000000000.0,0.01074,0.006816,0.0,1.229,8.643,4.321,4e-26,0.22,0.0534,0.1891,0.0001,10000,5,512
247,-8.317023e-14,1241.4882,-2.5384815,-7.579904,-0.8132422,0.9299145,-52.04937446950383,-49.57575657901688,1560.0,200000000000.0,206000000000.0,0.01074,0.006816,0.0,1.229,8.643,4.321,4e-26,0.22,0.0534,0.1891,0.0001,10000,5,512
248,-7.338553e-14,1240.4626,-3.0366879,-7.385428,-0.7784203,0.68662596,-55.94759673894683,-58.702573732850794,1560.0,200000000000.0,206000000000.0,0.01074,0.006816,0.0,1.229,8.643,4.321,4e-26,0.22,0.0534,0.1891,0.0001,10000,5,512
249,-6.360083e-14,1239.4391,-3.5251465,-7.2425733,-0.6706271,0.45778745,-58.43851112329368,-51.740214896428085,1560.0,200000000000.0,206000000000.0,0.01074,0.006816,0.0,1.229,8.643,4.321,4e-26,0.22,0.0534,0.1891,0.0001,10000,5,512
250,-5.3816123e-14,1238.417,-3.9226766,-7.2390766,-0.51214814,0.32422662,-55.08066489579237,-66.22053504032415,1560.0,200000000000.0,206000000000.0,0.01074,0.006816,0.0,1.229,8.643,4.321,4e-26,0.22,0.0534,0.1891,0.0001,10000,5,512
251,-4.4031422e-14,1237.3966,-4.123737,-7.3905063,-0.32882822,0.31488344,-54.86086978364837,-48.25557874852392,1560.0,200000000000.0,206000000000.0,0.01074,0.006816,0.0,1.229,8.643,4.321,4e-26,0.22,0.0534,0.1891,0.0001,10000,5,512
252,-3.424657e-14,1236.3782,-4.1010113,-7.6079884,-0.19163646,0.40987307,-56.343501519652946,-44.21199224954431,1560.0,200000000000.0,206000000000.0,0.01074,0.006816,0.0,1.229,8.643,4.321,4e-26,0.22,0.0534,0.1891,0.0001,10000,5,512
253,-2.4461758e-14,1235.3611,-3.9182305,-7.7511063,-0.13373865,0.4927604,-52.18288966680143,-46.38590153852829,1560.0,200000000000.0,206000000000.0,0.01074,0.006816,0.0,1.229,8.643,4.321,4e-26,0.22,0.0534,0.1891,0.0001,10000,5,512
254,-1.4677055e-14,1234.3457,-3.72228,-7.7166586,-0.13317083,0.487351,-53.36744740535606,-53.44489100194926,1560.0,200000000000.0,206000000000.0,0.01074,0.006816,0.0,1.229,8.643,4.321,4e-26,0.22,0.0534,0.1891,0.0001,10000,5,512
255,-4.8923513e-15,1233.3323,-3.6539617,-7.455794,-0.13847643,0.3638894,-53.761082182527616,-43.002554857710734,1560.0,200000000000.0,206000000000.0,0.01074,0.006816,0.0,1.229,8.643,4.321,4e-26,0.22,0.0534,0.1891,0.0001,10000,5,512
256,4.8923513e-15,2125.0647,-3.79664,-6.9896812,-0.090932384,0.20837845,-48.315550310601694,-47.05380255856794,1560.0,200000000000.0,206000000000.0,0.01074,0.006816,0.0,1.229,8.643,4.321,4e-26,0.22,0.0534,0.1891,0.0001,10000,5,512
257,1.4677055e-14,2122.062,-4.157287,-6.377842,0.016637541,0.14807163,-79.10953319800855,-48.992473154687644,1560.0,200000000000.0,206000000000.0,0.01074,0.006816,0.0,1.229,8.643,4.321,4e-26,0.22,0.0534,0.1891,0.0001,10000,5,512
258,2.4461758e-14,2119.068,-4.675589,-5.6975756,0.13027133,0.26618096,-52.664340581656205,-48.60268570647635,1560.0,200000000000.0,206000000000.0,0.01074,0.006816,0.0,1.229,8.643,4.321,4e-26,0.22,0.0534,0.1891,0.0001,10000,5,512
259,3.4246535e-14,2116.0825,-5.2228394,-4.992811,0.17036112,0.5127081,-49.09990874518479,-55.417158569557316,1560.0,200000000000.0,206000000000.0,0.01074,0.006816,0.0,1.229,8.643,4.321,4e-26,0.22,0.0534,0.1891,0.0001,10000,5,512
260,4.4031348e-14,2113.105,-5.700096,-4.235988,0.12746724,0.7351115,-75.6244719278426,-45.867664494890434,1560.0,200000000000.0,206000000000.0,0.01074,0.006816,0.0,1.229,8.643,4.321,4e-26,0.22,0.0534,0.1891,0.0001,10000,5,512
261,5.381605e-14,2110.1365,-6.0875673,-3.3484805,0.034005634,0.8071092,-69.73021044793755,-52.3026169006004,1560.0,200000000000.0,206000000000.0,0.01074,0.006816,0.0,1.229,8.643,4.321,4e-26,0.22,0.0534,0.1891,0.0001,10000,5,512
262,6.360083e-14,2107.1758,-6.4360876,-2.3190775,-0.039814927,0.68959963,-56.712933820883435,-56.11990643731997,1560.0,200000000000.0,206000000000.0,0.01074,0.006816,0.0,1.229,8.643,4.321,4e-26,0.22,0.0534,0.1891,0.0001,10000,5,512
263,7.338553e-14,2104.2234,-6.831412,-1.2836561,-0.062875696,0.44956335,-50.710260821646955,-41.91251112702918,1560.0,200000000000.0,206000000000.0,0.01074,0.006816,0.0,1.229,8.643,4.321,4e-26,0.22,0.0534,0.1891,0.0001,10000,5,512
264,8.317023e-14,2101.2795,-7.282671,-0.498944,-0.035715997,0.184378,-55.25720958522234,-51.195489071411075,1560.0,200000000000.0,206000000000.0,0.01074,0.006816,0.0,1.229,8.643,4.321,4e-26,0.22,0.0534,0.1891,0.0001,10000,5,512
265,9.2954934e-14,2098.3438,-7.727081,-0.16399087,0.042393897,-0.00068563025,-65.89025696833568,-52.75904770576828,1560.0,200000000000.0,206000000000.0,0.01074,0.006816,0.0,1.229,8.643,4.321,4e-26,0.22,0.0534,0.1891,0.0001,10000,5,512
266,1.0273964e-13,2095.416,-8.04356,-0.28770843,0.15699653,-0.07232732,-55.133786438123735,-56.09803155409884,1560.0,200000000000.0,206000000000.0,0.01074,0.006816,0.0,1.229,8.643,4.321,4e-26,0.22,0.0534,0.1891,0.0001,10000,5,512
267,1.1252442e-13,2092.4968,-8.145963,-0.6665292,0.22995579,-0.037988096,-58.81380850911765,-57.2282101722365,1560.0,200000000000.0,206000000000.0,0.01074,0.006816,0.0,1.229,8.643,4.321,4e-26,0.22,0.0534,0.1891,0.0001,10000,5,512
268,1.2230923e-13,2089.5854,-8.000159,-1.0200675,0.21708496,0.0075408565,-58.409900138885206,-49.40074137224374,1560.0,200000000000.0,206000000000.0,0.01074,0.006816,0.0,1.229,8.643,4.321,4e-26,0.22,0.0534,0.1891,0.0001,10000,5,512
269,1.3209393e-13,2086.6821,-7.650759,-1.0843097,0.12640427,-0.036483046,-52.83108160360129,-53.94190793227601,1560.0,200000000000.0,206000000000.0,0.01074,0.006816,0.0,1.229,8.643,4.321,4e-26,0.22,0.0534,0.1891,0.0001,10000,5,512
270,1.4187871e-13,2083.7866,-7.1782403,-0.70172155,0.023005405,-0.18766847,-56.88163978306768,-68.02521763805498,1560.0,200000000000.0,206000000000.0,0.01074,0.006816,0.0,1.229,8.643,4.321,4e-26,0.22,0.0534,0.1891,0.0001,10000,5,512
271,1.5166342e-13,2080.8997,-6.6716104,0.1478857,-0.020833261,-0.3841329,-50.112389216871804,-57.53097357365982,1560.0,200000000000.0,206000000000.0,0.01074,0.006816,0.0,1.229,8.643,4.321,4e-26,0.22,0.0534,0.1891,0.0001,10000,5,512
272,1.6144811e-13,2078.0208,-6.2299123,1.2832822,0.03947462,-0.48768345,-48.3047394956114,-45.93775259714397,1560.0,200000000000.0,206000000000.0,0.01074,0.006816,0.0,1.229,8.643,4.321,4e-26,0.22,0.0534,0.1891,0.0001,10000,5,512
273,1.7123282e-13,2075.1497,-5.9115458,2.4009936,0.1559504,-0.40868393,-63.42109443062563,-51.715445129900246,1560.0,200000000000.0,206000000000.0,0.01074,0.006816,0.0,1.229,8.643,4.321,4e-26,0.22,0.0534,0.1891,0.0001,10000,5,512
274,1.8101753e-13,2072.2864,-5.6873546,3.2298224,0.23854,-0.1848308,-49.008573797933266,-51.82013635574657,1560.0,200000000000.0,206000000000.0,0.01074,0.006816,0.0,1.229,8.643,4.321,4e-26,0.22,0.0534,0.1891,0.0001,10000,5,512
275,1.908023e-13,2069.431,-5.4141173,3.6907148,0.25038692,0.03937606,-52.7079322096219,-48.2438439168688,1560.0,200000000000.0,206000000000.0,0.01074,0.006816,0.0,1.229,8.643,4.321,4e-26,0.22,0.0534,0.1891,0.0001,10000,5,512
276,2.005871e-13,2066.5833,-4.9169917,3.8764832,0.18583106,0.13581263,-58.673062312710044,-43.79556450702634,1560.0,200000000000.0,206000000000.0,0.01074,0.006816,0.0,1.229,8.643,4.321,4e-26,0.22,0.0534,0.1891,0.0001,10000,5,512
277,2.1037181e-13,2063.7437,-4.050059,3.9338276,0.09030828,0.063138366,-61.01386991348896,-47.188592516694996,1560.0,200000000000.0,206000000000.0,0.01074,0.006816,0.0,1.229,8.643,4.321,4e-26,0.22,0.0534,0.1891,0.0001,10000,5,512
278,2.2015659e-13,2060.9119,-2.800511,3.985047,-0.013242878,-0.12546504,-65.14687458311089,-49.53499913140534,1560.0,200000000000.0,206000000000.0,0.01074,0.006816,0.0,1.229,8.643,4.321,4e-26,0.22,0.0534,0.1891,0.0001,10000,5,512
279,2.2994128e-13,2058.088,-1.328958,4.0611734,-0.09937308,-0.34230754,-57.58591347765993,-46.38268203673262,1560.0,200000000000.0,206000000000.0,0.01074,0.006816,0.0,1.229,8.643,4.321,4e-26,0.22,0.0534,0.1891,0.0001,10000,5,512
280,2.39726e-13,2055.2712,0.08073875,4.1119757,-0.13721071,-0.5080116,-56.994325614482364,-58.127667893664324,1560.0,200000000000.0,206000000000.0,0.01074,0.006816,0.0,1.229,8.643,4.321,4e-26,0.22,0.0534,0.1891,0.0001,10000,5,512
281,2.495107e-13,2052.4626,1.1769135,4.04849,-0.1251509,-0.55443114,-53.38384306517865,-48.20508587876974,1560.0,200000000000.0,206000000000.0,0.01074,0.006816,0.0,1.229,8.643,4.321,4e-26,0.22,0.0534,0.1891,0.0001,10000,5,512
282,2.592954e-13,2049.6614,1.8444251,3.812479,-0.111206785,-0.4963901,-52.8839148811354,-52.91047179180535,1560.0,200000000000.0,206000000000.0,0.01074,0.006816,0.0,1.229,8.643,4.321,4e-26,0.22,0.0534,0.1891,0.0001,10000,5,512
283,2.690802e-13,2046.8683,2.1072407,3.3469865,-0.14920297,-0.4156165,-54.93741340634918,-57.76678034610228,1560.0,200000000000.0,206000000000.0,0.01074,0.006816,0.0,1.229,8.643,4.321,4e-26,0.22,0.0534,0.1891,0.0001,10000,5,512
284,2.7886498e-13,2044.0823,2.072287,2.5957515,-0.2563441,-0.39165634,-60.567475365338794,-59.38112056718364,1560.0,200000000000.0,206000000000.0,0.01074,0.006816,0.0,1.229,8.643,4.321,4e-26,0.22,0.0534,0.1891,0.0001,10000,5,512
285,2.886497e-13,2041.304,1.9199151,1.5542028,-0.37363794,-0.45259774,-50.97014378061573,-49.73710471528952,1560.0,200000000000.0,206000000000.0,0.01074,0.006816,0.0,1.229,8.643,4.321,4e-26,0.22,0.0534,0.1891,0.0001,10000,5,512
286,2.9843448e-13,2038.5334,1.8149738,0.3856187,-0.42788777,-0.5276064,-70.92803935594289,-59.728193954820185,1560.0,200000000000.0,206000000000.0,0.01074,0.006816,0.0,1.229,8.643,4.321,4e-26,0.22,0.0534,0.1891,0.0001,10000,5,512
287,3.082192e-13,2035.7701,1.7840179,-0.6122095,-0.36869827,-0.51061493,-57.23892401260596,-44.023459247250955,1560.0,200000000000.0,206000000000.0,0.01074,0.006816,0.0,1.229,8.643,4.321,4e-26,0.22,0.0534,0.1891,0.0001,10000,5,512
288,3.1800387e-13,2033.0144,1.6621861,-1.2092255,-0.23237634,-0.33606955,-52.031767331949354,-47.786108631727984,1560.0,200000000000.0,206000000000.0,0.01074,0.006816,0.0,1.229,8.643,4.321,4e-26,0.22,0.0534,0.1891,0.0001,10000,5,512
289,3.2778858e-13,2030.2664,1.2487009,-1.4146802,-0.11208048,-0.04925006,-57.98499747796704,-50.354911251840875,1560.0,200000000000.0,206000000000.0,0.01074,0.006816,0.0,1.229,8.643,4.321,4e-26,0.22,0.0534,0.1891,0.0001,10000,5,512
290,3.3757329e-13,2027.5256,0.48719558,-1.4133445,-0.049707055,0.20554003,-53.93396812558581,-49.219724274470295,1560.0,200000000000.0,206000000000.0,0.01074,0.006816,0.0,1.229,8.643,4.321,4e-26,0.22,0.0534,0.1891,0.0001,10000,5,512
291,3.4735818e-13,2024.7919,-0.44311175,-1.4025164,-0.04743076,0.3088471,-52.192382972157276,-49.93278730322048,1560.0,200000000000.0,206000000000.0,0.01074,0.006816,0.0,1.229,8.643,4.321,4e-26,0.22,0.0534,0.1891,0.0001,10000,5,512
292,3.5714286e-13,2022.0662,-1.2419695,-1.4374759,-0.0780441,0.2278301,-57.75997415656633,-49.390455375016074,1560.0,200000000000.0,206000000000.0,0.01074,0.006816,0.0,1.229,8.643,4.321,4e-26,0.22,0.0534,0.1891,0.0001,10000,5,512
293,3.6692757e-13,2019.3472,-1.7042787,-1.415016,-0.10761849,0.03901902,-59.65789164907959,-47.05081317383754,1560.0,200000000000.0,206000000000.0,0.01074,0.006816,0.0,1.229,8.643,4.321,4e-26,0.22,0.0534,0.1891,0.0001,10000,5,512
294,3.7671236e-13,2016.6357,-1.8290366,-1.1849424,-0.1320168,-0.17909312,-55.58770920068626,-50.03041587089393,1560.0,200000000000.0,206000000000.0,0.01074,0.006816,0.0,1.229,8.643,4.321,4e-26,0.22,0.0534,0.1891,0.0001,10000,5,512
295,3.8649707e-13,2013.9316,-1.7715392,-0.6644143,-0.12480255,-0.33947846,-52.48836971045519,-48.9891576048191,1560.0,200000000000.0,206000000000.0,0.01074,0.006816,0.0,1.229,8.643,4.321,4e-26,0.22,0.0534,0.1891,0.0001,10000,5,512
296,3.9628178e-13,2011.2347,-1.7042983,0.09741184,-0.08842952,-0.40684983,-54.03092685537665,-52.6847722185809,1560.0,200000000000.0,206000000000.0,0.01074,0.006816,0.0,1.229,8.643,4.321,4e-26,0.22,0.0534,0.1891,0.0001,10000,5,512
297,4.0606646e-13,2008.5449,-1.7369187,0.9353777,-0.07468086,-0.3930063,-58.759996753603204,-59.16522503407002,1560.0,200000000000.0,206000000000.0,0.01074,0.006816,0.0,1.229,8.643,4.321,4e-26,0.22,0.0534,0.1891,0.0001,10000,5,512
298,4.1585116e-13,2005.8625,-1.8560628,1.6444821,-0.120090574,-0.37644786,-52.70106064379094,-46.438106692696635,1560.0,200000000000.0,206000000000.0,0.01074,0.006816,0.0,1.229,8.643,4.321,4e-26,0.22,0.0534,0.1891,0.0001,10000,5,512
299,4.2563606e-13,2003.1871,-1.93619,2.0785537,-0.22296312,-0.41583124,-78.83666401508714,-49.718750233061215,1560.0,200000000000.0,206000000000.0,0.01074,0.006816,0.0,1.229,8.643,4.321,4e-26,0.22,0.0534,0.1891,0.0001,10000,5,512
300,4.3542077e-13,2000.5189,-1.7978567,2.205766,-0.3496307,-0.5174674,-57.382611633601854,-51.9479756136985,1560.0,200000000000.0,206000000000.0,0.01074,0.006816,0.0,1.229,8.643,4.321,4e-26,0.22,0.0534,0.1891,0.0001,10000,5,512
301,4.4520545e-13,1997.8577,-1.334973,2.117278,-0.41121233,-0.6118127,-55.08154105684119,-66.45342093993692,1560.0,200000000000.0,206000000000.0,0.01074,0.006816,0.0,1.229,8.643,4.321,4e-26,0.22,0.0534,0.1891,0.0001,10000,5,512
302,4.549902e-13,1995.2037,-0.59287953,1.9615909,-0.36642292,-0.59647334,-61.17593240431046,-53.912516220522065,1560.0,200000000000.0,206000000000.0,0.01074,0.006816,0.0,1.229,8.643,4.321,4e-26,0.22,0.0534,0.1891,0.0001,10000,5,512
303,4.647749e-13,1992.5566,0.1976708,1.8392867,-0.26156384,-0.42493787,-58.45837505787783,-58.909993639703686,1560.0,200000000000.0,206000000000.0,0.01074,0.006816,0.0,1.229,8.643,4.321,4e-26,0.22,0.0534,0.1891,0.0001,10000,5,512
304,4.7455963e-13,1989.9166,0.7719264,1.7203318,-0.17105517,-0.14703138,-56.67051875930832,-51.66917598606827,1560.0,200000000000.0,206000000000.0,0.01074,0.006816,0.0,1.229,8.643,4.321,4e-26,0.22,0.0534,0.1891,0.0001,10000,5,512
305,4.8434434e-13,1987.2837,0.99952644,1.4761308,-0.15207641,0.08788064,-53.2335361920606,-50.59517541574445,1560.0,200000000000.0,206000000000.0,0.01074,0.006816,0.0,1.229,8.643,4.321,4e-26,0.22,0.0534,0.1891,0.0001,10000,5,512
306,4.9412904e-13,1984.6575,0.94488615,0.9827611,-0.18858318,0.17348444,-63.340046817689995,-47.81729187333164,1560.0,200000000000.0,206000000000.0,0.01074,0.006816,0.0,1.229,8.643,4.321,4e-26,0.22,0.0534,0.1891,0.0001,10000,5,512
307,5.039139e-13,1982.0382,0.78798395,0.2653063,-0.23942578,0.1012331,-52.02309401874308,-47.47081169860547,1560.0,200000000000.0,206000000000.0,0.01074,0.006816,0.0,1.229,8.643,4.321,4e-26,0.22,0.0534,0.1891,0.0001,10000,5,512
308,5.136986e-13,1979.4261,0.6644173,-0.49951088,-0.29232228,-0.058613967,-53.4599245826567,-46.298760832199974,1560.0,200000000000.0,206000000000.0,0.01074,0.006816,0.0,1.229,8.643,4.321,4e-26,0.22,0.0534,0.1891,0.0001,10000,5,512
309,5.2348333e-13,1976.8208,0.57176584,-1.075831,-0.32671848,-0.22194123,-50.816734887606884,-43.60976882196701,1560.0,200000000000.0,206000000000.0,0.01074,0.006816,0.0,1.229,8.643,4.321,4e-26,0.22,0.0534,0.1891,0.0001,10000,5,512
310,5.3326815e-13,1974.2222,0.39718994,-1.3123696,-0.32751608,-0.31398678,-65.40468474689175,-50.37125812057087,1560.0,200000000000.0,206000000000.0,0.01074,0.006816,0.0,1.229,8.643,4.321,4e-26,0.22,0.0534,0.1891,0.0001,10000,5,512
311,5.430528e-13,1971.6306,0.024385849,-1.188769,-0.3002785,-0.31772113,-53.239856907572985,-48.96228165798004,1560.0,200000000000.0,206000000000.0,0.01074,0.006816,0.0,1.229,8.643,4.321,4e-26,0.22,0.0534,0.1891,0.0001,10000,5,512
312,5.528375e-13,1969.0455,-0.58772963,-0.813522,-0.27701136,-0.27216294,-55.53077912631076,-54.71768447924444,1560.0,200000000000.0,206000000000.0,0.01074,0.006816,0.0,1.229,8.643,4.321,4e-26,0.22,0.0534,0.1891,0.0001,10000,5,512
313,5.626222e-13,1966.4674,-1.3262511,-0.35428476,-0.2891893,-0.24161859,-61.74724705408552,-48.62964112975199,1560.0,200000000000.0,206000000000.0,0.01074,0.006816,0.0,1.229,8.643,4.321,4e-26,0.22,0.0534,0.1891,0.0001,10000,5,512
314,5.724069e-13,1963.8962,-1.9827318,0.04225802,-0.35527804,-0.28457898,-58.397270548546345,-52.60227528262716,1560.0,200000000000.0,206000000000.0,0.01074,0.006816,0.0,1.229,8.643,4.321,4e-26,0.22,0.0534,0.1891,0.0001,10000,5,512
315,5.8219185e-13,1961.3314,-2.339207,0.32911137,-0.42759633,-0.3938337,-55.48367746076394,-51.00845674038098,1560.0,200000000000.0,206000000000.0,0.01074,0.006816,0.0,1.229,8.643,4.321,4e-26,0.22,0.0534,0.1891,0.0001,10000,5,512
316,5.919765e-13,1958.7736,-2.2904305,0.56906587,-0.42927256,-0.4925419,-63.911158341020325,-49.55205862838265,1560.0,200000000000.0,206000000000.0,0.01074,0.006816,0.0,1.229,8.643,4.321,4e-26,0.22,0.0534,0.1891,0.0001,10000,5,512
317,6.017612e-13,1956.2224,-1.9048966,0.86586064,-0.34352416,-0.49614105,-48.86567709181705,-51.82555878911741,1560.0,200000000000.0,206000000000.0,0.01074,0.006816,0.0,1.229,8.643,4.321,4e-26,0.22,0.0534,0.1891,0.0001,10000,5,512
318,6.11546e-13,1953.6776,-1.3952208,1.2400527,-0.21088888,-0.34717923,-57.70204553948297,-51.98282298466904,1560.0,200000000000.0,206000000000.0,0.01074,0.006816,0.0,1.229,8.643,4.321,4e-26,0.22,0.0534,0.1891,0.0001,10000,5,512
319,6.2133073e-13,1951.1394,-0.9603916,1.5853121,-0.12500314,-0.12537631,-59.67444345307305,-42.582560877007694,1560.0,200000000000.0,206000000000.0,0.01074,0.006816,0.0,1.229,8.643,4.321,4e-26,0.22,0.0534,0.1891,0.0001,10000,5,512
320,6.311154e-13,1948.6079,-0.68731886,1.7452137,-0.11465078,0.043630343,-59.869490483088384,-60.766676402074125,1560.0,200000000000.0,206000000000.0,0.01074,0.006816,0.0,1.229,8.643,4.321,4e-26,0.22,0.0534,0.1891,0.0001,10000,5,512
321,6.409001e-13,1946.0831,-0.5096882,1.6146892,-0.17572972,0.070834965,-63.511372498929376,-58.346152827672626,1560.0,200000000000.0,206000000000.0,0.01074,0.006816,0.0,1.229,8.643,4.321,4e-26,0.22,0.0534,0.1891,0.0001,10000,5,512
322,6.506849e-13,1943.5647,-0.29937187,1.2247993,-0.2668252,-0.03571269,-51.146414562140464,-56.992341297795264,1560.0,200000000000.0,206000000000.0,0.01074,0.006816,0.0,1.229,8.643,4.321,4e-26,0.22,0.0534,0.1891,0.0001,10000,5,512
323,6.604697e-13,1941.0529,-0.0052851024,0.72210985,-0.3506971,-0.1981811,-55.351941768193754,-49.944733464288205,1560.0,200000000000.0,206000000000.0,0.01074,0.006816,0.0,1.229,8.643,4.321,4e-26,0.22,0.0534,0.1891,0.0001,10000,5,512
324,6.702544e-13,1938.5475,0.29931664,0.27769187,-0.42766938,-0.32975242,-59.00034855241918,-46.405320754627425,1560.0,200000000000.0,206000000000.0,0.01074,0.006816,0.0,1.229,8.643,4.321,4e-26,0.22,0.0534,0.1891,0.0001,10000,5,512
325,6.800391e-13,1936.0485,0.48695737,0.0017844724,-0.46274525,-0.38069588,-55.59937589669873,-45.83103944506989,1560.0,200000000000.0,206000000000.0,0.01074,0.006816,0.0,1.229,8.643,4.321,4e-26,0.22,0.0534,0.1891,0.0001,10000,5,512
326,6.898239e-13,1933.5559,0.441948,-0.076109596,-0.47125244,-0.3384909,-62.85180135345202,-46.425871148445566,1560.0,200000000000.0,206000000000.0,0.01074,0.006816,0.0,1.229,8.643,4.321,4e-26,0.22,0.0534,0.1891,0.0001,10000,5,512
327,6.996086e-13,1931.0698,0.13612871,-0.007844049,-0.46911925,-0.26480553,-51.675898494290635,-47.29366114960747,1560.0,200000000000.0,206000000000.0,0.01074,0.006816,0.0,1.229,8.643,4.321,4e-26,0.22,0.0534,0.1891,0.0001,10000,5,512
328,7.093933e-13,1928.5901,-0.36197743,0.104172856,-0.48520195,-0.21031477,-55.78778612602156,-49.95464276058175,1560.0,200000000000.0,206000000000.0,0.01074,0.006816,0.0,1.229,8.643,4.321,4e-26,0.22,0.0534,0.1891,0.0001,10000,5,512
329,7.1917797e-13,1926.117,-0.89273137,0.15873013,-0.5349621,-0.23341532,-50.349555510624654,-58.67233061548603,1560.0,200000000000.0,206000000000.0,0.01074,0.006816,0.0,1.229,8.643,4.321,4e-26,0.22,0.0534,0.1891,0.0001,10000,5,512
330,7.289628e-13,1923.6499,-1.2562042,0.119130135,-0.57248133,-0.32242683,-52.05881986684855,-57.144751835890716,1560.0,200000000000.0,206000000000.0,0.01074,0.006816,0.0,1.229,8.643,4.321,4e-26,0.22,0.0534,0.1891,0.0001,10000,5,512
331,7.387476e-13,1921.1891,-1.3387551,0.06390947,-0.54290456,-0.4038736,-60.496947031571125,-57.16608439508556,1560.0,200000000000.0,206000000000.0,0.01074,0.006816,0.0,1.229,8.643,4.321,4e-26,0.22,0.0534,0.1891,0.0001,10000,5,512
332,7.485323e-13,1918.7346,-1.188486,0.11158266,-0.41281483,-0.39044642,-55.400613007375796,-51.14465802248222,1560.0,200000000000.0,206000000000.0,0.01074,0.006816,0.0,1.229,8.643,4.321,4e-26,0.22,0.0534,0.1891,0.0001,10000,5,512
333,7.5831697e-13,1916.2867,-0.98895067,0.30477813,-0.25256395,-0.25169393,-59.69454510250941,-47.79504133953283,1560.0,200000000000.0,206000000000.0,0.01074,0.006816,0.0,1.229,8.643,4.321,4e-26,0.22,0.0534,0.1891,0.0001,10000,5,512
334,7.681018e-13,1913.8447,-0.91326,0.56711686,-0.14326236,-0.054133493,-70.9974809995709,-54.50449233023484,1560.0,200000000000.0,206000000000.0,0.01074,0.006816,0.0,1.229,8.643,4.321,4e-26,0.22,0.0534,0.1891,0.0001,10000,5,512
335,7.778865e-13,1911.4088,-0.99944067,0.73644185,-0.1293342,0.07441513,-55.22322070724542,-46.40531670861097,1560.0,200000000000.0,206000000000.0,0.01074,0.006816,0.0,1.229,8.643,4.321,4e-26,0.22,0.0534,0.1891,0.0001,10000,5,512
336,7.876712e-13,1908.9796,-1.1317922,0.709952,-0.19617067,0.06041071,-57.46117508994752,-56.24674991464211,1560.0,200000000000.0,206000000000.0,0.01074,0.006816,0.0,1.229,8.643,4.321,4e-26,0.22,0.0534,0.1891,0.0001,10000,5,512
337,7.9745585e-13,1906.5562,-1.1523517,0.524785,-0.2909142,-0.07600923,-62.30565659491583,-46.67363050556537,1560.0,200000000000.0,206000000000.0,0.01074,0.006816,0.0,1.229,8.643,4.321,4e-26,0.22,0.0534,0.1891,0.0001,10000,5,512
338,8.0724067e-13,1904.1389,-0.99605805,0.31684136,-0.40047735,-0.24187154,-50.68645900833445,-55.49439168432228,1560.0,200000000000.0,206000000000.0,0.01074,0.006816,0.0,1.229,8.643,4.321,4e-26,0.22,0.0534,0.1891,0.0001,10000,5,512
339,8.170255e-13,1901.7279,-0.7417283,0.22131059,-0.48493356,-0.35956344,-58.95827715134905,-54.82748525582899,1560.0,200000000000.0,206000000000.0,0.01074,0.006816,0.0,1.229,8.643,4.321,4e-26,0.22,0.0534,0.1891,0.0001,10000,5,512
340,8.268102e-13,1899.323,-0.51885504,0.28680184,-0.5390292,-0.3803763,-52.64323145196886,-49.72053155748303,1560.0,200000000000.0,206000000000.0,0.01074,0.006816,0.0,1.229,8.643,4.321,4e-26,0.22,0.0534,0.1891,0.0001,10000,5,512
341,8.365949e-13,1896.924,-0.4313759,0.483678,-0.5667022,-0.31578934,-51.111833090345286,-49.677127792803105,1560.0,200000000000.0,206000000000.0,0.01074,0.006816,0.0,1.229,8.643,4.321,4e-26,0.22,0.0534,0.1891,0.0001,10000,5,512
342,8.4637966e-13,1894.5314,-0.5153516,0.73247176,-0.5777132,-0.23030256,-55.22356550793744,-46.93096874300329,1560.0,200000000000.0,206000000000.0,0.01074,0.006816,0.0,1.229,8.643,4.321,4e-26,0.22,0.0534,0.1891,0.0001,10000,5,512
343,8.5616437e-13,1892.1445,-0.71248114,0.9273137,-0.5999386,-0.19224066,-50.12865793978199,-48.044411662017325,1560.0,200000000000.0,206000000000.0,0.01074,0.006816,0.0,1.229,8.643,4.321,4e-26,0.22,0.0534,0.1891,0.0001,10000,5,512
344,8.659491e-13,1889.7635,-0.9212494,0.9673389,-0.6433076,-0.22181952,-49.92994461683537,-50.32024984175226,1560.0,200000000000.0,206000000000.0,0.01074,0.006816,0.0,1.229,8.643,4.321,4e-26,0.22,0.0534,0.1891,0.0001,10000,5,512
345,8.757338e-13,1887.3888,-0.9984104,0.83680016,-0.6637614,-0.30724186,-54.12282171563501,-45.91911364258519,1560.0,200000000000.0,206000000000.0,0.01074,0.006816,0.0,1.229,8.643,4.321,4e-26,0.22,0.0534,0.1891,0.0001,10000,5,512
346,8.8551855e-13,1885.02,-0.8681687,0.61247915,-0.6200582,-0.37702897,-60.05676919953211,-46.487108599849535,1560.0,200000000000.0,206000000000.0,0.01074,0.006816,0.0,1.229,8.643,4.321,4e-26,0.22,0.0534,0.1891,0.0001,10000,5,512
347,8.9530336e-13,1882.657,-0.601421,0.43405938,-0.48216468,-0.35633337,-57.80095478151706,-54.09151073770687,1560.0,200000000000.0,206000000000.0,0.01074,0.006816,0.0,1.229,8.643,4.321,4e-26,0.22,0.0534,0.1891,0.0001,10000,5,512
348,9.0508807e-13,1880.3002,-0.37992653,0.3780523,-0.3188355,-0.22138308,-57.19080210454172,-45.61600281877297,1560.0,200000000000.0,206000000000.0,0.01074,0.006816,0.0,1.229,8.643,4.321,4e-26,0.22,0.0534,0.1891,0.0001,10000,5,512
349,9.148728e-13,1877.949,-0.38050377,0.40274298,-0.21178122,-0.042228058,-63.154772738327395,-50.27998920543176,1560.0,200000000000.0,206000000000.0,0.01074,0.006816,0.0,1.229,8.643,4.321,4e-26,0.22,0.0534,0.1891,0.0001,10000,5,512
350,9.246575e-13,1875.6036,-0.6142809,0.3743398,-0.20894483,0.07075044,-59.18878692323561,-46.47880058888087,1560.0,200000000000.0,206000000000.0,0.01074,0.006816,0.0,1.229,8.643,4.321,4e-26,0.22,0.0534,0.1891,0.0001,10000,5,512
351,9.344422e-13,1873.2642,-0.93878335,0.2040693,-0.28290117,0.042247336,-56.72579680101535,-43.598525025296,1560.0,200000000000.0,206000000000.0,0.01074,0.006816,0.0,1.229,8.643,4.321,4e-26,0.22,0.0534,0.1891,0.0001,10000,5,512
352,9.442269e-13,1870.9308,-1.1527056,-0.058764707,-0.39052117,-0.091666855,-56.56587040650875,-43.124297387284244,1560.0,200000000000.0,206000000000.0,0.01074,0.006816,0.0,1.229,8.643,4.321,4e-26,0.22,0.0534,0.1891,0.0001,10000,5,512
353,9.540117e-13,1868.603,-1.1749762,-0.25555265,-0.49292648,-0.23880906,-63.720617789093524,-50.80735924120367,1560.0,200000000000.0,206000000000.0,0.01074,0.006816,0.0,1.229,8.643,4.321,4e-26,0.22,0.0534,0.1891,0.0001,10000,5,512
354,9.637964e-13,1866.2812,-1.0747224,-0.25572369,-0.57747704,-0.31930882,-56.06980139741549,-45.91659810669097,1560.0,200000000000.0,206000000000.0,0.01074,0.006816,0.0,1.229,8.643,4.321,4e-26,0.22,0.0534,0.1891,0.0001,10000,5,512
355,9.735812e-13,1863.9648,-0.9862365,-0.030593634,-0.6240002,-0.3088859,-56.52227493764116,-40.92837222664468,1560.0,200000000000.0,206000000000.0,0.01074,0.006816,0.0,1.229,8.643,4.321,4e-26,0.22,0.0534,0.1891,0.0001,10000,5,512
356,9.83366e-13,1861.6544,-0.99977416,0.34102878,-0.64395666,-0.23094381,-57.47997477916158,-50.57527386823905,1560.0,200000000000.0,206000000000.0,0.01074,0.006816,0.0,1.229,8.643,4.321,4e-26,0.22,0.0534,0.1891,0.0001,10000,5,512
357,9.931507e-13,1859.3496,-1.1211407,0.7368586,-0.65134025,-0.15378134,-56.43906948999984,-48.85581295365401,1560.0,200000000000.0,206000000000.0,0.01074,0.006816,0.0,1.229,8.643,4.321,4e-26,0.22,0.0534,0.1891,0.0001,10000,5,512
358,1.0029354e-12,1857.0507,-1.2814673,1.0388117,-0.66626954,-0.1300744,-47.61059218335791,-52.934267222689726,1560.0,200000000000.0,206000000000.0,0.01074,0.006816,0.0,1.229,8.643,4.321,4e-26,0.22,0.0534,0.1891,0.0001,10000,5,512
359,1.0127201e-12,1854.7572,-1.3815511,1.1663547,-0.69198227,-0.17973496,-54.142803710326874,-49.66207063834675,1560.0,200000000000.0,206000000000.0,0.01074,0.006816,0.0,1.229,8.643,4.321,4e-26,0.22,0.0534,0.1891,0.0001,10000,5,512
360,1.0225048e-12,1852.4695,-1.3217989,1.1046064,-0.7015495,-0.282741,-52.05168084317688,-42.75776265891193,1560.0,200000000000.0,206000000000.0,0.01074,0.006816,0.0,1.229,8.643,4.321,4e-26,0.22,0.0534,0.1891,0.0001,10000,5,512
361,1.0322896e-12,1850.1876,-1.069224,0.93138087,-0.6487336,-0.35965037,-56.47638546503158,-52.32944927231432,1560.0,200000000000.0,206000000000.0,0.01074,0.006816,0.0,1.229,8.643,4.321,4e-26,0.22,0.0534,0.1891,0.0001,10000,5,512
362,1.0420743e-12,1847.911,-0.7129008,0.7668985,-0.51642406,-0.3482461,-57.07461328486747,-59.249445204251515,1560.0,200000000000.0,206000000000.0,0.01074,0.006816,0.0,1.229,8.643,4.321,4e-26,0.22,0.0534,0.1891,0.0001,10000,5,512
363,1.0518591e-12,1845.6401,-0.4406497,0.6880925,-0.36575353,-0.22615424,-51.63699633878804,-49.1875015542704,1560.0,200000000000.0,206000000000.0,0.01074,0.006816,0.0,1.229,8.643,4.321,4e-26,0.22,0.0534,0.1891,0.0001,10000,5,512
364,1.0616438e-12,1843.375,-0.3982303,0.6557156,-0.2786342,-0.06115026,-49.54337466284005,-62.56388147545064,1560.0,200000000000.0,206000000000.0,0.01074,0.006816,0.0,1.229,8.643,4.321,4e-26,0.22,0.0534,0.1891,0.0001,10000,5,512
365,1.0714285e-12,1841.1151,-0.60399204,0.55400306,-0.2931974,0.03118388,-54.63042014028993,-51.513590656487196,1560.0,200000000000.0,206000000000.0,0.01074,0.006816,0.0,1.229,8.643,4.321,4e-26,0.22,0.0534,0.1891,0.0001,10000,5,512
366,1.0812132e-12,1838.861,-0.89737076,0.30857623,-0.38645905,-0.003006035,-46.48121165252003,-51.422969757654215,1560.0,200000000000.0,206000000000.0,0.01074,0.006816,0.0,1.229,8.643,4.321,4e-26,0.22,0.0534,0.1891,0.0001,10000,5,512
367,1.090998e-12,1836.6123,-1.0895698,-0.013730324,-0.50752634,-0.123296514,-49.081970380749325,-52.468773391152155,1560.0,200000000000.0,206000000000.0,0.01074,0.006816,0.0,1.229,8.643,4.321,4e-26,0.22,0.0534,0.1891,0.0001,10000,5,512
368,1.1007827e-12,1834.369,-1.1006745,-0.2525957,-0.6114129,-0.23870638,-53.79006204602945,-67.10996520833903,1560.0,200000000000.0,206000000000.0,0.01074,0.006816,0.0,1.229,8.643,4.321,4e-26,0.22,0.0534,0.1891,0.0001,10000,5,512
369,1.1105675e-12,1832.1313,-1.0131252,-0.27319187,-0.6901639,-0.27629915,-56.25887725977017,-51.64847130217308,1560.0,200000000000.0,206000000000.0,0.01074,0.006816,0.0,1.229,8.643,4.321,4e-26,0.22,0.0534,0.1891,0.0001,10000,5,512
370,1.1203522e-12,1829.899,-0.95597243,-0.06762479,-0.72680986,-0.22943245,-52.83549958636189,-49.28182228215479,1560.0,200000000000.0,206000000000.0,0.01074,0.006816,0.0,1.229,8.643,4.321,4e-26,0.22,0.0534,0.1891,0.0001,10000,5,512
371,1.130137e-12,1827.6724,-1.0174999,0.2769656,-0.7377604,-0.12852208,-59.76278801834633,-44.60102478165615,1560.0,200000000000.0,206000000000.0,0.01074,0.006816,0.0,1.229,8.643,4.321,4e-26,0.22,0.0534,0.1891,0.0001,10000,5,512
372,1.1399217e-12,1825.4508,-1.1796557,0.632957,-0.73085034,-0.05906779,-50.759606321989125,-44.99299738191526,1560.0,200000000000.0,206000000000.0,0.01074,0.006816,0.0,1.229,8.643,4.321,4e-26,0.22,0.0534,0.1891,0.0001,10000,5,512
373,1.1497064e-12,1823.235,-1.3678447,0.8896365,-0.7299923,-0.057442755,-49.880050483324055,-54.685326474701995,1560.0,200000000000.0,206000000000.0,0.01074,0.006816,0.0,1.229,8.643,4.321,4e-26,0.22,0.0534,0.1891,0.0001,10000,5,512
374,1.1594912e-12,1821.0242,-1.4787003,0.98280436,-0.7390784,-0.12980174,-50.17769797242818,-66.3827608495358,1560.0,200000000000.0,206000000000.0,0.01074,0.006816,0.0,1.229,8.643,4.321,4e-26,0.22,0.0534,0.1891,0.0001,10000,5,512
375,1.1692758e-12,1818.8188,-1.4320704,0.91988766,-0.7338301,-0.24544348,-52.6822277548026,-62.451123389647435,1560.0,200000000000.0,206000000000.0,0.01074,0.006816,0.0,1.229,8.643,4.321,4e-26,0.22,0.0534,0.1891,0.0001,10000,5,512
376,1.1790605e-12,1816.6188,-1.2161454,0.7780504,-0.67457783,-0.3346984,-48.21795011147539,-46.73872302191181,1560.0,200000000000.0,206000000000.0,0.01074,0.006816,0.0,1.229,8.643,4.321,4e-26,0.22,0.0534,0.1891,0.0001,10000,5,512
377,1.1888452e-12,1814.4243,-0.9302168,0.67101973,-0.5456868,-0.3256876,-54.430683473364354,-41.70213159069186,1560.0,200000000000.0,206000000000.0,0.01074,0.006816,0.0,1.229,8.643,4.321,4e-26,0.22,0.0534,0.1891,0.0001,10000,5,512
378,1.19863e-12,1812.235,-0.73636985,0.6492881,-0.40861347,-0.21877673,-46.54989808643482,-45.28052978916948,1560.0,200000000000.0,206000000000.0,0.01074,0.006816,0.0,1.229,8.643,4.321,4e-26,0.22,0.0534,0.1891,0.0001,10000,5,512
379,1.2084148e-12,1810.051,-0.7587401,0.670633,-0.33708823,-0.07312324,-43.99139592651153,-62.031385225875056,1560.0,200000000000.0,206000000000.0,0.01074,0.006816,0.0,1.229,8.643,4.321,4e-26,0.22,0.0534,0.1891,0.0001,10000,5,512
380,1.2181995e-12,1807.8721,-0.9816171,0.6182601,-0.37568635,0.0012090803,-47.954835827324345,-57.24535111641386,1560.0,200000000000.0,206000000000.0,0.01074,0.006816,0.0,1.229,8.643,4.321,4e-26,0.22,0.0534,0.1891,0.0001,10000,5,512
381,1.2279844e-12,1805.6985,-1.2416366,0.43165103,-0.4835616,-0.035867553,-52.165840562025934,-47.85624325819339,1560.0,200000000000.0,206000000000.0,0.01074,0.006816,0.0,1.229,8.643,4.321,4e-26,0.22,0.0534,0.1891,0.0001,10000,5,512
382,1.2377692e-12,1803.53,-1.3620958,0.17324543,-0.6125978,-0.14264792,-59.70968128193246,-51.72195842154521,1560.0,200000000000.0,206000000000.0,0.01074,0.006816,0.0,1.229,8.643,4.321,4e-26,0.22,0.0534,0.1891,0.0001,10000,5,512
383,1.2475539e-12,1801.3671,-1.2909281,-0.0096688755,-0.7166794,-0.22927478,-56.24200634620145,-55.15411017605126,1560.0,200000000000.0,206000000000.0,0.01074,0.006816,0.0,1.229,8.643,4.321,4e-26,0.22,0.0534,0.1891,0.0001,10000,5,512
384,1.2573385e-12,1799.209,-1.1195257,0.0012346456,-0.78498894,-0.23341459,-54.32034277648383,-53.80202364914426,1560.0,200000000000.0,206000000000.0,0.01074,0.006816,0.0,1.229,8.643,4.321,4e-26,0.22,0.0534,0.1891,0.0001,10000,5,512
385,1.2671232e-12,1797.0562,-0.9916328,0.2061012,-0.8096851,-0.15087205,-48.191292532305425,-47.62001845843507,1560.0,200000000000.0,206000000000.0,0.01074,0.006816,0.0,1.229,8.643,4.321,4e-26,0.22,0.0534,0.1891,0.0001,10000,5,512
386,1.276908e-12,1794.9086,-0.9914748,0.50454533,-0.81224895,-0.043890335,-43.730621157734646,-53.64617483432414,1560.0,200000000000.0,206000000000.0,0.01074,0.006816,0.0,1.229,8.643,4.321,4e-26,0.22,0.0534,0.1891,0.0001,10000,5,512
387,1.2866928e-12,1792.7661,-1.1044805,0.7759575,-0.8007281,0.021165779,-40.78251157085853,-49.283790246991444,1560.0,200000000000.0,206000000000.0,0.01074,0.006816,0.0,1.229,8.643,4.321,4e-26,0.22,0.0534,0.1891,0.0001,10000,5,512
388,1.2964775e-12,1790.6285,-1.2539002,0.9275127,-0.7919418,-0.0047795405,-42.785799251452744,-61.048264355497,1560.0,200000000000.0,206000000000.0,0.01074,0.006816,0.0,1.229,8.643,4.321,4e-26,0.22,0.0534,0.1891,0.0001,10000,5,512
389,1.3062622e-12,1788.4963,-1.3420305,0.9165799,-0.7910312,-0.0991817,-41.74430544082921,-42.99039865314714,1560.0,200000000000.0,206000000000.0,0.01074,0.006816,0.0,1.229,8.643,4.321,4e-26,0.22,0.0534,0.1891,0.0001,10000,5,512
390,1.3160469e-12,1786.369,-1.3011471,0.7760196,-0.77744645,-0.22284482,-41.98778603521549,-45.62130967021997,1560.0,200000000000.0,206000000000.0,0.01074,0.006816,0.0,1.229,8.643,4.321,4e-26,0.22,0.0534,0.1891,0.0001,10000,5,512
391,1.3258317e-12,1784.2467,-1.1410238,0.5977373,-0.7159224,-0.31126723,-45.55539776451761,-52.34946963805464,1560.0,200000000000.0,206000000000.0,0.01074,0.006816,0.0,1.229,8.643,4.321,4e-26,0.22,0.0534,0.1891,0.0001,10000,5,512
392,1.3356163e-12,1782.1298,-0.95322716,0.48191854,-0.5963198,-0.30599335,-45.51959450937818,-52.17687167583584,1560.0,200000000000.0,206000000000.0,0.01074,0.006816,0.0,1.229,8.643,4.321,4e-26,0.22,0.0534,0.1891,0.0001,10000,5,512
393,1.345401e-12,1780.0175,-0.8874758,0.48004967,-0.47227862,-0.19758847,-47.066145801788025,-46.269783684935646,1560.0,200000000000.0,206000000000.0,0.01074,0.006816,0.0,1.229,8.643,4.321,4e-26,0.22,0.0534,0.1891,0.0001,10000,5,512
394,1.3551858e-12,1777.9103,-1.026342,0.5293116,-0.41559398,-0.07125993,-42.217116722407255,-52.584546920876974,1560.0,200000000000.0,206000000000.0,0.01074,0.006816,0.0,1.229,8.643,4.321,4e-26,0.22,0.0534,0.1891,0.0001,10000,5,512
395,1.3649705e-12,1775.8081,-1.323562,0.52070105,-0.46205533,-0.0068494678,-41.9256831458313,-49.51473087226863,1560.0,200000000000.0,206000000000.0,0.01074,0.006816,0.0,1.229,8.643,4.321,4e-26,0.22,0.0534,0.1891,0.0001,10000,5,512
396,1.3747555e-12,1773.711,-1.6006278,0.38826007,-0.57816774,-0.04356474,-44.821958345778924,-51.05901864537444,1560.0,200000000000.0,206000000000.0,0.01074,0.006816,0.0,1.229,8.643,4.321,4e-26,0.22,0.0534,0.1891,0.0001,10000,5,512
397,1.3845402e-12,1771.6187,-1.697201,0.2083716,-0.7046943,-0.12961514,-49.032866566685556,-58.072045671707855,1560.0,200000000000.0,206000000000.0,0.01074,0.006816,0.0,1.229,8.643,4.321,4e-26,0.22,0.0534,0.1891,0.0001,10000,5,512
398,1.3943249e-12,1769.5314,-1.577292,0.10972906,-0.800452,-0.18809591,-47.98748665674508,-53.00078979109067,1560.0,200000000000.0,206000000000.0,0.01074,0.006816,0.0,1.229,8.643,4.321,4e-26,0.22,0.0534,0.1891,0.0001,10000,5,512
399,1.4041097e-12,1767.449,-1.3521134,0.19298157,-0.85510266,-0.16345158,-39.81884781478462,-50.050169494128255,1560.0,200000000000.0,206000000000.0,0.01074,0.006816,0.0,1.229,8.643,4.321,4e-26,0.22,0.0534,0.1891,0.0001,10000,5,512
400,1.4138944e-12,1765.3713,-1.1697854,0.43653238,-0.8669359,-0.06363576,-37.47560469718823,-52.62429102402888,1560.0,200000000000.0,206000000000.0,0.01074,0.006816,0.0,1.229,8.643,4.321,4e-26,0.22,0.0534,0.1891,0.0001,10000,5,512
401,1.423679e-12,1763.2988,-1.1176364,0.7317806,-0.8618206,0.04052938,-34.861825431782634,-41.85030728418664,1560.0,200000000000.0,206000000000.0,0.01074,0.006816,0.0,1.229,8.643,4.321,4e-26,0.22,0.0534,0.1891,0.0001,10000,5,512
402,1.4334638e-12,1761.2311,-1.1783607,0.95780784,-0.8528138,0.07978212,-34.21746929455567,-45.23994492459627,1560.0,200000000000.0,206000000000.0,0.01074,0.006816,0.0,1.229,8.643,4.321,4e-26,0.22,0.0534,0.1891,0.0001,10000,5,512
403,1.4432485e-12,1759.1681,-1.2684475,1.040581,-0.83578867,0.03159676,-34.37096307447351,-47.49389651735852,1560.0,200000000000.0,206000000000.0,0.01074,0.006816,0.0,1.229,8.643,4.321,4e-26,0.22,0.0534,0.1891,0.0001,10000,5,512
404,1.4530332e-12,1757.1101,-1.3075664,0.96135944,-0.8375116,-0.08205552,-34.796197077952385,-41.15992436762849,1560.0,200000000000.0,206000000000.0,0.01074,0.006816,0.0,1.229,8.643,4.321,4e-26,0.22,0.0534,0.1891,0.0001,10000,5,512
405,1.4628179e-12,1755.0566,-1.2438309,0.77375907,-0.8262907,-0.2165968,-35.63166426248776,-59.2078810170336,1560.0,200000000000.0,206000000000.0,0.01074,0.006816,0.0,1.229,8.643,4.321,4e-26,0.22,0.0534,0.1891,0.0001,10000,5,512
406,1.4726026e-12,1753.0082,-1.099877,0.56931883,-0.7678658,-0.30078557,-37.7229029354276,-46.52216721747354,1560.0,200000000000.0,206000000000.0,0.01074,0.006816,0.0,1.229,8.643,4.321,4e-26,0.22,0.0534,0.1891,0.0001,10000,5,512
407,1.4823875e-12,1750.9645,-0.9721735,0.4489472,-0.6549241,-0.28468955,-33.47116725308823,-54.4854341088371,1560.0,200000000000.0,206000000000.0,0.01074,0.006816,0.0,1.229,8.643,4.321,4e-26,0.22,0.0534,0.1891,0.0001,10000,5,512
408,1.4921722e-12,1748.9255,-0.98191565,0.4459206,-0.54687816,-0.18607149,-34.17718522033336,-44.00791339734535,1560.0,200000000000.0,206000000000.0,0.01074,0.006816,0.0,1.229,8.643,4.321,4e-26,0.22,0.0534,0.1891,0.0001,10000,5,512
409,1.5019569e-12,1746.8912,-1.1920146,0.49814734,-0.5094703,-0.05781569,-33.19721445938755,-38.67559962837939,1560.0,200000000000.0,206000000000.0,0.01074,0.006816,0.0,1.229,8.643,4.321,4e-26,0.22,0.0534,0.1891,0.0001,10000,5,512
410,1.5117416e-12,1744.8617,-1.5249321,0.48968375,-0.5694557,0.0010051664,-34.27225940068537,-29.89118329129242,1560.0,200000000000.0,206000000000.0,0.01074,0.006816,0.0,1.229,8.643,4.321,4e-26,0.22,0.0534,0.1891,0.0001,10000,5,512
411,1.5215263e-12,1742.837,-1.8029598,0.3789514,-0.6804819,-0.028769601,-32.16327438182185,-38.68224107194112,1560.0,200000000000.0,206000000000.0,0.01074,0.006816,0.0,1.229,8.643,4.321,4e-26,0.22,0.0534,0.1891,0.0001,10000,5,512
412,1.5313112e-12,1740.8169,-1.8747697,0.22835624,-0.79711354,-0.09907431,-32.26760895323019,-40.5265288791002,1560.0,200000000000.0,206000000000.0,0.01074,0.006816,0.0,1.229,8.643,4.321,4e-26,0.22,0.0534,0.1891,0.0001,10000,5,512
413,1.5410959e-12,1738.8014,-1.7263865,0.16791108,-0.87345487,-0.13666996,-32.13166573004877,-47.17737754251243,1560.0,200000000000.0,206000000000.0,0.01074,0.006816,0.0,1.229,8.643,4.321,4e-26,0.22,0.0534,0.1891,0.0001,10000,5,512
414,1.5508806e-12,1736.7908,-1.4802234,0.2819308,-0.90708005,-0.09055171,-35.71010839610997,-45.82397319091662,1560.0,200000000000.0,206000000000.0,0.01074,0.006816,0.0,1.229,8.643,4.321,4e-26,0.22,0.0534,0.1891,0.0001,10000,5,512
415,1.5606654e-12,1734.7847,-1.2910446,0.53637826,-0.90719527,0.02223704,-38.370406997878874,-46.45023780903239,1560.0,200000000000.0,206000000000.0,0.01074,0.006816,0.0,1.229,8.643,4.321,4e-26,0.22,0.0534,0.1891,0.0001,10000,5,512
416,1.5704502e-12,1732.7831,-1.2379488,0.8172316,-0.90035313,0.11964927,-41.11038923397126,-44.70546311445092,1560.0,200000000000.0,206000000000.0,0.01074,0.006816,0.0,1.229,8.643,4.321,4e-26,0.22,0.0534,0.1891,0.0001,10000,5,512
417,1.5802349e-12,1730.7864,-1.2925373,1.0048681,-0.8818133,0.13277186,-39.736175127820815,-57.597085559103206,1560.0,200000000000.0,206000000000.0,0.01074,0.006816,0.0,1.229,8.643,4.321,4e-26,0.22,0.0534,0.1891,0.0001,10000,5,512
418,1.5900196e-12,1728.7941,-1.3689735,1.0409349,-0.87708217,0.05196626,-33.66322761599812,-58.15105536209683,1560.0,200000000000.0,206000000000.0,0.01074,0.006816,0.0,1.229,8.643,4.321,4e-26,0.22,0.0534,0.1891,0.0001,10000,5,512
419,1.5998043e-12,1726.8063,-1.386564,0.9363589,-0.87894183,-0.07635002,-30.307289584176175,-50.480369676027436,1560.0,200000000000.0,206000000000.0,0.01074,0.006816,0.0,1.229,8.643,4.321,4e-26,0.22,0.0534,0.1891,0.0001,10000,5,512
420,1.609589e-12,1724.823,-1.3147608,0.74678254,-0.87485325,-0.21164745,-27.701668588217593,-52.93850388644802,1560.0,200000000000.0,206000000000.0,0.01074,0.006816,0.0,1.229,8.643,4.321,4e-26,0.22,0.0534,0.1891,0.0001,10000,5,512
421,1.6193737e-12,1722.8447,-1.1930969,0.5727406,-0.823113,-0.29015058,-26.833110781739926,-47.68998754998336,1560.0,200000000000.0,206000000000.0,0.01074,0.006816,0.0,1.229,8.643,4.321,4e-26,0.22,0.0534,0.1891,0.0001,10000,5,512
422,1.6291584e-12,1720.8705,-1.109255,0.48951095,-0.7303623,-0.265899,-26.040592098989535,-52.64196972731884,1560.0,200000000000.0,206000000000.0,0.01074,0.006816,0.0,1.229,8.643,4.321,4e-26,0.22,0.0534,0.1891,0.0001,10000,5,512
423,1.6389432e-12,1718.9011,-1.1691477,0.51580423,-0.6328543,-0.1605837,-27.163055706693164,-53.221185484113235,1560.0,200000000000.0,206000000000.0,0.01074,0.006816,0.0,1.229,8.643,4.321,4e-26,0.22,0.0534,0.1891,0.0001,10000,5,512
424,1.6487279e-12,1716.936,-1.3993227,0.58257514,-0.6021841,-0.03993283,-29.32529666568155,-40.97050290086507,1560.0,200000000000.0,206000000000.0,0.01074,0.006816,0.0,1.229,8.643,4.321,4e-26,0.22,0.0534,0.1891,0.0001,10000,5,512
425,1.6585126e-12,1714.9755,-1.7186059,0.58462125,-0.66670156,0.014367889,-35.15937278673876,-47.55312228477267,1560.0,200000000000.0,206000000000.0,0.01074,0.006816,0.0,1.229,8.643,4.321,4e-26,0.22,0.0534,0.1891,0.0001,10000,5,512
426,1.6682973e-12,1713.0194,-1.950311,0.4807624,-0.7720054,-0.010177121,-42.84794837441862,-48.29563141273968,1560.0,200000000000.0,206000000000.0,0.01074,0.006816,0.0,1.229,8.643,4.321,4e-26,0.22,0.0534,0.1891,0.0001,10000,5,512
427,1.6780823e-12,1711.0679,-1.9701633,0.33825007,-0.8739822,-0.061590057,-30.307849497694335,-44.50602694297747,1560.0,200000000000.0,206000000000.0,0.01074,0.006816,0.0,1.229,8.643,4.321,4e-26,0.22,0.0534,0.1891,0.0001,10000,5,512
428,1.687867e-12,1709.1206,-1.7765169,0.28036237,-0.9373505,-0.07283443,-24.597963078138832,-55.15112946096862,1560.0,200000000000.0,206000000000.0,0.01074,0.006816,0.0,1.229,8.643,4.321,4e-26,0.22,0.0534,0.1891,0.0001,10000,5,512
429,1.6976517e-12,1707.1779,-1.5048562,0.3871498,-0.9507415,-0.0033815994,-21.632375167080255,-49.413482242824756,1560.0,200000000000.0,206000000000.0,0.01074,0.006816,0.0,1.229,8.643,4.321,4e-26,0.22,0.0534,0.1891,0.0001,10000,5,512
430,1.7074364e-12,1705.2397,-1.316921,0.618653,-0.9419103,0.110488385,-20.207023923865144,-44.62556588070183,1560.0,200000000000.0,206000000000.0,0.01074,0.006816,0.0,1.229,8.643,4.321,4e-26,0.22,0.0534,0.1891,0.0001,10000,5,512
431,1.7172212e-12,1703.3057,-1.2776299,0.85246754,-0.92000306,0.18886784,-19.48176859603781,-49.54840134938851,1560.0,200000000000.0,206000000000.0,0.01074,0.006816,0.0,1.229,8.643,4.321,4e-26,0.22,0.0534,0.1891,0.0001,10000,5,512
432,1.7270059e-12,1701.3761,-1.3500227,0.98433465,-0.9175518,0.1754648,-20.132660473959163,-42.21191976373996,1560.0,200000000000.0,206000000000.0,0.01074,0.006816,0.0,1.229,8.643,4.321,4e-26,0.22,0.0534,0.1891,0.0001,10000,5,512
433,1.7367906e-12,1699.451,-1.4386865,0.9704059,-0.9109534,0.07284313,-21.945988462574675,-42.13417893176651,1560.0,200000000000.0,206000000000.0,0.01074,0.006816,0.0,1.229,8.643,4.321,4e-26,0.22,0.0534,0.1891,0.0001,10000,5,512
434,1.7465753e-12,1697.5302,-1.4646327,0.84149253,-0.9257678,-0.07620386,-27.28096428818317,-51.72943664854054,1560.0,200000000000.0,206000000000.0,0.01074,0.006816,0.0,1.229,8.643,4.321,4e-26,0.22,0.0534,0.1891,0.0001,10000,5,512
435,1.75636e-12,1695.6136,-1.412047,0.6702124,-0.9245419,-0.20669566,-26.78437619798703,-56.16816373041998,1560.0,200000000000.0,206000000000.0,0.01074,0.006816,0.0,1.229,8.643,4.321,4e-26,0.22,0.0534,0.1891,0.0001,10000,5,512
436,1.7661447e-12,1693.7017,-1.3278892,0.5440488,-0.8858788,-0.2691033,-18.96264013125873,-43.48151993461089,1560.0,200000000000.0,206000000000.0,0.01074,0.006816,0.0,1.229,8.643,4.321,4e-26,0.22,0.0534,0.1891,0.0001,10000,5,512
437,1.7759294e-12,1691.7936,-1.2995814,0.51739043,-0.80094224,-0.23333012,-14.771341899082067,-37.73879458432084,1560.0,200000000000.0,206000000000.0,0.01074,0.006816,0.0,1.229,8.643,4.321,4e-26,0.22,0.0534,0.1891,0.0001,10000,5,512
438,1.7857142e-12,1689.89,-1.4035372,0.58689165,-0.72251403,-0.11970252,-12.518915927371893,-33.89363550551248,1560.0,200000000000.0,206000000000.0,0.01074,0.006816,0.0,1.229,8.643,4.321,4e-26,0.22,0.0534,0.1891,0.0001,10000,5,512
439,1.795499e-12,1687.9908,-1.6501849,0.6813155,-0.69940734,-0.011280404,-11.451330578037194,-29.5910053710244,1560.0,200000000000.0,206000000000.0,0.01074,0.006816,0.0,1.229,8.643,4.321,4e-26,0.22,0.0534,0.1891,0.0001,10000,5,512
440,1.8052837e-12,1686.0957,-1.9371827,0.69940305,-0.7512425,0.04405488,-11.751945454792548,-28.568160589883064,1560.0,200000000000.0,206000000000.0,0.01074,0.006816,0.0,1.229,8.643,4.321,4e-26,0.22,0.0534,0.1891,0.0001,10000,5,512
441,1.8150684e-12,1684.2051,-2.114472,0.6069293,-0.8469532,0.026237953,-12.523232137062465,-26.152130442976613,1560.0,200000000000.0,206000000000.0,0.01074,0.006816,0.0,1.229,8.643,4.321,4e-26,0.22,0.0534,0.1891,0.0001,10000,5,512
442,1.824853e-12,1682.3185,-2.0682786,0.47282135,-0.9394982,-0.013033035,-14.758748448250586,-22.84568015644333,1560.0,200000000000.0,206000000000.0,0.01074,0.006816,0.0,1.229,8.643,4.321,4e-26,0.22,0.0534,0.1891,0.0001,10000,5,512
443,1.8346381e-12,1680.4362,-1.8271184,0.41922235,-0.9809533,-0.009119781,-1.552377055291565,5.463945855641711,1560.0,200000000000.0,206000000000.0,0.01074,0.006816,0.0,1.229,8.643,4.321,4e-26,0.22,0.0534,0.1891,0.0001,10000,5,512
444,1.8444228e-12,1678.5581,-1.5327468,0.51600915,-0.980386,0.0682816,-20.701156014912215,-26.058527640247114,1560.0,200000000000.0,206000000000.0,0.01074,0.006816,0.0,1.229,8.643,4.321,4e-26,0.22,0.0534,0.1891,0.0001,10000,5,512
445,1.8542075e-12,1676.6842,-1.3425162,0.71317273,-0.95770323,0.18079877,-19.30110695542602,-29.62354429019613,1560.0,200000000000.0,206000000000.0,0.01074,0.006816,0.0,1.229,8.643,4.321,4e-26,0.22,0.0534,0.1891,0.0001,10000,5,512
446,1.8639923e-12,1674.8145,-1.3210257,0.89899266,-0.9507489,0.24335097,-17.123786906353466,-31.886564012822888,1560.0,200000000000.0,206000000000.0,0.01074,0.006816,0.0,1.229,8.643,4.321,4e-26,0.22,0.0534,0.1891,0.0001,10000,5,512
447,1.873777e-12,1672.9487,-1.4104743,0.9735669,-0.94817936,0.1997036,-15.210989296935907,-31.979364791310758,1560.0,200000000000.0,206000000000.0,0.01074,0.006816,0.0,1.229,8.643,4.321,4e-26,0.22,0.0534,0.1891,0.0001,10000,5,512
448,1.8835617e-12,1671.0875,-1.5064596,0.91530687,-0.955117,0.07839745,-13.705658060775647,-34.61859572243331,1560.0,200000000000.0,206000000000.0,0.01074,0.006816,0.0,1.229,8.643,4.321,4e-26,0.22,0.0534,0.1891,0.0001,10000,5,512
449,1.8933464e-12,1669.2302,-1.5344499,0.7722057,-0.97723794,-0.075628854,-12.71396185341419,-34.261853563049016,1560.0,200000000000.0,206000000000.0,0.01074,0.006816,0.0,1.229,8.643,4.321,4e-26,0.22,0.0534,0.1891,0.0001,10000,5,512
450,1.903131e-12,1667.377,-1.497795,0.6226148,-0.9839561,-0.19338615,-12.908675302341386,-34.54621276778683,1560.0,200000000000.0,206000000000.0,0.01074,0.006816,0.0,1.229,8.643,4.321,4e-26,0.22,0.0534,0.1891,0.0001,10000,5,512
451,1.9129158e-12,1665.5278,-1.4469371,0.5421999,-0.9553082,-0.23864457,-14.49065278862382,-40.85746939212319,1560.0,200000000000.0,206000000000.0,0.01074,0.006816,0.0,1.229,8.643,4.321,4e-26,0.22,0.0534,0.1891,0.0001,10000,5,512
452,1.9227005e-12,1663.6831,-1.4691056,0.5656337,-0.8827283,-0.19133139,-17.771963133542236,-46.560949271083985,1560.0,200000000000.0,206000000000.0,0.01074,0.006816,0.0,1.229,8.643,4.321,4e-26,0.22,0.0534,0.1891,0.0001,10000,5,512
453,1.9324852e-12,1661.8422,-1.6083442,0.670879,-0.80356634,-0.078698486,-22.892253303970385,-38.41134298957584,1560.0,200000000000.0,206000000000.0,0.01074,0.006816,0.0,1.229,8.643,4.321,4e-26,0.22,0.0534,0.1891,0.0001,10000,5,512
454,1.94227e-12,1660.0052,-1.8612839,0.7767331,-0.7825303,0.03065862,-28.749279022769116,-47.03582257595147,1560.0,200000000000.0,206000000000.0,0.01074,0.006816,0.0,1.229,8.643,4.321,4e-26,0.22,0.0534,0.1891,0.0001,10000,5,512
455,1.9520546e-12,1658.1726,-2.1182594,0.7942977,-0.8313297,0.07695442,-24.50105293219746,-51.89218395369933,1560.0,200000000000.0,206000000000.0,0.01074,0.006816,0.0,1.229,8.643,4.321,4e-26,0.22,0.0534,0.1891,0.0001,10000,5,512
456,1.9618393e-12,1656.3439,-2.240305,0.7038631,-0.9152683,0.06226882,-19.743176895764933,-46.71984077896735,1560.0,200000000000.0,206000000000.0,0.01074,0.006816,0.0,1.229,8.643,4.321,4e-26,0.22,0.0534,0.1891,0.0001,10000,5,512
457,1.971624e-12,1654.5192,-2.1444318,0.57040054,-0.984748,0.034527775,-16.068973928286766,-48.13962378563562,1560.0,200000000000.0,206000000000.0,0.01074,0.006816,0.0,1.229,8.643,4.321,4e-26,0.22,0.0534,0.1891,0.0001,10000,5,512
458,1.9814092e-12,1652.6986,-1.873677,0.52028704,-1.0101383,0.05374666,-13.088456697646684,-43.28532831876271,1560.0,200000000000.0,206000000000.0,0.01074,0.006816,0.0,1.229,8.643,4.321,4e-26,0.22,0.0534,0.1891,0.0001,10000,5,512
459,1.9911939e-12,1650.882,-1.575932,0.6052325,-0.9985981,0.13570249,-11.131585196691198,-39.109991816814585,1560.0,200000000000.0,206000000000.0,0.01074,0.006816,0.0,1.229,8.643,4.321,4e-26,0.22,0.0534,0.1891,0.0001,10000,5,512
460,2.0009786e-12,1649.0692,-1.4050562,0.7796459,-0.978153,0.24001956,-10.06272062540237,-33.34566362276451,1560.0,200000000000.0,206000000000.0,0.01074,0.006816,0.0,1.229,8.643,4.321,4e-26,0.22,0.0534,0.1891,0.0001,10000,5,512
461,2.0107633e-12,1647.2606,-1.4097781,0.92819256,-0.9754026,0.2844645,-9.997043126421524,-36.050733225160315,1560.0,200000000000.0,206000000000.0,0.01074,0.006816,0.0,1.229,8.643,4.321,4e-26,0.22,0.0534,0.1891,0.0001,10000,5,512
462,2.020548e-12,1645.4559,-1.5132841,0.9633072,-0.98547876,0.22144878,-10.956502594584563,-37.42139779861286,1560.0,200000000000.0,206000000000.0,0.01074,0.006816,0.0,1.229,8.643,4.321,4e-26,0.22,0.0534,0.1891,0.0001,10000,5,512
463,2.0303327e-12,1643.655,-1.612648,0.8788602,-1.0080227,0.08504417,-12.455315185673996,-41.57347320808091,1560.0,200000000000.0,206000000000.0,0.01074,0.006816,0.0,1.229,8.643,4.321,4e-26,0.22,0.0534,0.1891,0.0001,10000,5,512
464,2.0401174e-12,1641.8584,-1.6386606,0.74054927,-1.0335575,-0.070288345,-13.470829964667075,-39.263479384677396,1560.0,200000000000.0,206000000000.0,0.01074,0.006816,0.0,1.229,8.643,4.321,4e-26,0.22,0.0534,0.1891,0.0001,10000,5,512
465,2.0499021e-12,1640.0654,-1.6045241,0.62605566,-1.0514753,-0.17343232,-12.614997806785553,-44.247921354521566,1560.0,200000000000.0,206000000000.0,0.01074,0.006816,0.0,1.229,8.643,4.321,4e-26,0.22,0.0534,0.1891,0.0001,10000,5,512
466,2.0596868e-12,1638.2764,-1.5772954,0.59703636,-1.0293869,-0.20492487,-10.61103330395106,-37.37722264444646,1560.0,200000000000.0,206000000000.0,0.01074,0.006816,0.0,1.229,8.643,4.321,4e-26,0.22,0.0534,0.1891,0.0001,10000,5,512
467,2.0694715e-12,1636.4913,-1.6266958,0.66618544,-0.9553083,-0.13965623,-8.878941989281223,-34.427511056257885,1560.0,200000000000.0,206000000000.0,0.01074,0.006816,0.0,1.229,8.643,4.321,4e-26,0.22,0.0534,0.1891,0.0001,10000,5,512
468,2.0792563e-12,1634.7101,-1.786502,0.78772545,-0.8866334,-0.023536315,-7.595892632129264,-32.93556899945297,1560.0,200000000000.0,206000000000.0,0.01074,0.006816,0.0,1.229,8.643,4.321,4e-26,0.22,0.0534,0.1891,0.0001,10000,5,512
469,2.089041e-12,1632.9327,-2.0247555,0.890133,-0.8637099,0.07587567,-6.802197109880474,-30.890267066371848,1560.0,200000000000.0,206000000000.0,0.01074,0.006816,0.0,1.229,8.643,4.321,4e-26,0.22,0.0534,0.1891,0.0001,10000,5,512
470,2.0988257e-12,1631.1593,-2.2428277,0.89134455,-0.897325,0.12082215,-6.031210738260441,-29.181671370404956,1560.0,200000000000.0,206000000000.0,0.01074,0.006816,0.0,1.229,8.643,4.321,4e-26,0.22,0.0534,0.1891,0.0001,10000,5,512
471,2.1086104e-12,1629.3896,-2.316006,0.78801143,-0.9667754,0.10277569,-4.366732851724571,-26.20120289500492,1560.0,200000000000.0,206000000000.0,0.01074,0.006816,0.0,1.229,8.643,4.321,4e-26,0.22,0.0534,0.1891,0.0001,10000,5,512
472,2.118395e-12,1627.6238,-2.1790462,0.6503017,-1.0253013,0.086437896,-1.3443610741976784,-21.977447553097385,1560.0,200000000000.0,206000000000.0,0.01074,0.006816,0.0,1.229,8.643,4.321,4e-26,0.22,0.0534,0.1891,0.0001,10000,5,512
473,2.1281798e-12,1625.8619,-1.8948402,0.59346116,-1.0332084,0.11173406,2.4350589533896354,-16.333502570398757,1560.0,200000000000.0,206000000000.0,0.01074,0.006816,0.0,1.229,8.643,4.321,4e-26,0.22,0.0534,0.1891,0.0001,10000,5,512
474,2.137965e-12,1624.1036,-1.613705,0.6613997,-1.0137757,0.20196493,6.7668997671838085,-9.542122463840947,1560.0,200000000000.0,206000000000.0,0.01074,0.006816,0.0,1.229,8.643,4.321,4e-26,0.22,0.0534,0.1891,0.0001,10000,5,512
475,2.1477496e-12,1622.3492,-1.4771161,0.81254685,-0.99977565,0.29309452,11.424356360727636,-1.313902262661255,1560.0,200000000000.0,206000000000.0,0.01074,0.006816,0.0,1.229,8.643,4.321,4e-26,0.22,0.0534,0.1891,0.0001,10000,5,512
476,2.1575344e-12,1620.5988,-1.516899,0.9295173,-1.0041413,0.31600234,12.208167840849985,5.625040887265627,1560.0,200000000000.0,206000000000.0,0.01074,0.006816,0.0,1.229,8.643,4.321,4e-26,0.22,0.0534,0.1891,0.0001,10000,5,512
477,2.167319e-12,1618.8519,-1.6441042,0.93642086,-1.0284383,0.23581553,-24.028439234740787,-4.654268361604508,1560.0,200000000000.0,206000000000.0,0.01074,0.006816,0.0,1.229,8.643,4.321,4e-26,0.22,0.0534,0.1891,0.0001,10000,5,512
478,2.1771038e-12,1617.1089,-1.7486515,0.842882,-1.0634712,0.08579692,1.7771842009890122,-5.5991101427195815,1560.0,200000000000.0,206000000000.0,0.01074,0.006816,0.0,1.229,8.643,4.321,4e-26,0.22,0.0534,0.1891,0.0001,10000,5,512
479,2.1868885e-12,1615.3696,-1.7674265,0.72467977,-1.1008373,-0.058292724,1.7783066232941813,-11.436045333858267,1560.0,200000000000.0,206000000000.0,0.01074,0.006816,0.0,1.229,8.643,4.321,4e-26,0.22,0.0534,0.1891,0.0001,10000,5,512
480,2.1966732e-12,1613.634,-1.7345759,0.65847945,-1.1235421,-0.14254569,3.7594404010687157,-12.845131575138396,1560.0,200000000000.0,206000000000.0,0.01074,0.006816,0.0,1.229,8.643,4.321,4e-26,0.22,0.0534,0.1891,0.0001,10000,5,512
481,2.2064579e-12,1611.9022,-1.7189031,0.6846956,-1.0957354,-0.14667109,5.58337697749948,-13.229630799964525,1560.0,200000000000.0,206000000000.0,0.01074,0.006816,0.0,1.229,8.643,4.321,4e-26,0.22,0.0534,0.1891,0.0001,10000,5,512
482,2.2162426e-12,1610.1741,-1.7863414,0.7905293,-1.0313072,-0.07282637,7.83138454699856,-12.841402481339735,1560.0,200000000000.0,206000000000.0,0.01074,0.006816,0.0,1.229,8.643,4.321,4e-26,0.22,0.0534,0.1891,0.0001,10000,5,512
483,2.2260273e-12,1608.4497,-1.9506148,0.922231,-0.9571326,0.037861925,10.482784808219918,-11.838520335806152,1560.0,200000000000.0,206000000000.0,0.01074,0.006816,0.0,1.229,8.643,4.321,4e-26,0.22,0.0534,0.1891,0.0001,10000,5,512
484,2.235812e-12,1606.7289,-2.1668959,1.0093751,-0.9297884,0.1267313,13.05691373201785,-10.224581633861632,1560.0,200000000000.0,206000000000.0,0.01074,0.006816,0.0,1.229,8.643,4.321,4e-26,0.22,0.0534,0.1891,0.0001,10000,5,512
485,2.2455967e-12,1605.012,-2.338309,0.9933728,-0.9556307,0.15846634,14.998531690610182,-9.324441880330987,1560.0,200000000000.0,206000000000.0,0.01074,0.006816,0.0,1.229,8.643,4.321,4e-26,0.22,0.0534,0.1891,0.0001,10000,5,512
486,2.2553814e-12,1603.2986,-2.3637285,0.87026566,-1.0088565,0.14579454,15.917667442793096,-9.123046079810933,1560.0,200000000000.0,206000000000.0,0.01074,0.006816,0.0,1.229,8.643,4.321,4e-26,0.22,0.0534,0.1891,0.0001,10000,5,512
487,2.2651661e-12,1601.5887,-2.1934798,0.7204946,-1.0527892,0.13035214,15.836876216798114,-9.9691350467983,1560.0,200000000000.0,206000000000.0,0.01074,0.006816,0.0,1.229,8.643,4.321,4e-26,0.22,0.0534,0.1891,0.0001,10000,5,512
488,2.2749508e-12,1599.8827,-1.908809,0.65425384,-1.0544163,0.16500776,15.359320205938314,-10.9389160744025,1560.0,200000000000.0,206000000000.0,0.01074,0.006816,0.0,1.229,8.643,4.321,4e-26,0.22,0.0534,0.1891,0.0001,10000,5,512
489,2.2847358e-12,1598.1803,-1.6564649,0.7111639,-1.0267652,0.24822183,15.271603743378321,-11.448441858182228,1560.0,200000000000.0,206000000000.0,0.01074,0.006816,0.0,1.229,8.643,4.321,4e-26,0.22,0.0534,0.1891,0.0001,10000,5,512
490,2.2945207e-12,1596.4814,-1.5635637,0.8364994,-1.0183421,0.3348074,15.577296602028651,-11.601951867337974,1560.0,200000000000.0,206000000000.0,0.01074,0.006816,0.0,1.229,8.643,4.321,4e-26,0.22,0.0534,0.1891,0.0001,10000,5,512
491,2.3043054e-12,1594.7861,-1.6397086,0.92759705,-1.0350227,0.3422063,15.884454036913295,-11.44752891582953,1560.0,200000000000.0,206000000000.0,0.01074,0.006816,0.0,1.229,8.643,4.321,4e-26,0.22,0.0534,0.1891,0.0001,10000,5,512
492,2.3140901e-12,1593.0947,-1.7872242,0.9136048,-1.0710813,0.2503781,15.930664481696468,-11.808244423199724,1560.0,200000000000.0,206000000000.0,0.01074,0.006816,0.0,1.229,8.643,4.321,4e-26,0.22,0.0534,0.1891,0.0001,10000,5,512
493,2.3238748e-12,1591.4065,-1.8841757,0.8224723,-1.1192647,0.09917213,15.583872231122163,-11.925637087729442,1560.0,200000000000.0,206000000000.0,0.01074,0.006816,0.0,1.229,8.643,4.321,4e-26,0.22,0.0534,0.1891,0.0001,10000,5,512
494,2.3336595e-12,1589.722,-1.8948555,0.732848,-1.1618706,-0.035882007,14.806239870051074,-12.75742227750591,1560.0,200000000000.0,206000000000.0,0.01074,0.006816,0.0,1.229,8.643,4.321,4e-26,0.22,0.0534,0.1891,0.0001,10000,5,512
495,2.3434442e-12,1588.0411,-1.8584225,0.71475357,-1.1839643,-0.106596045,13.703526753143866,-13.82293046090848,1560.0,200000000000.0,206000000000.0,0.01074,0.006816,0.0,1.229,8.643,4.321,4e-26,0.22,0.0534,0.1891,0.0001,10000,5,512
496,2.353229e-12,1586.3639,-1.8523557,0.78930384,-1.1565592,-0.083517075,12.829138825562815,-14.48924358915211,1560.0,200000000000.0,206000000000.0,0.01074,0.006816,0.0,1.229,8.643,4.321,4e-26,0.22,0.0534,0.1891,0.0001,10000,5,512
497,2.3630136e-12,1584.69,-1.9320015,0.9193937,-1.0984937,-0.005419044,13.296252324981563,-14.169865630849586,1560.0,200000000000.0,206000000000.0,0.01074,0.006816,0.0,1.229,8.643,4.321,4e-26,0.22,0.0534,0.1891,0.0001,10000,5,512
498,2.3727984e-12,1583.0198,-2.0941944,1.0495642,-1.024036,0.10026701,15.286145405548691,-11.602407014410836,1560.0,200000000000.0,206000000000.0,0.01074,0.006816,0.0,1.229,8.643,4.321,4e-26,0.22,0.0534,0.1891,0.0001,10000,5,512
499,2.382583e-12,1581.3529,-2.2873905,1.1164031,-0.98507786,0.17472984,17.737795516325754,-8.928635549121978,1560.0,200000000000.0,206000000000.0,0.01074,0.006816,0.0,1.229,8.643,4.321,4e-26,0.22,0.0534,0.1891,0.0001,10000,5,512
500,2.3923678e-12,1579.6897,-2.417364,1.0731856,-0.9995403,0.19569373,19.97882427882665,-6.271067295224768,1560.0,200000000000.0,206000000000.0,0.01074,0.006816,0.0,1.229,8.643,4.321,4e-26,0.22,0.0534,0.1891,0.0001,10000,5,512
501,2.4021525e-12,1578.0298,-2.3990712,0.9324331,-1.0433658,0.17943715,21.84302197447939,-3.7468400250645857,1560.0,200000000000.0,206000000000.0,0.01074,0.006816,0.0,1.229,8.643,4.321,4e-26,0.22,0.0534,0.1891,0.0001,10000,5,512
502,2.4119372e-12,1576.3737,-2.2109036,0.7779311,-1.0743806,0.16902636,23.321093498732655,-1.6501395861060004,1560.0,200000000000.0,206000000000.0,0.01074,0.006816,0.0,1.229,8.643,4.321,4e-26,0.22,0.0534,0.1891,0.0001,10000,5,512
503,2.421722e-12,1574.7207,-1.9373631,0.7078398,-1.066952,0.21052419,24.453554073921367,0.2923736888673112,1560.0,200000000000.0,206000000000.0,0.01074,0.006816,0.0,1.229,8.643,4.321,4e-26,0.22,0.0534,0.1891,0.0001,10000,5,512
504,2.4315066e-12,1573.0714,-1.72525,0.7537483,-1.0488653,0.29628417,25.289315953291784,2.1271574743428516,1560.0,200000000000.0,206000000000.0,0.01074,0.006816,0.0,1.229,8.643,4.321,4e-26,0.22,0.0534,0.1891,0.0001,10000,5,512
505,2.4412917e-12,1571.4255,-1.6779276,0.863525,-1.0459259,0.37161893,25.854334535820897,3.8292178184855743,1560.0,200000000000.0,206000000000.0,0.01074,0.006816,0.0,1.229,8.643,4.321,4e-26,0.22,0.0534,0.1891,0.0001,10000,5,512
506,2.4510765e-12,1569.7831,-1.78502,0.9335962,-1.0835541,0.36182636,26.143200221488943,5.575687378233688,1560.0,200000000000.0,206000000000.0,0.01074,0.006816,0.0,1.229,8.643,4.321,4e-26,0.22,0.0534,0.1891,0.0001,10000,5,512
507,2.4608612e-12,1568.1439,-1.9347042,0.9093298,-1.1277411,0.25970584,26.122377577562204,7.380748824972677,1560.0,200000000000.0,206000000000.0,0.01074,0.006816,0.0,1.229,8.643,4.321,4e-26,0.22,0.0534,0.1891,0.0001,10000,5,512
508,2.4706459e-12,1566.5084,-2.0242436,0.8288766,-1.181906,0.110028274,25.706412639775692,9.40237038040437,1560.0,200000000000.0,206000000000.0,0.01074,0.006816,0.0,1.229,8.643,4.321,4e-26,0.22,0.0534,0.1891,0.0001,10000,5,512
509,2.4804306e-12,1564.8762,-2.0144587,0.7720575,-1.2280437,-0.010995497,24.656357358454134,11.836724857165034,1560.0,200000000000.0,206000000000.0,0.01074,0.006816,0.0,1.229,8.643,4.321,4e-26,0.22,0.0534,0.1891,0.0001,10000,5,512
510,2.4902153e-12,1563.2473,-1.967986,0.79843724,-1.2462027,-0.052327,21.993243455748328,15.249307307523477,1560.0,200000000000.0,206000000000.0,0.01074,0.006816,0.0,1.229,8.643,4.321,4e-26,0.22,0.0534,0.1891,0.0001,10000,5,512
511,2.5e-12,1561.6221,-1.9678651,0.90857524,-1.219958,-0.013861723,-4.020787764849999,21.632984459297838,1560.0,200000000000.0,206000000000.0,0.01074,0.006816,0.0,1.229,8.643,4.321,4e-26,0.22,0.0534,0.1891,0.0001,10000,5,512
