index,time_s,wavelength_nm,A_main_real,A_main_imag,A_aux_real,A_aux_imag,main_spectrum_db,aux_spectrum_db,param_wl_center_nm,param_FSR_main,param_FSR_aux,param_coupling_ring_bus,param_coupling_ring_ring,param_coupling_ring_drop,param_gamma,param_alpha_int_main,param_alpha_int_aux,param_beta_2,param_intensity_in,param_detuning_main,param_detuning_aux,param_detuning_step,param_nrt,param_n_per_step,param_n_small_time
0,-2.5e-12,1560.0,0.6726813,-0.6964431,-0.71157753,0.8227875,38.52231293823359,30.83008630527209,1560.0,200000000000.0,206000000000.0,0.0124,0.024,0.00783,1.229,8.643,4.321,4e-26,0.3,0.0864,0.3783,0.0001,1000,5,512
1,-2.4902153e-12,1558.3812,0.18150552,-0.9447713,-0.773163,0.6497185,28.059265718953927,17.094306648002945,1560.0,200000000000.0,206000000000.0,0.0124,0.024,0.00783,1.229,8.643,4.321,4e-26,0.3,0.0864,0.3783,0.0001,1000,5,512
2,-2.4804306e-12,1556.766,-0.38777962,-0.9067348,-0.7246211,0.36766067,24.712559908016324,11.363579890018112,1560.0,200000000000.0,206000000000.0,0.0124,0.024,0.00783,1.229,8.643,4.321,4e-26,0.3,0.0864,0.3783,0.0001,1000,5,512
3,-2.4706459e-12,1555.1539,-0.99180126,-0.35149226,-0.55663264,0.10688323,23.724473727487982,8.564644589765138,1560.0,200000000000.0,206000000000.0,0.0124,0.024,0.00783,1.229,8.643,4.321,4e-26,0.3,0.0864,0.3783,0.0001,1000,5,512
4,-2.4608612e-12,1553.5453,-1.7548258,0.64546984,-0.3695778,-0.058898278,23.023664101614965,6.428174244118981,1560.0,200000000000.0,206000000000.0,0.0124,0.024,0.00783,1.229,8.643,4.321,4e-26,0.3,0.0864,0.3783,0.0001,1000,5,512
5,-2.4510762e-12,1551.9401,-2.6210692,1.643329,-0.2526617,-0.17842735,22.67598887205484,4.919149859434317,1560.0,200000000000.0,206000000000.0,0.0124,0.024,0.00783,1.229,8.643,4.321,4e-26,0.3,0.0864,0.3783,0.0001,1000,5,512
6,-2.4412915e-12,1550.338,-3.243487,2.259671,-0.20119892,-0.33925492,22.42268843079149,3.712856118674374,1560.0,200000000000.0,206000000000.0,0.0124,0.024,0.00783,1.229,8.643,4.321,4e-26,0.3,0.0864,0.3783,0.0001,1000,5,512
7,-2.4315068e-12,1548.7393,-3.2843194,2.4924212,-0.15056452,-0.48995623,22.199748006982176,2.6874752226536174,1560.0,200000000000.0,206000000000.0,0.0124,0.024,0.00783,1.229,8.643,4.321,4e-26,0.3,0.0864,0.3783,0.0001,1000,5,512
8,-2.4217221e-12,1547.1439,-2.7128985,2.5738301,-0.07329479,-0.482226,21.994880620126082,1.8146854186019468,1560.0,200000000000.0,206000000000.0,0.0124,0.024,0.00783,1.229,8.643,4.321,4e-26,0.3,0.0864,0.3783,0.0001,1000,5,512
9,-2.4119374e-12,1545.5518,-1.8405268,2.6240618,-0.056389693,-0.25934917,21.783979645347,1.0707576033781834,1560.0,200000000000.0,206000000000.0,0.0124,0.024,0.00783,1.229,8.643,4.321,4e-26,0.3,0.0864,0.3783,0.0001,1000,5,512
10,-2.4021527e-12,1543.9629,-1.0670161,2.479328,-0.20652427,0.052048452,21.55389727075161,0.3570834828655869,1560.0,200000000000.0,206000000000.0,0.0124,0.024,0.00783,1.229,8.643,4.321,4e-26,0.3,0.0864,0.3783,0.0001,1000,5,512
11,-2.392368e-12,1542.3774,-0.5341602,1.9013869,-0.45878866,0.29606742,21.295809545307783,-0.22116093210497212,1560.0,200000000000.0,206000000000.0,0.0124,0.024,0.00783,1.229,8.643,4.321,4e-26,0.3,0.0864,0.3783,0.0001,1000,5,512
12,-2.382583e-12,1540.795,-0.10287925,0.92243123,-0.640376,0.4243355,21.001294477933346,-0.8106524408501627,1560.0,200000000000.0,206000000000.0,0.0124,0.024,0.00783,1.229,8.643,4.321,4e-26,0.3,0.0864,0.3783,0.0001,1000,5,512
13,-2.3727984e-12,1539.2158,0.34331408,-0.052516434,-0.7026153,0.49439424,20.68296908971788,-1.332994418302114,1560.0,200000000000.0,206000000000.0,0.0124,0.024,0.00783,1.229,8.643,4.321,4e-26,0.3,0.0864,0.3783,0.0001,1000,5,512
14,-2.3630136e-12,1537.64,0.6360512,-0.6023287,-0.7552777,0.5731365,20.356027791994364,-1.735862988857562,1560.0,200000000000.0,206000000000.0,0.0124,0.024,0.00783,1.229,8.643,4.321,4e-26,0.3,0.0864,0.3783,0.0001,1000,5,512
15,-2.353229e-12,1536.0674,0.51007247,-0.6774343,-0.8576771,0.6361506,20.087207577458578,-2.080604695187823,1560.0,200000000000.0,206000000000.0,0.0124,0.024,0.00783,1.229,8.643,4.321,4e-26,0.3,0.0864,0.3783,0.0001,1000,5,512
16,-2.3434442e-12,1534.4979,-0.03974576,-0.52585834,-0.9662176,0.5953858,19.840468243030685,-2.302635851407203,1560.0,200000000000.0,206000000000.0,0.0124,0.024,0.00783,1.229,8.643,4.321,4e-26,0.3,0.0864,0.3783,0.0001,1000,5,512
17,-2.3336595e-12,1532.9318,-0.7070242,-0.30778566,-0.9721717,0.4335417,19.525539279091316,-2.496175864809686,1560.0,200000000000.0,206000000000.0,0.0124,0.024,0.00783,1.229,8.643,4.321,4e-26,0.3,0.0864,0.3783,0.0001,1000,5,512
18,-2.3238748e-12,1531.3689,-1.2196944,0.074832425,-0.8204425,0.2289879,19.09461795305118,-2.769394566844227,1560.0,200000000000.0,206000000000.0,0.0124,0.024,0.00783,1.229,8.643,4.321,4e-26,0.3,0.0864,0.3783,0.0001,1000,5,512
19,-2.3140901e-12,1529.809,-1.6094247,0.71732867,-0.57545483,0.07687297,18.555216784773407,-3.0129609553623453,1560.0,200000000000.0,206000000000.0,0.0124,0.024,0.00783,1.229,8.643,4.321,4e-26,0.3,0.0864,0.3783,0.0001,1000,5,512
20,-2.3043054e-12,1528.2522,-2.0346928,1.444151,-0.3558477,-0.031191055,17.944902823617575,-3.3229871104067925,1560.0,200000000000.0,206000000000.0,0.0124,0.024,0.00783,1.229,8.643,4.321,4e-26,0.3,0.0864,0.3783,0.0001,1000,5,512
21,-2.2945205e-12,1526.6989,-2.4473786,1.9280612,-0.23371358,-0.1689767,17.32254731600092,-3.5141394254013036,1560.0,200000000000.0,206000000000.0,0.0124,0.024,0.00783,1.229,8.643,4.321,4e-26,0.3,0.0864,0.3783,0.0001,1000,5,512
22,-2.2847358e-12,1525.1484,-2.6343143,2.029371,-0.17556313,-0.33212522,16.7011912398779,-3.5897166252113664,1560.0,200000000000.0,206000000000.0,0.0124,0.024,0.00783,1.229,8.643,4.321,4e-26,0.3,0.0864,0.3783,0.0001,1000,5,512
23,-2.274951e-12,1523.6012,-2.4683208,1.9054939,-0.106349476,-0.38758808,16.05976170373657,-3.591093320618384,1560.0,200000000000.0,206000000000.0,0.0124,0.024,0.00783,1.229,8.643,4.321,4e-26,0.3,0.0864,0.3783,0.0001,1000,5,512
24,-2.2651664e-12,1522.0573,-2.0712566,1.7846844,-0.07364461,-0.25162357,15.368852951439479,-3.5034477144591207,1560.0,200000000000.0,206000000000.0,0.0124,0.024,0.00783,1.229,8.643,4.321,4e-26,0.3,0.0864,0.3783,0.0001,1000,5,512
25,-2.2553816e-12,1520.5164,-1.7026712,1.7023609,-0.18886264,0.00907051,14.580004257105852,-3.3996387644459176,1560.0,200000000000.0,206000000000.0,0.0124,0.024,0.00783,1.229,8.643,4.321,4e-26,0.3,0.0864,0.3783,0.0001,1000,5,512
26,-2.245597e-12,1518.9785,-1.4570858,1.4916563,-0.4418686,0.24921481,13.655437645104016,-3.2026935856527956,1560.0,200000000000.0,206000000000.0,0.0124,0.024,0.00783,1.229,8.643,4.321,4e-26,0.3,0.0864,0.3783,0.0001,1000,5,512
27,-2.2358122e-12,1517.4438,-1.1706455,1.053497,-0.6724527,0.3738468,12.555278554980017,-2.9728622094712662,1560.0,200000000000.0,206000000000.0,0.0124,0.024,0.00783,1.229,8.643,4.321,4e-26,0.3,0.0864,0.3783,0.0001,1000,5,512
28,-2.2260273e-12,1515.9121,-0.645813,0.5568794,-0.7975,0.42211103,11.206984688323903,-2.6123029664336954,1560.0,200000000000.0,206000000000.0,0.0124,0.024,0.00783,1.229,8.643,4.321,4e-26,0.3,0.0864,0.3783,0.0001,1000,5,512
29,-2.2162426e-12,1514.3835,0.0057726027,0.282925,-0.86948204,0.48858473,9.503687507627696,-2.123294165305566,1560.0,200000000000.0,206000000000.0,0.0124,0.024,0.00783,1.229,8.643,4.321,4e-26,0.3,0.0864,0.3783,0.0001,1000,5,512
30,-2.2064579e-12,1512.8583,0.4003163,0.26226965,-0.95242625,0.57522964,7.228470716626813,-1.3555693111054055,1560.0,200000000000.0,206000000000.0,0.0124,0.024,0.00783,1.229,8.643,4.321,4e-26,0.3,0.0864,0.3783,0.0001,1000,5,512
31,-2.1966732e-12,1511.3359,0.31399724,0.2719182,-1.0477062,0.6021095,4.057769445607992,0.35402010146850316,1560.0,200000000000.0,206000000000.0,0.0124,0.024,0.00783,1.229,8.643,4.321,4e-26,0.3,0.0864,0.3783,0.0001,1000,5,512
32,-2.1868885e-12,1509.8164,-0.11037705,0.15195024,-1.0731953,0.4977934,-6.576999950030412,2.0965677253816395,1560.0,200000000000.0,206000000000.0,0.0124,0.024,0.00783,1.229,8.643,4.321,4e-26,0.3,0.0864,0.3783,0.0001,1000,5,512
33,-2.1771038e-12,1508.3003,-0.5999198,0.05034153,-0.9550212,0.29950252,5.8110802538824124,7.707707496856276,1560.0,200000000000.0,206000000000.0,0.0124,0.024,0.00783,1.229,8.643,4.321,4e-26,0.3,0.0864,0.3783,0.0001,1000,5,512
34,-2.167319e-12,1506.787,-1.0879939,0.24056879,-0.7178638,0.11239017,24.44249270389919,18.61235621342001,1560.0,200000000000.0,206000000000.0,0.0124,0.024,0.00783,1.229,8.643,4.321,4e-26,0.3,0.0864,0.3783,0.0001,1000,5,512
35,-2.1575344e-12,1505.2769,-1.6903528,0.7418692,-0.47664273,-0.0014325082,14.05853461169998,4.174351704640568,1560.0,200000000000.0,206000000000.0,0.0124,0.024,0.00783,1.229,8.643,4.321,4e-26,0.3,0.0864,0.3783,0.0001,1000,5,512
36,-2.1477496e-12,1503.7698,-2.3873928,1.2623751,-0.34385702,-0.098487675,13.063655829077263,0.5225902141297247,1560.0,200000000000.0,206000000000.0,0.0124,0.024,0.00783,1.229,8.643,4.321,4e-26,0.3,0.0864,0.3783,0.0001,1000,5,512
37,-2.1379647e-12,1502.2656,-2.941879,1.5342392,-0.3004033,-0.20307733,11.638616580795855,-2.8820836239823606,1560.0,200000000000.0,206000000000.0,0.0124,0.024,0.00783,1.229,8.643,4.321,4e-26,0.3,0.0864,0.3783,0.0001,1000,5,512
38,-2.12818e-12,1500.7644,-3.106965,1.5796506,-0.24206449,-0.24901566,10.36784927943674,-5.682723369204567,1560.0,200000000000.0,206000000000.0,0.0124,0.024,0.00783,1.229,8.643,4.321,4e-26,0.3,0.0864,0.3783,0.0001,1000,5,512
39,-2.1183953e-12,1499.2662,-2.86299,1.6125208,-0.16533926,-0.15015826,8.737825476487025,-8.582539820175306,1560.0,200000000000.0,206000000000.0,0.0124,0.024,0.00783,1.229,8.643,4.321,4e-26,0.3,0.0864,0.3783,0.0001,1000,5,512
40,-2.1086106e-12,1497.7711,-2.4177933,1.7409687,-0.19821475,0.06722264,7.021065366223457,-11.32264233098396,1560.0,200000000000.0,206000000000.0,0.0124,0.024,0.00783,1.229,8.643,4.321,4e-26,0.3,0.0864,0.3783,0.0001,1000,5,512
41,-2.0988259e-12,1496.2789,-1.9821216,1.802106,-0.38344878,0.28588334,5.0946790119772345,-14.118702836673798,1560.0,200000000000.0,206000000000.0,0.0124,0.024,0.00783,1.229,8.643,4.321,4e-26,0.3,0.0864,0.3783,0.0001,1000,5,512
42,-2.0890412e-12,1494.7897,-1.5263923,1.5740578,-0.622967,0.3953557,2.7812007377309556,-17.036469274962954,1560.0,200000000000.0,206000000000.0,0.0124,0.024,0.00783,1.229,8.643,4.321,4e-26,0.3,0.0864,0.3783,0.0001,1000,5,512
43,-2.0792565e-12,1493.3036,-0.900957,1.0822467,-0.80306566,0.40195605,0.26947025624295406,-20.065735754978384,1560.0,200000000000.0,206000000000.0,0.0124,0.024,0.00783,1.229,8.643,4.321,4e-26,0.3,0.0864,0.3783,0.0001,1000,5,512
44,-2.0694715e-12,1491.8202,-0.14187343,0.5980144,-0.91873103,0.40561205,-1.582916487872808,-22.54262698076998,1560.0,200000000000.0,206000000000.0,0.0124,0.024,0.00783,1.229,8.643,4.321,4e-26,0.3,0.0864,0.3783,0.0001,1000,5,512
45,-2.0596868e-12,1490.3398,0.401061,0.35848758,-1.0087062,0.46983677,-1.4519881879930416,-22.73454054872522,1560.0,200000000000.0,206000000000.0,0.0124,0.024,0.00783,1.229,8.643,4.321,4e-26,0.3,0.0864,0.3783,0.0001,1000,5,512
46,-2.0499021e-12,1488.8625,0.3974954,0.30310848,-1.1001824,0.5278925,0.14332866010123624,-21.668451847281332,1560.0,200000000000.0,206000000000.0,0.0124,0.024,0.00783,1.229,8.643,4.321,4e-26,0.3,0.0864,0.3783,0.0001,1000,5,512
47,-2.0401174e-12,1487.388,-0.09767334,0.25260708,-1.1621001,0.47984847,1.677104522712316,-20.130926791711232,1560.0,200000000000.0,206000000000.0,0.0124,0.024,0.00783,1.229,8.643,4.321,4e-26,0.3,0.0864,0.3783,0.0001,1000,5,512
48,-2.0303327e-12,1485.9163,-0.7397009,0.2007884,-1.1107262,0.31691676,2.1816961746249675,-19.975671517701784,1560.0,200000000000.0,206000000000.0,0.0124,0.024,0.00783,1.229,8.643,4.321,4e-26,0.3,0.0864,0.3783,0.0001,1000,5,512
49,-2.020548e-12,1484.4478,-1.2844543,0.33253857,-0.9151835,0.13638403,2.8435818378756537,-19.34121997536643,1560.0,200000000000.0,206000000000.0,0.0124,0.024,0.00783,1.229,8.643,4.321,4e-26,0.3,0.0864,0.3783,0.0001,1000,5,512
50,-2.0107633e-12,1482.9819,-1.7480395,0.7441611,-0.66172147,0.03373184,4.23322894102354,-17.976486705755327,1560.0,200000000000.0,206000000000.0,0.0124,0.024,0.00783,1.229,8.643,4.321,4e-26,0.3,0.0864,0.3783,0.0001,1000,5,512
51,-2.0009786e-12,1481.5192,-2.2343643,1.243109,-0.49083248,-0.0054018884,5.8315080688465635,-16.19860274654789,1560.0,200000000000.0,206000000000.0,0.0124,0.024,0.00783,1.229,8.643,4.321,4e-26,0.3,0.0864,0.3783,0.0001,1000,5,512
52,-1.9911939e-12,1480.0592,-2.684918,1.5370432,-0.40976667,-0.039423082,7.194528684230079,-14.69120803002913,1560.0,200000000000.0,206000000000.0,0.0124,0.024,0.00783,1.229,8.643,4.321,4e-26,0.3,0.0864,0.3783,0.0001,1000,5,512
53,-1.981409e-12,1478.602,-2.9229605,1.5404441,-0.32854643,-0.062238198,8.28232360425018,-13.375875846778072,1560.0,200000000000.0,206000000000.0,0.0124,0.024,0.00783,1.229,8.643,4.321,4e-26,0.3,0.0864,0.3783,0.0001,1000,5,512
54,-1.9716243e-12,1477.1477,-2.848353,1.4341755,-0.22190751,-0.018549735,9.06503866883692,-12.376859012604186,1560.0,200000000000.0,206000000000.0,0.0124,0.024,0.00783,1.229,8.643,4.321,4e-26,0.3,0.0864,0.3783,0.0001,1000,5,512
55,-1.9618395e-12,1475.6964,-2.5551991,1.4073977,-0.19738162,0.117623374,9.610070267134411,-11.466501939897512,1560.0,200000000000.0,206000000000.0,0.0124,0.024,0.00783,1.229,8.643,4.321,4e-26,0.3,0.0864,0.3783,0.0001,1000,5,512
56,-1.9520548e-12,1474.2478,-2.2268956,1.4387394,-0.33552894,0.28612664,9.99542093145508,-10.571169540478571,1560.0,200000000000.0,206000000000.0,0.0124,0.024,0.00783,1.229,8.643,4.321,4e-26,0.3,0.0864,0.3783,0.0001,1000,5,512
57,-1.9422701e-12,1472.8021,-1.9008512,1.3416562,-0.5784954,0.38535228,10.283988771280018,-9.742434577388494,1560.0,200000000000.0,206000000000.0,0.0124,0.024,0.00783,1.229,8.643,4.321,4e-26,0.3,0.0864,0.3783,0.0001,1000,5,512
58,-1.9324854e-12,1471.3594,-1.4354365,1.0553753,-0.81759137,0.38633773,10.486549981533223,-8.884314545662363,1560.0,200000000000.0,206000000000.0,0.0124,0.024,0.00783,1.229,8.643,4.321,4e-26,0.3,0.0864,0.3783,0.0001,1000,5,512
59,-1.9227007e-12,1469.9193,-0.7811423,0.76384646,-0.9856441,0.37492415,10.539916664198039,-8.033412184499348,1560.0,200000000000.0,206000000000.0,0.0124,0.024,0.00783,1.229,8.643,4.321,4e-26,0.3,0.0864,0.3783,0.0001,1000,5,512
60,-1.9129158e-12,1468.482,-0.183025,0.67888993,-1.0822654,0.42615134,10.444841092258407,-7.079080633721503,1560.0,200000000000.0,206000000000.0,0.0124,0.024,0.00783,1.229,8.643,4.321,4e-26,0.3,0.0864,0.3783,0.0001,1000,5,512
61,-1.903131e-12,1467.0477,0.021996783,0.7763023,-1.1535711,0.4982852,10.129727284200037,-6.24746362370918,1560.0,200000000000.0,206000000000.0,0.0124,0.024,0.00783,1.229,8.643,4.321,4e-26,0.3,0.0864,0.3783,0.0001,1000,5,512
62,-1.8933464e-12,1465.6161,-0.226642,0.83464986,-1.217042,0.48561025,9.559610870267136,-5.389557715967321,1560.0,200000000000.0,206000000000.0,0.0124,0.024,0.00783,1.229,8.643,4.321,4e-26,0.3,0.0864,0.3783,0.0001,1000,5,512
63,-1.8835617e-12,1464.1873,-0.6543128,0.73614955,-1.2019255,0.34936857,8.592831998831919,-4.459017058282512,1560.0,200000000000.0,206000000000.0,0.0124,0.024,0.00783,1.229,8.643,4.321,4e-26,0.3,0.0864,0.3783,0.0001,1000,5,512
64,-1.873777e-12,1462.7611,-1.0106772,0.63596785,-1.0478712,0.16908473,7.046839808948828,-3.596493079476531,1560.0,200000000000.0,206000000000.0,0.0124,0.024,0.00783,1.229,8.643,4.321,4e-26,0.3,0.0864,0.3783,0.0001,1000,5,512
65,-1.8639923e-12,1461.3379,-1.3115698,0.7440404,-0.80986625,0.05807114,4.477296370880907,-2.637687816010441,1560.0,200000000000.0,206000000000.0,0.0124,0.024,0.00783,1.229,8.643,4.321,4e-26,0.3,0.0864,0.3783,0.0001,1000,5,512
66,-1.8542075e-12,1459.9174,-1.7377156,1.0315851,-0.6100888,0.047664594,0.1202971589182944,-0.8381274766586131,1560.0,200000000000.0,206000000000.0,0.0124,0.024,0.00783,1.229,8.643,4.321,4e-26,0.3,0.0864,0.3783,0.0001,1000,5,512
67,-1.8444228e-12,1458.4996,-2.3296578,1.2434142,-0.5072154,0.071025655,-27.724046447652235,-1.7660286335977915,1560.0,200000000000.0,206000000000.0,0.0124,0.024,0.00783,1.229,8.643,4.321,4e-26,0.3,0.0864,0.3783,0.0001,1000,5,512
68,-1.8346381e-12,1457.0847,-2.8813252,1.2204651,-0.4303027,0.0769257,-2.218409346184586,-3.695891838751699,1560.0,200000000000.0,206000000000.0,0.0124,0.024,0.00783,1.229,8.643,4.321,4e-26,0.3,0.0864,0.3783,0.0001,1000,5,512
69,-1.8248532e-12,1455.6724,-3.13433,1.0750754,-0.31997043,0.092171386,4.88346094310991,-2.4952273840310255,1560.0,200000000000.0,206000000000.0,0.0124,0.024,0.00783,1.229,8.643,4.321,4e-26,0.3,0.0864,0.3783,0.0001,1000,5,512
70,-1.8150685e-12,1454.263,-3.025668,1.0514743,-0.2597141,0.17008384,7.78867246548646,-3.048778922730115,1560.0,200000000000.0,206000000000.0,0.0124,0.024,0.00783,1.229,8.643,4.321,4e-26,0.3,0.0864,0.3783,0.0001,1000,5,512
71,-1.8052837e-12,1452.8562,-2.7141533,1.209868,-0.34576803,0.31045827,8.702539026527162,-4.481168441164122,1560.0,200000000000.0,206000000000.0,0.0124,0.024,0.00783,1.229,8.643,4.321,4e-26,0.3,0.0864,0.3783,0.0001,1000,5,512
72,-1.795499e-12,1451.452,-2.3425486,1.3728404,-0.5543994,0.42836368,8.034414390001135,-6.9893206646631185,1560.0,200000000000.0,206000000000.0,0.0124,0.024,0.00783,1.229,8.643,4.321,4e-26,0.3,0.0864,0.3783,0.0001,1000,5,512
73,-1.7857143e-12,1450.0507,-1.8723106,1.3432724,-0.8068685,0.45106146,6.129232300562201,-10.3077333222911,1560.0,200000000000.0,206000000000.0,0.0124,0.024,0.00783,1.229,8.643,4.321,4e-26,0.3,0.0864,0.3783,0.0001,1000,5,512
74,-1.7759296e-12,1448.6521,-1.2412809,1.1565298,-1.0135425,0.42235145,4.549921894144987,-12.998455832156957,1560.0,200000000000.0,206000000000.0,0.0124,0.024,0.00783,1.229,8.643,4.321,4e-26,0.3,0.0864,0.3783,0.0001,1000,5,512
75,-1.7661448e-12,1447.2561,-0.5732567,1.0193367,-1.1138024,0.42539838,2.9767552968166164,-15.675050579859828,1560.0,200000000000.0,206000000000.0,0.0124,0.024,0.00783,1.229,8.643,4.321,4e-26,0.3,0.0864,0.3783,0.0001,1000,5,512
76,-1.75636e-12,1445.8628,-0.17693904,1.0268458,-1.1582459,0.4601774,0.20382197725515283,-19.090833881528496,1560.0,200000000000.0,206000000000.0,0.0124,0.024,0.00783,1.229,8.643,4.321,4e-26,0.3,0.0864,0.3783,0.0001,1000,5,512
77,-1.7465753e-12,1444.4723,-0.20763111,1.0635262,-1.2166035,0.4475743,-4.402485960679421,-24.517190473262687,1560.0,200000000000.0,206000000000.0,0.0124,0.024,0.00783,1.229,8.643,4.321,4e-26,0.3,0.0864,0.3783,0.0001,1000,5,512
78,-1.7367906e-12,1443.0844,-0.5338854,0.98691577,-1.247806,0.3343922,-16.92390462349573,-36.56431645795341,1560.0,200000000000.0,206000000000.0,0.0124,0.024,0.00783,1.229,8.643,4.321,4e-26,0.3,0.0864,0.3783,0.0001,1000,5,512
79,-1.7270058e-12,1441.6991,-0.90983546,0.8415212,-1.167184,0.1697689,-8.641879132374463,-30.36951208571174,1560.0,200000000000.0,206000000000.0,0.0124,0.024,0.00783,1.229,8.643,4.321,4e-26,0.3,0.0864,0.3783,0.0001,1000,5,512
80,-1.7172211e-12,1440.3165,-1.2589531,0.8165771,-0.97520846,0.0666893,-0.7095762512287607,-22.17919475545149,1560.0,200000000000.0,206000000000.0,0.0124,0.024,0.00783,1.229,8.643,4.321,4e-26,0.3,0.0864,0.3783,0.0001,1000,5,512
81,-1.7074364e-12,1438.9365,-1.6874118,0.98184645,-0.7678877,0.0826084,2.71227692710206,-19.05059414014851,1560.0,200000000000.0,206000000000.0,0.0124,0.024,0.00783,1.229,8.643,4.321,4e-26,0.3,0.0864,0.3783,0.0001,1000,5,512
82,-1.6976517e-12,1437.5592,-2.2694626,1.1698488,-0.63168156,0.1579128,3.340696473732585,-18.606893666495637,1560.0,200000000000.0,206000000000.0,0.0124,0.024,0.00783,1.229,8.643,4.321,4e-26,0.3,0.0864,0.3783,0.0001,1000,5,512
83,-1.687867e-12,1436.1847,-2.8634086,1.1855893,-0.52760375,0.20855159,2.642381385930861,-19.214353582135573,1560.0,200000000000.0,206000000000.0,0.0124,0.024,0.00783,1.229,8.643,4.321,4e-26,0.3,0.0864,0.3783,0.0001,1000,5,512
84,-1.6780823e-12,1434.8126,-3.1902056,1.0578802,-0.41269216,0.22156096,1.5758896688616453,-20.655287394640027,1560.0,200000000000.0,206000000000.0,0.0124,0.024,0.00783,1.229,8.643,4.321,4e-26,0.3,0.0864,0.3783,0.0001,1000,5,512
85,-1.6682974e-12,1433.4431,-3.1307733,0.98728025,-0.33043456,0.2564153,0.1225390653402556,-21.86763849925555,1560.0,200000000000.0,206000000000.0,0.0124,0.024,0.00783,1.229,8.643,4.321,4e-26,0.3,0.0864,0.3783,0.0001,1000,5,512
86,-1.6585127e-12,1432.0764,-2.8170812,1.0953846,-0.36698917,0.36017346,-1.9411728856944706,-23.647536066606804,1560.0,200000000000.0,206000000000.0,0.0124,0.024,0.00783,1.229,8.643,4.321,4e-26,0.3,0.0864,0.3783,0.0001,1000,5,512
87,-1.6487279e-12,1430.7122,-2.4518502,1.2647462,-0.5329726,0.4768136,-4.383349825932896,-26.038420101982602,1560.0,200000000000.0,206000000000.0,0.0124,0.024,0.00783,1.229,8.643,4.321,4e-26,0.3,0.0864,0.3783,0.0001,1000,5,512
88,-1.6389432e-12,1429.3505,-2.0802534,1.2925723,-0.782928,0.5195696,-6.9356308321277,-29.01015739673572,1560.0,200000000000.0,206000000000.0,0.0124,0.024,0.00783,1.229,8.643,4.321,4e-26,0.3,0.0864,0.3783,0.0001,1000,5,512
89,-1.6291585e-12,1427.9915,-1.6106235,1.1579303,-1.011208,0.4801425,-9.571855567441048,-30.862790809112994,1560.0,200000000000.0,206000000000.0,0.0124,0.024,0.00783,1.229,8.643,4.321,4e-26,0.3,0.0864,0.3783,0.0001,1000,5,512
90,-1.6193738e-12,1426.6351,-1.0569408,1.0490488,-1.1317613,0.43901536,-11.791344077466334,-32.00223779238961,1560.0,200000000000.0,206000000000.0,0.0124,0.024,0.00783,1.229,8.643,4.321,4e-26,0.3,0.0864,0.3783,0.0001,1000,5,512
91,-1.6095891e-12,1425.2812,-0.6202111,1.1274908,-1.1667849,0.42289954,-12.589538399728013,-32.88756945644362,1560.0,200000000000.0,206000000000.0,0.0124,0.024,0.00783,1.229,8.643,4.321,4e-26,0.3,0.0864,0.3783,0.0001,1000,5,512
92,-1.5998043e-12,1423.9299,-0.50457096,1.312915,-1.2222722,0.40444523,-11.484124645206101,-31.976806767745842,1560.0,200000000000.0,206000000000.0,0.0124,0.024,0.00783,1.229,8.643,4.321,4e-26,0.3,0.0864,0.3783,0.0001,1000,5,512
93,-1.5900196e-12,1422.5812,-0.6858054,1.3960276,-1.2879735,0.32435977,-9.56403247421376,-29.166875321389547,1560.0,200000000000.0,206000000000.0,0.0124,0.024,0.00783,1.229,8.643,4.321,4e-26,0.3,0.0864,0.3783,0.0001,1000,5,512
94,-1.5802349e-12,1421.235,-0.9705315,1.2905444,-1.2650505,0.19152853,-7.7282463516695685,-26.333929720408662,1560.0,200000000000.0,206000000000.0,0.0124,0.024,0.00783,1.229,8.643,4.321,4e-26,0.3,0.0864,0.3783,0.0001,1000,5,512
95,-1.5704502e-12,1419.8914,-1.2267913,1.1467756,-1.1114094,0.10211019,-6.200779708084113,-23.777809072942034,1560.0,200000000000.0,206000000000.0,0.0124,0.024,0.00783,1.229,8.643,4.321,4e-26,0.3,0.0864,0.3783,0.0001,1000,5,512
96,-1.5606653e-12,1418.5503,-1.5217558,1.1250192,-0.90255064,0.123364046,-4.570621959081571,-20.71714115830126,1560.0,200000000000.0,206000000000.0,0.0124,0.024,0.00783,1.229,8.643,4.321,4e-26,0.3,0.0864,0.3783,0.0001,1000,5,512
97,-1.5508806e-12,1417.2117,-1.990235,1.1861563,-0.7264948,0.2191758,-2.573454396368824,-17.230213770572334,1560.0,200000000000.0,206000000000.0,0.0124,0.024,0.00783,1.229,8.643,4.321,4e-26,0.3,0.0864,0.3783,0.0001,1000,5,512
98,-1.5410959e-12,1415.8755,-2.5767808,1.1629815,-0.6006697,0.29909077,0.4427006791888104,-12.385972538530467,1560.0,200000000000.0,206000000000.0,0.0124,0.024,0.00783,1.229,8.643,4.321,4e-26,0.3,0.0864,0.3783,0.0001,1000,5,512
99,-1.5313112e-12,1414.5421,-3.0243666,0.99790794,-0.49494117,0.3188821,4.878236322794454,-5.508558535294419,1560.0,200000000000.0,206000000000.0,0.0124,0.024,0.00783,1.229,8.643,4.321,4e-26,0.3,0.0864,0.3783,0.0001,1000,5,512
100,-1.5215265e-12,1413.211,-3.1242304,0.8343548,-0.42196587,0.33080763,8.98293726247486,2.2163445032265727,1560.0,200000000000.0,206000000000.0,0.0124,0.024,0.00783,1.229,8.643,4.321,4e-26,0.3,0.0864,0.3783,0.0001,1000,5,512
101,-1.5117416e-12,1411.8826,-2.9272788,0.84407395,-0.43090025,0.40933257,-14.21323050910636,-14.541833899978194,1560.0,200000000000.0,206000000000.0,0.0124,0.024,0.00783,1.229,8.643,4.321,4e-26,0.3,0.0864,0.3783,0.0001,1000,5,512
102,-1.501957e-12,1410.5566,-2.6381905,1.016635,-0.5523235,0.53284097,-37.276154640473735,-18.698654677193915,1560.0,200000000000.0,206000000000.0,0.0124,0.024,0.00783,1.229,8.643,4.321,4e-26,0.3,0.0864,0.3783,0.0001,1000,5,512
103,-1.4921722e-12,1409.233,-2.3614635,1.1720062,-0.7699324,0.6022096,-21.108487308583207,-22.99496173487813,1560.0,200000000000.0,206000000000.0,0.0124,0.024,0.00783,1.229,8.643,4.321,4e-26,0.3,0.0864,0.3783,0.0001,1000,5,512
104,-1.4823875e-12,1407.9119,-2.032819,1.2008574,-1.0033983,0.5714606,-21.618145807592185,-28.22073968055308,1560.0,200000000000.0,206000000000.0,0.0124,0.024,0.00783,1.229,8.643,4.321,4e-26,0.3,0.0864,0.3783,0.0001,1000,5,512
105,-1.4726027e-12,1406.5935,-1.5702112,1.2056736,-1.1335435,0.49377158,-27.22267311417042,-36.95512344591509,1560.0,200000000000.0,206000000000.0,0.0124,0.024,0.00783,1.229,8.643,4.321,4e-26,0.3,0.0864,0.3783,0.0001,1000,5,512
106,-1.462818e-12,1405.2773,-1.0824257,1.336622,-1.1735379,0.4258731,-30.278430506603215,-44.290704284375025,1560.0,200000000000.0,206000000000.0,0.0124,0.024,0.00783,1.229,8.643,4.321,4e-26,0.3,0.0864,0.3783,0.0001,1000,5,512
107,-1.4530333e-12,1403.9635,-0.7707111,1.5733976,-1.2191485,0.3808616,-37.601120693232076,-55.12142237321285,1560.0,200000000000.0,206000000000.0,0.0124,0.024,0.00783,1.229,8.643,4.321,4e-26,0.3,0.0864,0.3783,0.0001,1000,5,512
108,-1.4432484e-12,1402.6523,-0.7526112,1.7263234,-1.2979875,0.3192412,-30.715713914125672,-47.24113749682543,1560.0,200000000000.0,206000000000.0,0.0124,0.024,0.00783,1.229,8.643,4.321,4e-26,0.3,0.0864,0.3783,0.0001,1000,5,512
109,-1.4334637e-12,1401.3436,-0.93924963,1.6460046,-1.3185704,0.22174805,-25.30045790360436,-45.64586676824446,1560.0,200000000000.0,206000000000.0,0.0124,0.024,0.00783,1.229,8.643,4.321,4e-26,0.3,0.0864,0.3783,0.0001,1000,5,512
110,-1.423679e-12,1400.0374,-1.1855803,1.4172847,-1.2098829,0.13826832,-22.83681119311113,-43.70570988300953,1560.0,200000000000.0,206000000000.0,0.0124,0.024,0.00783,1.229,8.643,4.321,4e-26,0.3,0.0864,0.3783,0.0001,1000,5,512
111,-1.4138943e-12,1398.7335,-1.470774,1.2499593,-1.0117831,0.14754334,-21.007567595368698,-40.51765478962241,1560.0,200000000000.0,206000000000.0,0.0124,0.024,0.00783,1.229,8.643,4.321,4e-26,0.3,0.0864,0.3783,0.0001,1000,5,512
112,-1.4041096e-12,1397.432,-1.88889,1.2043643,-0.8176473,0.2434093,-20.29781476091116,-42.31096138043874,1560.0,200000000000.0,206000000000.0,0.0124,0.024,0.00783,1.229,8.643,4.321,4e-26,0.3,0.0864,0.3783,0.0001,1000,5,512
113,-1.3943249e-12,1396.133,-2.445285,1.1689526,-0.6768348,0.34607464,-20.691316496046184,-39.89970917224262,1560.0,200000000000.0,206000000000.0,0.0124,0.024,0.00783,1.229,8.643,4.321,4e-26,0.3,0.0864,0.3783,0.0001,1000,5,512
114,-1.3845402e-12,1394.8363,-2.9281585,1.0273459,-0.5844672,0.39148715,-22.898326790647573,-48.254392018221296,1560.0,200000000000.0,206000000000.0,0.0124,0.024,0.00783,1.229,8.643,4.321,4e-26,0.3,0.0864,0.3783,0.0001,1000,5,512
115,-1.3747555e-12,1393.5422,-3.111474,0.8424048,-0.53253883,0.4108284,-28.288848833026208,-49.95012626805877,1560.0,200000000000.0,206000000000.0,0.0124,0.024,0.00783,1.229,8.643,4.321,4e-26,0.3,0.0864,0.3783,0.0001,1000,5,512
116,-1.3649707e-12,1392.2504,-2.985613,0.78364223,-0.5249301,0.4796452,-33.15545469523785,-47.21498420065639,1560.0,200000000000.0,206000000000.0,0.0124,0.024,0.00783,1.229,8.643,4.321,4e-26,0.3,0.0864,0.3783,0.0001,1000,5,512
117,-1.3551858e-12,1390.9609,-2.730803,0.9087713,-0.5878057,0.607553,-29.3879703887431,-52.123689016059686,1560.0,200000000000.0,206000000000.0,0.0124,0.024,0.00783,1.229,8.643,4.321,4e-26,0.3,0.0864,0.3783,0.0001,1000,5,512
118,-1.3454011e-12,1389.674,-2.5018167,1.0931076,-0.7560525,0.6939525,-26.403975419170827,-44.435732756891866,1560.0,200000000000.0,206000000000.0,0.0124,0.024,0.00783,1.229,8.643,4.321,4e-26,0.3,0.0864,0.3783,0.0001,1000,5,512
119,-1.3356164e-12,1388.3893,-2.2672424,1.1961447,-0.9715409,0.67102665,-25.477459233401547,-50.521115267579816,1560.0,200000000000.0,206000000000.0,0.0124,0.024,0.00783,1.229,8.643,4.321,4e-26,0.3,0.0864,0.3783,0.0001,1000,5,512
120,-1.3258317e-12,1387.1069,-1.9078625,1.2489178,-1.1222091,0.5624507,-25.138284851792022,-42.77823782964815,1560.0,200000000000.0,206000000000.0,0.0124,0.024,0.00783,1.229,8.643,4.321,4e-26,0.3,0.0864,0.3783,0.0001,1000,5,512
121,-1.316047e-12,1385.8271,-1.4399376,1.391241,-1.171954,0.44206718,-25.35215244550409,-48.3787292175991,1560.0,200000000000.0,206000000000.0,0.0124,0.024,0.00783,1.229,8.643,4.321,4e-26,0.3,0.0864,0.3783,0.0001,1000,5,512
122,-1.3062623e-12,1384.5494,-1.0505017,1.6595403,-1.2200035,0.36781403,-25.768555774660328,-47.7115747095596,1560.0,200000000000.0,206000000000.0,0.0124,0.024,0.00783,1.229,8.643,4.321,4e-26,0.3,0.0864,0.3783,0.0001,1000,5,512
123,-1.2964776e-12,1383.2743,-0.9280135,1.9004811,-1.3022258,0.32101855,-25.832235529087562,-52.38749451210106,1560.0,200000000000.0,206000000000.0,0.0124,0.024,0.00783,1.229,8.643,4.321,4e-26,0.3,0.0864,0.3783,0.0001,1000,5,512
124,-1.2866926e-12,1382.0016,-1.0808355,1.924399,-1.3493814,0.25621107,-26.620858395429252,-48.149636301199706,1560.0,200000000000.0,206000000000.0,0.0124,0.024,0.00783,1.229,8.643,4.321,4e-26,0.3,0.0864,0.3783,0.0001,1000,5,512
125,-1.2769079e-12,1380.731,-1.3383828,1.7267816,-1.2801838,0.18532237,-29.161371165727218,-54.60174900206796,1560.0,200000000000.0,206000000000.0,0.0124,0.024,0.00783,1.229,8.643,4.321,4e-26,0.3,0.0864,0.3783,0.0001,1000,5,512
126,-1.2671232e-12,1379.4628,-1.5887005,1.4947444,-1.1023501,0.17749253,-31.74356237863742,-55.92784334570881,1560.0,200000000000.0,206000000000.0,0.0124,0.024,0.00783,1.229,8.643,4.321,4e-26,0.3,0.0864,0.3783,0.0001,1000,5,512
127,-1.2573385e-12,1378.197,-1.8822176,1.3789861,-0.8994904,0.25673208,-35.12755421268868,-52.425545753058884,1560.0,200000000000.0,206000000000.0,0.0124,0.024,0.00783,1.229,8.643,4.321,4e-26,0.3,0.0864,0.3783,0.0001,1000,5,512
128,-1.2475538e-12,1376.9333,-2.2893019,1.3248156,-0.7457511,0.36858034,-38.37330186720233,-55.36896219979424,1560.0,200000000000.0,206000000000.0,0.0124,0.024,0.00783,1.229,8.643,4.321,4e-26,0.3,0.0864,0.3783,0.0001,1000,5,512
129,-1.2377691e-12,1375.6721,-2.706902,1.1886134,-0.6632753,0.44903052,-34.77546422149385,-46.34646773157033,1560.0,200000000000.0,206000000000.0,0.0124,0.024,0.00783,1.229,8.643,4.321,4e-26,0.3,0.0864,0.3783,0.0001,1000,5,512
130,-1.2279844e-12,1374.4133,-2.939673,0.9510024,-0.63566375,0.4886398,-32.58804653106384,-49.48496277020712,1560.0,200000000000.0,206000000000.0,0.0124,0.024,0.00783,1.229,8.643,4.321,4e-26,0.3,0.0864,0.3783,0.0001,1000,5,512
131,-1.2181997e-12,1373.1567,-2.911333,0.7643542,-0.62263733,0.56079566,-31.831870161772784,-44.00665790780545,1560.0,200000000000.0,206000000000.0,0.0124,0.024,0.00783,1.229,8.643,4.321,4e-26,0.3,0.0864,0.3783,0.0001,1000,5,512
132,-1.208415e-12,1371.9023,-2.7408948,0.7618121,-0.64100623,0.6744465,-43.04541649813102,-51.834060548269264,1560.0,200000000000.0,206000000000.0,0.0124,0.024,0.00783,1.229,8.643,4.321,4e-26,0.3,0.0864,0.3783,0.0001,1000,5,512
133,-1.1986301e-12,1370.6503,-2.5817184,0.91660124,-0.7556149,0.7633892,-26.973620251674923,-41.04586860195158,1560.0,200000000000.0,206000000000.0,0.0124,0.024,0.00783,1.229,8.643,4.321,4e-26,0.3,0.0864,0.3783,0.0001,1000,5,512
134,-1.1888454e-12,1369.4006,-2.4351268,1.0924201,-0.9476689,0.7516076,-21.60202783611077,-32.58584610949353,1560.0,200000000000.0,206000000000.0,0.0124,0.024,0.00783,1.229,8.643,4.321,4e-26,0.3,0.0864,0.3783,0.0001,1000,5,512
135,-1.1790606e-12,1368.1531,-2.191892,1.240818,-1.1106436,0.63713,-24.150375769766583,-31.510841648564977,1560.0,200000000000.0,206000000000.0,0.0124,0.024,0.00783,1.229,8.643,4.321,4e-26,0.3,0.0864,0.3783,0.0001,1000,5,512
136,-1.1692759e-12,1366.908,-1.7989035,1.4366592,-1.1858041,0.49144208,-21.768688192496413,-24.158982845533224,1560.0,200000000000.0,206000000000.0,0.0124,0.024,0.00783,1.229,8.643,4.321,4e-26,0.3,0.0864,0.3783,0.0001,1000,5,512
137,-1.1594912e-12,1365.665,-1.3910313,1.740145,-1.2353576,0.38886482,-38.19299602525686,-23.322082595188014,1560.0,200000000000.0,206000000000.0,0.0124,0.024,0.00783,1.229,8.643,4.321,4e-26,0.3,0.0864,0.3783,0.0001,1000,5,512
138,-1.1497065e-12,1364.4243,-1.185394,2.0463004,-1.3064467,0.34576595,-37.898073728745814,-37.89010648090671,1560.0,200000000000.0,206000000000.0,0.0124,0.024,0.00783,1.229,8.643,4.321,4e-26,0.3,0.0864,0.3783,0.0001,1000,5,512
139,-1.1399218e-12,1363.1859,-1.2640816,2.1618645,-1.3567612,0.3073856,-41.403594400062204,-47.90866657516436,1560.0,200000000000.0,206000000000.0,0.0124,0.024,0.00783,1.229,8.643,4.321,4e-26,0.3,0.0864,0.3783,0.0001,1000,5,512
140,-1.1301369e-12,1361.9498,-1.4930338,2.0266871,-1.3104322,0.24524638,-48.3923888779444,-62.52089097403504,1560.0,200000000000.0,206000000000.0,0.0124,0.024,0.00783,1.229,8.643,4.321,4e-26,0.3,0.0864,0.3783,0.0001,1000,5,512
141,-1.1203522e-12,1360.7158,-1.7024298,1.7772268,-1.1591927,0.21117681,-47.67241763691479,-66.57996831264926,1560.0,200000000000.0,206000000000.0,0.0124,0.024,0.00783,1.229,8.643,4.321,4e-26,0.3,0.0864,0.3783,0.0001,1000,5,512
142,-1.1105675e-12,1359.4843,-1.8925022,1.5933825,-0.96523464,0.25724617,-38.830878234494634,-50.187609029554565,1560.0,200000000000.0,206000000000.0,0.0124,0.024,0.00783,1.229,8.643,4.321,4e-26,0.3,0.0864,0.3783,0.0001,1000,5,512
143,-1.1007828e-12,1358.2548,-2.1687195,1.4906278,-0.8084245,0.3664479,-35.145803193134356,-55.62850621324088,1560.0,200000000000.0,206000000000.0,0.0124,0.024,0.00783,1.229,8.643,4.321,4e-26,0.3,0.0864,0.3783,0.0001,1000,5,512
144,-1.0909981e-12,1357.0275,-2.5200427,1.3405764,-0.738467,0.47726253,-32.69043304194405,-49.679107072401635,1560.0,200000000000.0,206000000000.0,0.0124,0.024,0.00783,1.229,8.643,4.321,4e-26,0.3,0.0864,0.3783,0.0001,1000,5,512
145,-1.0812134e-12,1355.8024,-2.7954206,1.070195,-0.73005784,0.5598599,-32.07558913765424,-47.5744701695282,1560.0,200000000000.0,206000000000.0,0.0124,0.024,0.00783,1.229,8.643,4.321,4e-26,0.3,0.0864,0.3783,0.0001,1000,5,512
146,-1.0714286e-12,1354.5796,-2.8709588,0.793166,-0.723925,0.633786,-32.147340917518804,-46.854713631974946,1560.0,200000000000.0,206000000000.0,0.0124,0.024,0.00783,1.229,8.643,4.321,4e-26,0.3,0.0864,0.3783,0.0001,1000,5,512
147,-1.0616439e-12,1353.3589,-2.779853,0.6936852,-0.7121707,0.7324797,-34.27161771164448,-55.34893553031317,1560.0,200000000000.0,206000000000.0,0.0124,0.024,0.00783,1.229,8.643,4.321,4e-26,0.3,0.0864,0.3783,0.0001,1000,5,512
148,-1.0518592e-12,1352.1405,-2.6507895,0.8216273,-0.7716146,0.8157997,-35.75880562262576,-63.20043381165435,1560.0,200000000000.0,206000000000.0,0.0124,0.024,0.00783,1.229,8.643,4.321,4e-26,0.3,0.0864,0.3783,0.0001,1000,5,512
149,-1.0420743e-12,1350.9243,-2.533045,1.0506306,-0.9308882,0.8215753,-41.44554356357385,-55.89974545275574,1560.0,200000000000.0,206000000000.0,0.0124,0.024,0.00783,1.229,8.643,4.321,4e-26,0.3,0.0864,0.3783,0.0001,1000,5,512
150,-1.0322896e-12,1349.7102,-2.3571346,1.2714173,-1.1018664,0.71888715,-51.60039518613618,-50.8475580833321,1560.0,200000000000.0,206000000000.0,0.0124,0.024,0.00783,1.229,8.643,4.321,4e-26,0.3,0.0864,0.3783,0.0001,1000,5,512
151,-1.0225049e-12,1348.4984,-2.0381818,1.4843832,-1.2004603,0.56190515,-53.01244054599742,-50.322835957316144,1560.0,200000000000.0,206000000000.0,0.0124,0.024,0.00783,1.229,8.643,4.321,4e-26,0.3,0.0864,0.3783,0.0001,1000,5,512
152,-1.0127202e-12,1347.2887,-1.6536205,1.7643628,-1.2545828,0.44107693,-46.78495888822263,-52.39382214767632,1560.0,200000000000.0,206000000000.0,0.0124,0.024,0.00783,1.229,8.643,4.321,4e-26,0.3,0.0864,0.3783,0.0001,1000,5,512
153,-1.0029355e-12,1346.0813,-1.4128709,2.0740938,-1.3074608,0.39211863,-43.57080695195461,-51.776061397315104,1560.0,200000000000.0,206000000000.0,0.0124,0.024,0.00783,1.229,8.643,4.321,4e-26,0.3,0.0864,0.3783,0.0001,1000,5,512
154,-9.931508e-13,1344.8759,-1.4513818,2.266463,-1.3406758,0.36039764,-41.426405958765585,-49.039462224559,1560.0,200000000000.0,206000000000.0,0.0124,0.024,0.00783,1.229,8.643,4.321,4e-26,0.3,0.0864,0.3783,0.0001,1000,5,512
155,-9.833661e-13,1343.6727,-1.6749855,2.2269502,-1.3125552,0.29773134,-42.57673790613404,-56.58522650941215,1560.0,200000000000.0,206000000000.0,0.0124,0.024,0.00783,1.229,8.643,4.321,4e-26,0.3,0.0864,0.3783,0.0001,1000,5,512
156,-9.735811e-13,1342.4716,-1.8859358,2.024103,-1.1934521,0.24498194,-44.29706908698682,-55.79421223140605,1560.0,200000000000.0,206000000000.0,0.0124,0.024,0.00783,1.229,8.643,4.321,4e-26,0.3,0.0864,0.3783,0.0001,1000,5,512
157,-9.637964e-13,1341.2727,-2.022098,1.8178728,-1.0254294,0.256968,-42.065994293848064,-81.52994345915482,1560.0,200000000000.0,206000000000.0,0.0124,0.024,0.00783,1.229,8.643,4.321,4e-26,0.3,0.0864,0.3783,0.0001,1000,5,512
158,-9.540117e-13,1340.0759,-2.1829023,1.6892154,-0.8757523,0.35904914,-41.62690014175024,-52.883286983800645,1560.0,200000000000.0,206000000000.0,0.0124,0.024,0.00783,1.229,8.643,4.321,4e-26,0.3,0.0864,0.3783,0.0001,1000,5,512
159,-9.44227e-13,1338.8813,-2.4334145,1.5371871,-0.8074751,0.49996912,-43.052689337692215,-48.70996459649645,1560.0,200000000000.0,206000000000.0,0.0124,0.024,0.00783,1.229,8.643,4.321,4e-26,0.3,0.0864,0.3783,0.0001,1000,5,512
160,-9.344423e-13,1337.6888,-2.6927247,1.2641149,-0.80990636,0.6191795,-43.08961980803491,-52.68317960756414,1560.0,200000000000.0,206000000000.0,0.0124,0.024,0.00783,1.229,8.643,4.321,4e-26,0.3,0.0864,0.3783,0.0001,1000,5,512
161,-9.246575e-13,1336.4985,-2.816771,0.93704754,-0.8091491,0.70445925,-43.599238130882355,-60.70927455095209,1560.0,200000000000.0,206000000000.0,0.0124,0.024,0.00783,1.229,8.643,4.321,4e-26,0.3,0.0864,0.3783,0.0001,1000,5,512
162,-9.148728e-13,1335.3102,-2.776274,0.74382114,-0.78046274,0.7877613,-42.87763729546707,-60.721593585464205,1560.0,200000000000.0,206000000000.0,0.0124,0.024,0.00783,1.229,8.643,4.321,4e-26,0.3,0.0864,0.3783,0.0001,1000,5,512
163,-9.050881e-13,1334.124,-2.6484907,0.79437524,-0.80223006,0.8518029,-42.390681056668114,-46.60389122439278,1560.0,200000000000.0,206000000000.0,0.0124,0.024,0.00783,1.229,8.643,4.321,4e-26,0.3,0.0864,0.3783,0.0001,1000,5,512
164,-8.953034e-13,1332.94,-2.5244684,1.0163658,-0.9337228,0.86822134,-46.01945392983012,-48.13569674779288,1560.0,200000000000.0,206000000000.0,0.0124,0.024,0.00783,1.229,8.643,4.321,4e-26,0.3,0.0864,0.3783,0.0001,1000,5,512
165,-8.855185e-13,1331.758,-2.3900142,1.261501,-1.102666,0.7906677,-45.6786821754813,-53.147244147213826,1560.0,200000000000.0,206000000000.0,0.0124,0.024,0.00783,1.229,8.643,4.321,4e-26,0.3,0.0864,0.3783,0.0001,1000,5,512
166,-8.7573384e-13,1330.5781,-2.167584,1.476264,-1.2203312,0.64369017,-43.531372081693576,-60.24133915172398,1560.0,200000000000.0,206000000000.0,0.0124,0.024,0.00783,1.229,8.643,4.321,4e-26,0.3,0.0864,0.3783,0.0001,1000,5,512
167,-8.6594913e-13,1329.4004,-1.8706301,1.724833,-1.2813988,0.51123047,-45.745714270154025,-52.72108403835426,1560.0,200000000000.0,206000000000.0,0.0124,0.024,0.00783,1.229,8.643,4.321,4e-26,0.3,0.0864,0.3783,0.0001,1000,5,512
168,-8.561644e-13,1328.2249,-1.6605334,2.0326514,-1.3109703,0.44850853,-50.69630232062107,-49.55800915438705,1560.0,200000000000.0,206000000000.0,0.0124,0.024,0.00783,1.229,8.643,4.321,4e-26,0.3,0.0864,0.3783,0.0001,1000,5,512
169,-8.4637966e-13,1327.0511,-1.6859747,2.2974482,-1.3173809,0.41229844,-52.53529005621844,-62.76641173076989,1560.0,200000000000.0,206000000000.0,0.0124,0.024,0.00783,1.229,8.643,4.321,4e-26,0.3,0.0864,0.3783,0.0001,1000,5,512
170,-8.3659495e-13,1325.8795,-1.8969848,2.3745706,-1.2939515,0.3533089,-52.852599446803694,-53.52548410495967,1560.0,200000000000.0,206000000000.0,0.0124,0.024,0.00783,1.229,8.643,4.321,4e-26,0.3,0.0864,0.3783,0.0001,1000,5,512
171,-8.2681025e-13,1324.7102,-2.0980296,2.2551575,-1.213569,0.28450984,-50.54888085982694,-54.22597054717373,1560.0,200000000000.0,206000000000.0,0.0124,0.024,0.00783,1.229,8.643,4.321,4e-26,0.3,0.0864,0.3783,0.0001,1000,5,512
172,-8.170254e-13,1323.5427,-2.19017,2.0631714,-1.0764697,0.27339154,-53.05998249253295,-53.719139157173416,1560.0,200000000000.0,206000000000.0,0.0124,0.024,0.00783,1.229,8.643,4.321,4e-26,0.3,0.0864,0.3783,0.0001,1000,5,512
173,-8.072406e-13,1322.3773,-2.2537303,1.903889,-0.9360004,0.3623212,-56.093188707785075,-46.95262263816291,1560.0,200000000000.0,206000000000.0,0.0124,0.024,0.00783,1.229,8.643,4.321,4e-26,0.3,0.0864,0.3783,0.0001,1000,5,512
174,-7.974559e-13,1321.2142,-2.401407,1.7382592,-0.86155945,0.51893854,-58.2337251652755,-48.94040325288272,1560.0,200000000000.0,206000000000.0,0.0124,0.024,0.00783,1.229,8.643,4.321,4e-26,0.3,0.0864,0.3783,0.0001,1000,5,512
175,-7.8767125e-13,1320.0529,-2.6173935,1.4663334,-0.8656778,0.6677234,-46.736867745203256,-52.69972383244365,1560.0,200000000000.0,206000000000.0,0.0124,0.024,0.00783,1.229,8.643,4.321,4e-26,0.3,0.0864,0.3783,0.0001,1000,5,512
176,-7.7788654e-13,1318.8937,-2.7711213,1.116853,-0.87258416,0.766188,-48.142574917124236,-53.434186750359274,1560.0,200000000000.0,206000000000.0,0.0124,0.024,0.00783,1.229,8.643,4.321,4e-26,0.3,0.0864,0.3783,0.0001,1000,5,512
177,-7.681018e-13,1317.7366,-2.7662172,0.85216874,-0.8445716,0.8233042,-44.34809097410762,-52.843032735095576,1560.0,200000000000.0,206000000000.0,0.0124,0.024,0.00783,1.229,8.643,4.321,4e-26,0.3,0.0864,0.3783,0.0001,1000,5,512
178,-7.583171e-13,1316.5813,-2.6325924,0.8231252,-0.8489957,0.8689178,-44.42102825435255,-55.412729029572816,1560.0,200000000000.0,206000000000.0,0.0124,0.024,0.00783,1.229,8.643,4.321,4e-26,0.3,0.0864,0.3783,0.0001,1000,5,512
179,-7.4853237e-13,1315.4282,-2.4847984,1.0135423,-0.9552054,0.8937339,-43.564376486301455,-59.65063824170558,1560.0,200000000000.0,206000000000.0,0.0124,0.024,0.00783,1.229,8.643,4.321,4e-26,0.3,0.0864,0.3783,0.0001,1000,5,512
180,-7.3874766e-13,1314.2771,-2.3695085,1.2690418,-1.1173427,0.8510316,-41.7074759078355,-57.596536876163526,1560.0,200000000000.0,206000000000.0,0.0124,0.024,0.00783,1.229,8.643,4.321,4e-26,0.3,0.0864,0.3783,0.0001,1000,5,512
181,-7.2896273e-13,1313.128,-2.2353635,1.4863641,-1.2468857,0.7326974,-43.817520582169735,-47.8792530122501,1560.0,200000000000.0,206000000000.0,0.0124,0.024,0.00783,1.229,8.643,4.321,4e-26,0.3,0.0864,0.3783,0.0001,1000,5,512
182,-7.19178e-13,1311.9808,-2.0452962,1.7036883,-1.3098073,0.59882,-42.93545149477394,-56.15691517055765,1560.0,200000000000.0,206000000000.0,0.0124,0.024,0.00783,1.229,8.643,4.321,4e-26,0.3,0.0864,0.3783,0.0001,1000,5,512
183,-7.093934e-13,1310.8357,-1.8850641,1.9833516,-1.3212106,0.5177712,-44.196868990149255,-59.75150346960817,1560.0,200000000000.0,206000000000.0,0.0124,0.024,0.00783,1.229,8.643,4.321,4e-26,0.3,0.0864,0.3783,0.0001,1000,5,512
184,-6.9960867e-13,1309.6927,-1.8972205,2.2838218,-1.3013622,0.46833497,-43.36624061200594,-50.96661300034789,1560.0,200000000000.0,206000000000.0,0.0124,0.024,0.00783,1.229,8.643,4.321,4e-26,0.3,0.0864,0.3783,0.0001,1000,5,512
185,-6.898239e-13,1308.5516,-2.0734615,2.4578044,-1.2677231,0.40563318,-48.32400743619169,-58.61864389688213,1560.0,200000000000.0,206000000000.0,0.0124,0.024,0.00783,1.229,8.643,4.321,4e-26,0.3,0.0864,0.3783,0.0001,1000,5,512
186,-6.800392e-13,1307.4126,-2.264268,2.4248095,-1.217781,0.33429217,-49.390313914433094,-53.45066219703307,1560.0,200000000000.0,206000000000.0,0.0124,0.024,0.00783,1.229,8.643,4.321,4e-26,0.3,0.0864,0.3783,0.0001,1000,5,512
187,-6.702545e-13,1306.2754,-2.3539817,2.2575426,-1.1165597,0.3078535,-49.47849870758377,-54.67980764281462,1560.0,200000000000.0,206000000000.0,0.0124,0.024,0.00783,1.229,8.643,4.321,4e-26,0.3,0.0864,0.3783,0.0001,1000,5,512
188,-6.604696e-13,1305.1403,-2.3844776,2.073558,-0.99231344,0.37896577,-47.61847117998039,-55.65437689833503,1560.0,200000000000.0,206000000000.0,0.0124,0.024,0.00783,1.229,8.643,4.321,4e-26,0.3,0.0864,0.3783,0.0001,1000,5,512
189,-6.506849e-13,1304.007,-2.4691145,1.8903651,-0.90888625,0.54206,-48.572301859495,-52.73192106402928,1560.0,200000000000.0,206000000000.0,0.0124,0.024,0.00783,1.229,8.643,4.321,4e-26,0.3,0.0864,0.3783,0.0001,1000,5,512
190,-6.409002e-13,1302.876,-2.6387198,1.6449593,-0.9009457,0.70368844,-47.11295846064728,-64.21588002968744,1560.0,200000000000.0,206000000000.0,0.0124,0.024,0.00783,1.229,8.643,4.321,4e-26,0.3,0.0864,0.3783,0.0001,1000,5,512
191,-6.311154e-13,1301.7466,-2.788942,1.3172054,-0.91483843,0.80613744,-49.5959791297538,-53.77727440977762,1560.0,200000000000.0,206000000000.0,0.0124,0.024,0.00783,1.229,8.643,4.321,4e-26,0.3,0.0864,0.3783,0.0001,1000,5,512
192,-6.2133073e-13,1300.6194,-2.7887547,1.034627,-0.9009129,0.8506618,-46.80505258204322,-52.099584978154226,1560.0,200000000000.0,206000000000.0,0.0124,0.024,0.00783,1.229,8.643,4.321,4e-26,0.3,0.0864,0.3783,0.0001,1000,5,512
193,-6.11546e-13,1299.494,-2.6308105,0.9462235,-0.90652615,0.87626624,-46.79653217953823,-62.16556634954388,1560.0,200000000000.0,206000000000.0,0.0124,0.024,0.00783,1.229,8.643,4.321,4e-26,0.3,0.0864,0.3783,0.0001,1000,5,512
194,-6.017613e-13,1298.3705,-2.4323573,1.0790567,-0.9953038,0.9066674,-48.61129308465544,-66.92961801348812,1560.0,200000000000.0,206000000000.0,0.0124,0.024,0.00783,1.229,8.643,4.321,4e-26,0.3,0.0864,0.3783,0.0001,1000,5,512
195,-5.919766e-13,1297.2491,-2.3093095,1.3123844,-1.1418078,0.8990831,-44.43836391520503,-65.4938731631686,1560.0,200000000000.0,206000000000.0,0.0124,0.024,0.00783,1.229,8.643,4.321,4e-26,0.3,0.0864,0.3783,0.0001,1000,5,512
196,-5.821919e-13,1296.1296,-2.238705,1.5159813,-1.2695469,0.81466985,-56.98151640180296,-58.98297286543101,1560.0,200000000000.0,206000000000.0,0.0124,0.024,0.00783,1.229,8.643,4.321,4e-26,0.3,0.0864,0.3783,0.0001,1000,5,512
197,-5.7240703e-13,1295.012,-2.1470912,1.690322,-1.3373513,0.68555903,-62.05776499211409,-54.55069840650316,1560.0,200000000000.0,206000000000.0,0.0124,0.024,0.00783,1.229,8.643,4.321,4e-26,0.3,0.0864,0.3783,0.0001,1000,5,512
198,-5.626222e-13,1293.8962,-2.0508342,1.928207,-1.3349727,0.5836118,-55.97481058444744,-70.01587735020246,1560.0,200000000000.0,206000000000.0,0.0124,0.024,0.00783,1.229,8.643,4.321,4e-26,0.3,0.0864,0.3783,0.0001,1000,5,512
199,-5.528375e-13,1292.7826,-2.0546672,2.2320023,-1.2870367,0.514559,-53.045791455641606,-66.95406790129374,1560.0,200000000000.0,206000000000.0,0.0124,0.024,0.00783,1.229,8.643,4.321,4e-26,0.3,0.0864,0.3783,0.0001,1000,5,512
200,-5.430528e-13,1291.6708,-2.202564,2.4726565,-1.2495689,0.45156088,-50.58331442889185,-71.33364761870085,1560.0,200000000000.0,206000000000.0,0.0124,0.024,0.00783,1.229,8.643,4.321,4e-26,0.3,0.0864,0.3783,0.0001,1000,5,512
201,-5.3326815e-13,1290.5608,-2.396343,2.5218074,-1.2223368,0.3924998,-52.26551359854405,-56.095886535177385,1560.0,200000000000.0,206000000000.0,0.0124,0.024,0.00783,1.229,8.643,4.321,4e-26,0.3,0.0864,0.3783,0.0001,1000,5,512
202,-5.2348344e-13,1289.4529,-2.5189137,2.3898616,-1.1535399,0.3644229,-48.90364205670737,-77.24165637835738,1560.0,200000000000.0,206000000000.0,0.0124,0.024,0.00783,1.229,8.643,4.321,4e-26,0.3,0.0864,0.3783,0.0001,1000,5,512
203,-5.1369873e-13,1288.3468,-2.5652323,2.1966274,-1.0375562,0.42057618,-52.38115539231869,-54.53977526963344,1560.0,200000000000.0,206000000000.0,0.0124,0.024,0.00783,1.229,8.643,4.321,4e-26,0.3,0.0864,0.3783,0.0001,1000,5,512
204,-5.0391386e-13,1287.2424,-2.6174364,2.0096192,-0.9394974,0.56752485,-52.184488198040555,-55.366890432710974,1560.0,200000000000.0,206000000000.0,0.0124,0.024,0.00783,1.229,8.643,4.321,4e-26,0.3,0.0864,0.3783,0.0001,1000,5,512
205,-4.9412915e-13,1286.1403,-2.7286465,1.7990373,-0.91590154,0.7327866,-54.55167385498561,-53.25756799294099,1560.0,200000000000.0,206000000000.0,0.0124,0.024,0.00783,1.229,8.643,4.321,4e-26,0.3,0.0864,0.3783,0.0001,1000,5,512
206,-4.8434434e-13,1285.0397,-2.8402288,1.5277741,-0.93890965,0.8337987,-54.415126058278275,-53.995645723039146,1560.0,200000000000.0,206000000000.0,0.0124,0.024,0.00783,1.229,8.643,4.321,4e-26,0.3,0.0864,0.3783,0.0001,1000,5,512
207,-4.7455963e-13,1283.9412,-2.8236344,1.2591299,-0.9442869,0.8676759,-54.8764765915852,-56.81157660152667,1560.0,200000000000.0,206000000000.0,0.0124,0.024,0.00783,1.229,8.643,4.321,4e-26,0.3,0.0864,0.3783,0.0001,1000,5,512
208,-4.647749e-13,1282.8445,-2.6387837,1.1216851,-0.96778846,0.87902,-53.66826782726807,-51.17124567873023,1560.0,200000000000.0,206000000000.0,0.0124,0.024,0.00783,1.229,8.643,4.321,4e-26,0.3,0.0864,0.3783,0.0001,1000,5,512
209,-4.549902e-13,1281.7496,-2.3961506,1.18478,-1.0463307,0.9144983,-52.84852859423273,-54.67068309450181,1560.0,200000000000.0,206000000000.0,0.0124,0.024,0.00783,1.229,8.643,4.321,4e-26,0.3,0.0864,0.3783,0.0001,1000,5,512
210,-4.4520553e-13,1280.6567,-2.2465892,1.3764985,-1.1716012,0.9313477,-57.1456118856774,-51.26082844418087,1560.0,200000000000.0,206000000000.0,0.0124,0.024,0.00783,1.229,8.643,4.321,4e-26,0.3,0.0864,0.3783,0.0001,1000,5,512
211,-4.3542082e-13,1279.5657,-2.2157304,1.5582128,-1.2887839,0.877196,-59.54289602742149,-47.19328486447942,1560.0,200000000000.0,206000000000.0,0.0124,0.024,0.00783,1.229,8.643,4.321,4e-26,0.3,0.0864,0.3783,0.0001,1000,5,512
212,-4.2563614e-13,1278.4764,-2.2082105,1.7067084,-1.3568776,0.7603307,-49.141857161321184,-54.29195257096305,1560.0,200000000000.0,206000000000.0,0.0124,0.024,0.00783,1.229,8.643,4.321,4e-26,0.3,0.0864,0.3783,0.0001,1000,5,512
213,-4.1585127e-13,1277.389,-2.1726778,1.9014554,-1.3520408,0.6417898,-57.19783812241644,-53.53385660645773,1560.0,200000000000.0,206000000000.0,0.0124,0.024,0.00783,1.229,8.643,4.321,4e-26,0.3,0.0864,0.3783,0.0001,1000,5,512
214,-4.0606646e-13,1276.3035,-2.176515,2.1873543,-1.2933185,0.55472493,-52.947229513557886,-55.50607660613838,1560.0,200000000000.0,206000000000.0,0.0124,0.024,0.00783,1.229,8.643,4.321,4e-26,0.3,0.0864,0.3783,0.0001,1000,5,512
215,-3.9628178e-13,1275.22,-2.291465,2.460071,-1.2490345,0.49708745,-54.00796911470735,-52.11045890384021,1560.0,200000000000.0,206000000000.0,0.0124,0.024,0.00783,1.229,8.643,4.321,4e-26,0.3,0.0864,0.3783,0.0001,1000,5,512
216,-3.8649707e-13,1274.138,-2.4830024,2.5673292,-1.2291417,0.45606902,-56.091810229874355,-65.68358687309002,1560.0,200000000000.0,206000000000.0,0.0124,0.024,0.00783,1.229,8.643,4.321,4e-26,0.3,0.0864,0.3783,0.0001,1000,5,512
217,-3.7671236e-13,1273.0581,-2.6514974,2.4712586,-1.1808308,0.4384637,-64.84836068954888,-69.2049087003344,1560.0,200000000000.0,206000000000.0,0.0124,0.024,0.00783,1.229,8.643,4.321,4e-26,0.3,0.0864,0.3783,0.0001,1000,5,512
218,-3.6692765e-13,1271.9799,-2.7438943,2.2734628,-1.0733277,0.4791233,-50.22972856830822,-55.96655151766653,1560.0,200000000000.0,206000000000.0,0.0124,0.024,0.00783,1.229,8.643,4.321,4e-26,0.3,0.0864,0.3783,0.0001,1000,5,512
219,-3.5714294e-13,1270.9034,-2.790827,2.0805678,-0.9644897,0.6006732,-66.33431267508955,-52.726065957475384,1560.0,200000000000.0,206000000000.0,0.0124,0.024,0.00783,1.229,8.643,4.321,4e-26,0.3,0.0864,0.3783,0.0001,1000,5,512
220,-3.473581e-13,1269.8289,-2.8542702,1.9082826,-0.9231609,0.751545,-52.9473724597122,-55.88641452566489,1560.0,200000000000.0,206000000000.0,0.0124,0.024,0.00783,1.229,8.643,4.321,4e-26,0.3,0.0864,0.3783,0.0001,1000,5,512
221,-3.375734e-13,1268.7562,-2.9164536,1.7039957,-0.9462424,0.8535965,-57.57891225594493,-62.117423782474475,1560.0,200000000000.0,206000000000.0,0.0124,0.024,0.00783,1.229,8.643,4.321,4e-26,0.3,0.0864,0.3783,0.0001,1000,5,512
222,-3.2778858e-13,1267.6853,-2.8789117,1.476088,-0.9803612,0.8849386,-58.9963550343798,-49.54707080286944,1560.0,200000000000.0,206000000000.0,0.0124,0.024,0.00783,1.229,8.643,4.321,4e-26,0.3,0.0864,0.3783,0.0001,1000,5,512
223,-3.1800387e-13,1266.6162,-2.6821961,1.3152996,-1.0239502,0.8894304,-53.52295323140163,-54.0879532960825,1560.0,200000000000.0,206000000000.0,0.0124,0.024,0.00783,1.229,8.643,4.321,4e-26,0.3,0.0864,0.3783,0.0001,1000,5,512
224,-3.082192e-13,1265.549,-2.4105444,1.3171767,-1.096978,0.91983354,-53.903795874892765,-55.45621954001828,1560.0,200000000000.0,206000000000.0,0.0124,0.024,0.00783,1.229,8.643,4.321,4e-26,0.3,0.0864,0.3783,0.0001,1000,5,512
225,-2.9843448e-13,1264.4834,-2.234293,1.4619673,-1.1980993,0.95185196,-58.69849706551389,-55.774552305470905,1560.0,200000000000.0,206000000000.0,0.0124,0.024,0.00783,1.229,8.643,4.321,4e-26,0.3,0.0864,0.3783,0.0001,1000,5,512
226,-2.8864977e-13,1263.4197,-2.2065692,1.6364336,-1.2982805,0.9205548,-59.22631978085313,-53.09354385930119,1560.0,200000000000.0,206000000000.0,0.0124,0.024,0.00783,1.229,8.643,4.321,4e-26,0.3,0.0864,0.3783,0.0001,1000,5,512
227,-2.7886507e-13,1262.3578,-2.2413068,1.7749454,-1.3672798,0.8139634,-61.089157414823475,-54.238893975302744,1560.0,200000000000.0,206000000000.0,0.0124,0.024,0.00783,1.229,8.643,4.321,4e-26,0.3,0.0864,0.3783,0.0001,1000,5,512
228,-2.6908036e-13,1261.2977,-2.2432008,1.9357629,-1.3716998,0.68664753,-55.23678905630817,-47.63526697462309,1560.0,200000000000.0,206000000000.0,0.0124,0.024,0.00783,1.229,8.643,4.321,4e-26,0.3,0.0864,0.3783,0.0001,1000,5,512
229,-2.592954e-13,1260.2393,-2.2412374,2.1783364,-1.3122104,0.58984447,-60.35746783707482,-62.553850931021145,1560.0,200000000000.0,206000000000.0,0.0124,0.024,0.00783,1.229,8.643,4.321,4e-26,0.3,0.0864,0.3783,0.0001,1000,5,512
230,-2.495107e-13,1259.1827,-2.3283002,2.4369447,-1.2565503,0.5347519,-55.942284462308976,-55.630315270260155,1560.0,200000000000.0,206000000000.0,0.0124,0.024,0.00783,1.229,8.643,4.321,4e-26,0.3,0.0864,0.3783,0.0001,1000,5,512
231,-2.39726e-13,1258.1279,-2.5201702,2.566911,-1.2390283,0.5183012,-69.8847286337313,-62.67870447816935,1560.0,200000000000.0,206000000000.0,0.0124,0.024,0.00783,1.229,8.643,4.321,4e-26,0.3,0.0864,0.3783,0.0001,1000,5,512
232,-2.2994128e-13,1257.0748,-2.7389305,2.497014,-1.201043,0.52027285,-56.90669597920815,-52.03136890783071,1560.0,200000000000.0,206000000000.0,0.0124,0.024,0.00783,1.229,8.643,4.321,4e-26,0.3,0.0864,0.3783,0.0001,1000,5,512
233,-2.2015659e-13,1256.0236,-2.8954868,2.302287,-1.1012278,0.5463985,-59.54509216035777,-52.56277890336318,1560.0,200000000000.0,206000000000.0,0.0124,0.024,0.00783,1.229,8.643,4.321,4e-26,0.3,0.0864,0.3783,0.0001,1000,5,512
234,-2.103719e-13,1254.9741,-2.9617183,2.1084871,-0.9828171,0.6373779,-54.88617184517807,-50.760040530847235,1560.0,200000000000.0,206000000000.0,0.0124,0.024,0.00783,1.229,8.643,4.321,4e-26,0.3,0.0864,0.3783,0.0001,1000,5,512
235,-2.0058719e-13,1253.9263,-2.9894447,1.9667839,-0.9281119,0.7674751,-55.46863967706864,-55.6376861854846,1560.0,200000000000.0,206000000000.0,0.0124,0.024,0.00783,1.229,8.643,4.321,4e-26,0.3,0.0864,0.3783,0.0001,1000,5,512
236,-1.9080233e-13,1252.8804,-3.004913,1.8313899,-0.9486591,0.86733603,-55.423235142922934,-58.73677767199976,1560.0,200000000000.0,206000000000.0,0.0124,0.024,0.00783,1.229,8.643,4.321,4e-26,0.3,0.0864,0.3783,0.0001,1000,5,512
237,-1.8101753e-13,1251.836,-2.9494042,1.6620392,-1.0106193,0.9034027,-66.47325275088238,-63.00874345172977,1560.0,200000000000.0,206000000000.0,0.0124,0.024,0.00783,1.229,8.643,4.321,4e-26,0.3,0.0864,0.3783,0.0001,1000,5,512
238,-1.7123282e-13,1250.7933,-2.7612064,1.504461,-1.0742885,0.91056836,-54.55276836713287,-62.024798721283574,1560.0,200000000000.0,206000000000.0,0.0124,0.024,0.00783,1.229,8.643,4.321,4e-26,0.3,0.0864,0.3783,0.0001,1000,5,512
239,-1.6144811e-13,1249.7526,-2.4854383,1.4599301,-1.1462066,0.93370736,-53.58368771465959,-72.35311063787466,1560.0,200000000000.0,206000000000.0,0.0124,0.024,0.00783,1.229,8.643,4.321,4e-26,0.3,0.0864,0.3783,0.0001,1000,5,512
240,-1.5166342e-13,1248.7136,-2.2800899,1.5659094,-1.2231328,0.9661026,-54.34369383014159,-53.27771715815555,1560.0,200000000000.0,206000000000.0,0.0124,0.024,0.00783,1.229,8.643,4.321,4e-26,0.3,0.0864,0.3783,0.0001,1000,5,512
241,-1.4187871e-13,1247.6763,-2.2252858,1.7358377,-1.3028041,0.9457215,-53.90844486302471,-53.118916840995354,1560.0,200000000000.0,206000000000.0,0.0124,0.024,0.00783,1.229,8.643,4.321,4e-26,0.3,0.0864,0.3783,0.0001,1000,5,512
242,-1.32094e-13,1246.6406,-2.257898,1.8832333,-1.3740453,0.8515919,-53.48927951695072,-48.58170863954173,1560.0,200000000000.0,206000000000.0,0.0124,0.024,0.00783,1.229,8.643,4.321,4e-26,0.3,0.0864,0.3783,0.0001,1000,5,512
243,-1.2230931e-13,1245.6067,-2.2731843,2.0207975,-1.3942748,0.72231776,-57.24375124449563,-53.60861833978538,1560.0,200000000000.0,206000000000.0,0.0124,0.024,0.00783,1.229,8.643,4.321,4e-26,0.3,0.0864,0.3783,0.0001,1000,5,512
244,-1.125246e-13,1244.5745,-2.2728977,2.2085865,-1.3434175,0.61728495,-53.80332589126979,-61.01412141706193,1560.0,200000000000.0,206000000000.0,0.0124,0.024,0.00783,1.229,8.643,4.321,4e-26,0.3,0.0864,0.3783,0.0001,1000,5,512
245,-1.0273964e-13,1243.544,-2.3398287,2.4233553,-1.2797348,0.57072103,-58.450934669439164,-59.10236271132433,1560.0,200000000000.0,206000000000.0,0.0124,0.024,0.00783,1.229,8.643,4.321,4e-26,0.3,0.0864,0.3783,0.0001,1000,5,512
246,-9.2954934e-14,1242.5151,-2.5321112,2.5458822,-1.2528895,0.576153,-66.67751579906746,-55.30702793819256,1560.0,200000000000.0,206000000000.0,0.0124,0.024,0.00783,1.229,8.643,4.321,4e-26,0.3,0.0864,0.3783,0.0001,1000,5,512
247,-8.317023e-14,1241.4882,-2.7949903,2.4921725,-1.2163514,0.5961316,-63.78936319030964,-63.57248552357558,1560.0,200000000000.0,206000000000.0,0.0124,0.024,0.00783,1.229,8.643,4.321,4e-26,0.3,0.0864,0.3783,0.0001,1000,5,512
248,-7.338553e-14,1240.4626,-3.01117,2.3089895,-1.1223884,0.61651397,-58.43280770686421,-50.512581655437586,1560.0,200000000000.0,206000000000.0,0.0124,0.024,0.00783,1.229,8.643,4.321,4e-26,0.3,0.0864,0.3783,0.0001,1000,5,512
249,-6.360083e-14,1239.4391,-3.1044369,2.1186054,-1.0048307,0.6772223,-63.03470331708077,-52.8676283134231,1560.0,200000000000.0,206000000000.0,0.0124,0.024,0.00783,1.229,8.643,4.321,4e-26,0.3,0.0864,0.3783,0.0001,1000,5,512
250,-5.3816123e-14,1238.417,-3.1079724,1.9991761,-0.9382372,0.7812745,-68.2393843945627,-60.170419901130714,1560.0,200000000000.0,206000000000.0,0.0124,0.024,0.00783,1.229,8.643,4.321,4e-26,0.3,0.0864,0.3783,0.0001,1000,5,512
251,-4.4031422e-14,1237.3966,-3.0805628,1.9153014,-0.9599433,0.8819576,-55.02123942275914,-58.75365060678929,1560.0,200000000000.0,206000000000.0,0.0124,0.024,0.00783,1.229,8.643,4.321,4e-26,0.3,0.0864,0.3783,0.0001,1000,5,512
252,-3.424657e-14,1236.3782,-3.0150135,1.7997488,-1.0322137,0.93038857,-58.553322371390635,-54.60625249435435,1560.0,200000000000.0,206000000000.0,0.0124,0.024,0.00783,1.229,8.643,4.321,4e-26,0.3,0.0864,0.3783,0.0001,1000,5,512
253,-2.4461758e-14,1235.3611,-2.8518307,1.6554052,-1.11531,0.9430775,-60.09923055404218,-58.86288557333555,1560.0,200000000000.0,206000000000.0,0.0124,0.024,0.00783,1.229,8.643,4.321,4e-26,0.3,0.0864,0.3783,0.0001,1000,5,512
254,-1.4677055e-14,1234.3457,-2.5993116,1.5870591,-1.1851934,0.95617634,-52.11719311987734,-48.229767510653346,1560.0,200000000000.0,206000000000.0,0.0124,0.024,0.00783,1.229,8.643,4.321,4e-26,0.3,0.0864,0.3783,0.0001,1000,5,512
255,-4.8923513e-15,1233.3323,-2.3732321,1.6625526,-1.2388585,0.9731369,-64.12490152737318,-56.53653418512505,1560.0,200000000000.0,206000000000.0,0.0124,0.024,0.00783,1.229,8.643,4.321,4e-26,0.3,0.0864,0.3783,0.0001,1000,5,512
256,4.8923513e-15,2125.0647,-2.2756274,1.8415467,-1.2995366,0.95002854,-52.695650209625725,-54.73062154418116,1560.0,200000000000.0,206000000000.0,0.0124,0.024,0.00783,1.229,8.643,4.321,4e-26,0.3,0.0864,0.3783,0.0001,1000,5,512
257,1.4677055e-14,2122.062,-2.2812538,2.0116804,-1.3739748,0.86684316,-61.28790183470363,-48.23311079118989,1560.0,200000000000.0,206000000000.0,0.0124,0.024,0.00783,1.229,8.643,4.321,4e-26,0.3,0.0864,0.3783,0.0001,1000,5,512
258,2.4461758e-14,2119.068,-2.2970994,2.1469133,-1.4107914,0.7482242,-62.611392224752905,-58.18239398687234,1560.0,200000000000.0,206000000000.0,0.0124,0.024,0.00783,1.229,8.643,4.321,4e-26,0.3,0.0864,0.3783,0.0001,1000,5,512
259,3.4246535e-14,2116.0825,-2.3006146,2.2841218,-1.3758099,0.64354455,-55.13120274977531,-62.27938671218939,1560.0,200000000000.0,206000000000.0,0.0124,0.024,0.00783,1.229,8.643,4.321,4e-26,0.3,0.0864,0.3783,0.0001,1000,5,512
260,4.4031348e-14,2113.105,-2.358204,2.433237,-1.311934,0.6012035,-53.36167483348717,-60.70901000891972,1560.0,200000000000.0,206000000000.0,0.0124,0.024,0.00783,1.229,8.643,4.321,4e-26,0.3,0.0864,0.3783,0.0001,1000,5,512
261,5.381605e-14,2110.1365,-2.5444293,2.5290284,-1.2678192,0.62479395,-52.6484406540642,-48.04748774405469,1560.0,200000000000.0,206000000000.0,0.0124,0.024,0.00783,1.229,8.643,4.321,4e-26,0.3,0.0864,0.3783,0.0001,1000,5,512
262,6.360083e-14,2107.1758,-2.8236299,2.4852662,-1.2240262,0.66000944,-53.133022679222336,-47.83499976130534,1560.0,200000000000.0,206000000000.0,0.0124,0.024,0.00783,1.229,8.643,4.321,4e-26,0.3,0.0864,0.3783,0.0001,1000,5,512
263,7.338553e-14,2104.2234,-3.075779,2.3213704,-1.135978,0.6800053,-57.41479245570403,-57.13776680812714,1560.0,200000000000.0,206000000000.0,0.0124,0.024,0.00783,1.229,8.643,4.321,4e-26,0.3,0.0864,0.3783,0.0001,1000,5,512
264,8.317023e-14,2101.2795,-3.1929953,2.134658,-1.0286058,0.7147258,-56.58791049641562,-51.55375391269726,1560.0,200000000000.0,206000000000.0,0.0124,0.024,0.00783,1.229,8.643,4.321,4e-26,0.3,0.0864,0.3783,0.0001,1000,5,512
265,9.2954934e-14,2098.3438,-3.182424,2.0145292,-0.9601643,0.8006708,-64.50118296014645,-54.72101908463142,1560.0,200000000000.0,206000000000.0,0.0124,0.024,0.00783,1.229,8.643,4.321,4e-26,0.3,0.0864,0.3783,0.0001,1000,5,512
266,1.0273964e-13,2095.416,-3.1285348,1.9549363,-0.975743,0.89632636,-56.63362288280949,-62.375425774191825,1560.0,200000000000.0,206000000000.0,0.0124,0.024,0.00783,1.229,8.643,4.321,4e-26,0.3,0.0864,0.3783,0.0001,1000,5,512
267,1.1252442e-13,2092.4968,-3.0666745,1.8789084,-1.0504557,0.9629491,-50.536499472455944,-61.92075429326111,1560.0,200000000000.0,206000000000.0,0.0124,0.024,0.00783,1.229,8.643,4.321,4e-26,0.3,0.0864,0.3783,0.0001,1000,5,512
268,1.2230923e-13,2089.5854,-2.9415627,1.7582957,-1.1418678,0.9824083,-52.60165275350964,-51.62052630410028,1560.0,200000000000.0,206000000000.0,0.0124,0.024,0.00783,1.229,8.643,4.321,4e-26,0.3,0.0864,0.3783,0.0001,1000,5,512
269,1.3209393e-13,2086.6821,-2.7310452,1.6828244,-1.2132552,0.98359364,-56.52410156489894,-49.677340505977114,1560.0,200000000000.0,206000000000.0,0.0124,0.024,0.00783,1.229,8.643,4.321,4e-26,0.3,0.0864,0.3783,0.0001,1000,5,512
270,1.4187871e-13,2083.7866,-2.5021663,1.7477151,-1.2503574,0.9769556,-54.15072822736563,-65.93828085918295,1560.0,200000000000.0,206000000000.0,0.0124,0.024,0.00783,1.229,8.643,4.321,4e-26,0.3,0.0864,0.3783,0.0001,1000,5,512
271,1.5166342e-13,2080.8997,-2.359303,1.9413491,-1.293632,0.9455332,-60.768791563110995,-57.95258796330876,1560.0,200000000000.0,206000000000.0,0.0124,0.024,0.00783,1.229,8.643,4.321,4e-26,0.3,0.0864,0.3783,0.0001,1000,5,512
272,1.6144811e-13,2078.0208,-2.3228498,2.147205,-1.3701442,0.8729801,-58.083231236320444,-56.80903710018595,1560.0,200000000000.0,206000000000.0,0.0124,0.024,0.00783,1.229,8.643,4.321,4e-26,0.3,0.0864,0.3783,0.0001,1000,5,512
273,1.7123282e-13,2075.1497,-2.3316474,2.2886844,-1.4281844,0.771469,-55.216167293361536,-60.83697412079687,1560.0,200000000000.0,206000000000.0,0.0124,0.024,0.00783,1.229,8.643,4.321,4e-26,0.3,0.0864,0.3783,0.0001,1000,5,512
274,1.8101753e-13,2072.2864,-2.3472497,2.3834858,-1.4112383,0.6739545,-56.16223890227053,-49.37003224951687,1560.0,200000000000.0,206000000000.0,0.0124,0.024,0.00783,1.229,8.643,4.321,4e-26,0.3,0.0864,0.3783,0.0001,1000,5,512
275,1.908023e-13,2069.431,-2.4039392,2.469199,-1.3455002,0.63611144,-68.67273987122864,-68.05236770710195,1560.0,200000000000.0,206000000000.0,0.0124,0.024,0.00783,1.229,8.643,4.321,4e-26,0.3,0.0864,0.3783,0.0001,1000,5,512
276,2.005871e-13,2066.5833,-2.5718653,2.526687,-1.2840191,0.6640665,-57.01686713309101,-59.29406262097062,1560.0,200000000000.0,206000000000.0,0.0124,0.024,0.00783,1.229,8.643,4.321,4e-26,0.3,0.0864,0.3783,0.0001,1000,5,512
277,2.1037181e-13,2063.7437,-2.8397183,2.4929533,-1.2257766,0.7117563,-61.35224754764728,-56.573222935217245,1560.0,200000000000.0,206000000000.0,0.0124,0.024,0.00783,1.229,8.643,4.321,4e-26,0.3,0.0864,0.3783,0.0001,1000,5,512
278,2.2015659e-13,2060.9119,-3.1003995,2.351813,-1.1434195,0.7287535,-74.94007948416856,-54.41362844881546,1560.0,200000000000.0,206000000000.0,0.0124,0.024,0.00783,1.229,8.643,4.321,4e-26,0.3,0.0864,0.3783,0.0001,1000,5,512
279,2.2994128e-13,2058.088,-3.2288208,2.168944,-1.0562707,0.75003976,-56.80938770266485,-65.06469408824402,1560.0,200000000000.0,206000000000.0,0.0124,0.024,0.00783,1.229,8.643,4.321,4e-26,0.3,0.0864,0.3783,0.0001,1000,5,512
280,2.39726e-13,2055.2712,-3.218308,2.034149,-0.99581677,0.81858075,-67.4383309627213,-50.353100027103764,1560.0,200000000000.0,206000000000.0,0.0124,0.024,0.00783,1.229,8.643,4.321,4e-26,0.3,0.0864,0.3783,0.0001,1000,5,512
281,2.495107e-13,2052.4626,-3.1536539,1.9690871,-1.0025909,0.9171409,-62.418859113788315,-47.95783462964992,1560.0,200000000000.0,206000000000.0,0.0124,0.024,0.00783,1.229,8.643,4.321,4e-26,0.3,0.0864,0.3783,0.0001,1000,5,512
282,2.592954e-13,2049.6614,-3.0990224,1.9135838,-1.0685225,0.99746525,-57.699745037049325,-51.21884447518505,1560.0,200000000000.0,206000000000.0,0.0124,0.024,0.00783,1.229,8.643,4.321,4e-26,0.3,0.0864,0.3783,0.0001,1000,5,512
283,2.690802e-13,2046.8683,-3.0186727,1.8199317,-1.1606612,1.0246279,-53.18713606549002,-54.93396737584709,1560.0,200000000000.0,206000000000.0,0.0124,0.024,0.00783,1.229,8.643,4.321,4e-26,0.3,0.0864,0.3783,0.0001,1000,5,512
284,2.7886498e-13,2044.0823,-2.854996,1.754966,-1.2311435,1.013877,-57.590613630656705,-55.299292228598034,1560.0,200000000000.0,206000000000.0,0.0124,0.024,0.00783,1.229,8.643,4.321,4e-26,0.3,0.0864,0.3783,0.0001,1000,5,512
285,2.886497e-13,2041.304,-2.6383657,1.8199111,-1.2615324,0.9818079,-51.204573353061534,-57.31424413400147,1560.0,200000000000.0,206000000000.0,0.0124,0.024,0.00783,1.229,8.643,4.321,4e-26,0.3,0.0864,0.3783,0.0001,1000,5,512
286,2.9843448e-13,2038.5334,-2.4611747,2.0243006,-1.2955083,0.9369375,-53.51524465858249,-52.24350718367549,1560.0,200000000000.0,206000000000.0,0.0124,0.024,0.00783,1.229,8.643,4.321,4e-26,0.3,0.0864,0.3783,0.0001,1000,5,512
287,3.082192e-13,2035.7701,-2.381288,2.2591262,-1.3706104,0.8761028,-60.1774922346718,-66.45453068034405,1560.0,200000000000.0,206000000000.0,0.0124,0.024,0.00783,1.229,8.643,4.321,4e-26,0.3,0.0864,0.3783,0.0001,1000,5,512
288,3.1800387e-13,2033.0144,-2.381427,2.4157467,-1.4445207,0.7963306,-53.48716611860087,-59.87492702092726,1560.0,200000000000.0,206000000000.0,0.0124,0.024,0.00783,1.229,8.643,4.321,4e-26,0.3,0.0864,0.3783,0.0001,1000,5,512
289,3.2778858e-13,2030.2664,-2.4151385,2.4872365,-1.4382044,0.70903444,-54.2653969620153,-53.52256563303841,1560.0,200000000000.0,206000000000.0,0.0124,0.024,0.00783,1.229,8.643,4.321,4e-26,0.3,0.0864,0.3783,0.0001,1000,5,512
290,3.3757329e-13,2027.5256,-2.4845912,2.521387,-1.3720653,0.66776973,-55.9723459776406,-60.64401723146349,1560.0,200000000000.0,206000000000.0,0.0124,0.024,0.00783,1.229,8.643,4.321,4e-26,0.3,0.0864,0.3783,0.0001,1000,5,512
291,3.4735818e-13,2024.7919,-2.629024,2.5449798,-1.296487,0.6935541,-57.65947452854752,-57.161755514377646,1560.0,200000000000.0,206000000000.0,0.0124,0.024,0.00783,1.229,8.643,4.321,4e-26,0.3,0.0864,0.3783,0.0001,1000,5,512
292,3.5714286e-13,2022.0662,-2.8624415,2.5174842,-1.2245052,0.7425466,-53.60944096725346,-53.30153418896492,1560.0,200000000000.0,206000000000.0,0.0124,0.024,0.00783,1.229,8.643,4.321,4e-26,0.3,0.0864,0.3783,0.0001,1000,5,512
293,3.6692757e-13,2019.3472,-3.1055567,2.4038756,-1.1550776,0.7643513,-54.43544376523863,-53.325232458226296,1560.0,200000000000.0,206000000000.0,0.0124,0.024,0.00783,1.229,8.643,4.321,4e-26,0.3,0.0864,0.3783,0.0001,1000,5,512
294,3.7671236e-13,2016.6357,-3.2390203,2.225784,-1.0886278,0.78240705,-57.4762699159085,-51.5404042243577,1560.0,200000000000.0,206000000000.0,0.0124,0.024,0.00783,1.229,8.643,4.321,4e-26,0.3,0.0864,0.3783,0.0001,1000,5,512
295,3.8649707e-13,2013.9316,-3.2334404,2.0653436,-1.0403516,0.8430453,-58.73496595397771,-55.4497662174561,1560.0,200000000000.0,206000000000.0,0.0124,0.024,0.00783,1.229,8.643,4.321,4e-26,0.3,0.0864,0.3783,0.0001,1000,5,512
296,3.9628178e-13,2011.2347,-3.1664855,1.975517,-1.0374451,0.93662155,-55.36233317029715,-53.54760475396631,1560.0,200000000000.0,206000000000.0,0.0124,0.024,0.00783,1.229,8.643,4.321,4e-26,0.3,0.0864,0.3783,0.0001,1000,5,512
297,4.0606646e-13,2008.5449,-3.1188104,1.9232004,-1.0887315,1.0273734,-52.695893823213765,-57.52207723878453,1560.0,200000000000.0,206000000000.0,0.0124,0.024,0.00783,1.229,8.643,4.321,4e-26,0.3,0.0864,0.3783,0.0001,1000,5,512
298,4.1585116e-13,2005.8625,-3.069315,1.8608117,-1.1720071,1.0630467,-55.735888670547794,-59.66572458433497,1560.0,200000000000.0,206000000000.0,0.0124,0.024,0.00783,1.229,8.643,4.321,4e-26,0.3,0.0864,0.3783,0.0001,1000,5,512
299,4.2563606e-13,2003.1871,-2.949362,1.8163338,-1.242365,1.0433749,-64.37571520492216,-53.99303113235767,1560.0,200000000000.0,206000000000.0,0.0124,0.024,0.00783,1.229,8.643,4.321,4e-26,0.3,0.0864,0.3783,0.0001,1000,5,512
300,4.3542077e-13,2000.5189,-2.752633,1.8832852,-1.2756523,0.9884669,-50.113753903592965,-55.84764064619026,1560.0,200000000000.0,206000000000.0,0.0124,0.024,0.00783,1.229,8.643,4.321,4e-26,0.3,0.0864,0.3783,0.0001,1000,5,512
301,4.4520545e-13,1997.8577,-2.5542772,2.0913658,-1.3039984,0.928593,-50.0716334215966,-48.74435665797053,1560.0,200000000000.0,206000000000.0,0.0124,0.024,0.00783,1.229,8.643,4.321,4e-26,0.3,0.0864,0.3783,0.0001,1000,5,512
302,4.549902e-13,1995.2037,-2.4446347,2.33684,-1.3760298,0.8803458,-60.957284164028664,-62.22536099561985,1560.0,200000000000.0,206000000000.0,0.0124,0.024,0.00783,1.229,8.643,4.321,4e-26,0.3,0.0864,0.3783,0.0001,1000,5,512
303,4.647749e-13,1992.5566,-2.4449747,2.5101388,-1.450391,0.821401,-66.82706449002166,-57.18259124824401,1560.0,200000000000.0,206000000000.0,0.0124,0.024,0.00783,1.229,8.643,4.321,4e-26,0.3,0.0864,0.3783,0.0001,1000,5,512
304,4.7455963e-13,1989.9166,-2.506391,2.569914,-1.453158,0.7498394,-53.817905409512605,-56.343194473419146,1560.0,200000000000.0,206000000000.0,0.0124,0.024,0.00783,1.229,8.643,4.321,4e-26,0.3,0.0864,0.3783,0.0001,1000,5,512
305,4.8434434e-13,1987.2837,-2.591755,2.5746515,-1.3871669,0.69918305,-68.067778853175,-55.06152363353415,1560.0,200000000000.0,206000000000.0,0.0124,0.024,0.00783,1.229,8.643,4.321,4e-26,0.3,0.0864,0.3783,0.0001,1000,5,512
306,4.9412904e-13,1984.6575,-2.715406,2.5736973,-1.302311,0.7115097,-62.51572341977335,-53.34485377168127,1560.0,200000000000.0,206000000000.0,0.0124,0.024,0.00783,1.229,8.643,4.321,4e-26,0.3,0.0864,0.3783,0.0001,1000,5,512
307,5.039139e-13,1982.0382,-2.9029074,2.5583563,-1.2242264,0.75910133,-54.41397375920755,-56.0404657072248,1560.0,200000000000.0,206000000000.0,0.0124,0.024,0.00783,1.229,8.643,4.321,4e-26,0.3,0.0864,0.3783,0.0001,1000,5,512
308,5.136986e-13,1979.4261,-3.1093206,2.4728663,-1.1642587,0.78848976,-54.061041422238986,-54.519967213253,1560.0,200000000000.0,206000000000.0,0.0124,0.024,0.00783,1.229,8.643,4.321,4e-26,0.3,0.0864,0.3783,0.0001,1000,5,512
309,5.2348333e-13,1976.8208,-3.2407775,2.3010805,-1.1218772,0.81230855,-59.21987245328019,-46.35034959380745,1560.0,200000000000.0,206000000000.0,0.0124,0.024,0.00783,1.229,8.643,4.321,4e-26,0.3,0.0864,0.3783,0.0001,1000,5,512
310,5.3326815e-13,1974.2222,-3.2480516,2.111661,-1.088275,0.87091774,-60.81822883311091,-49.996137106101514,1560.0,200000000000.0,206000000000.0,0.0124,0.024,0.00783,1.229,8.643,4.321,4e-26,0.3,0.0864,0.3783,0.0001,1000,5,512
311,5.430528e-13,1971.6306,-3.1874633,1.9853392,-1.0753618,0.959949,-56.89321741704609,-57.85352642182799,1560.0,200000000000.0,206000000000.0,0.0124,0.024,0.00783,1.229,8.643,4.321,4e-26,0.3,0.0864,0.3783,0.0001,1000,5,512
312,5.528375e-13,1969.0455,-3.1380827,1.927975,-1.1075776,1.0481793,-55.96533566268903,-58.37889532656298,1560.0,200000000000.0,206000000000.0,0.0124,0.024,0.00783,1.229,8.643,4.321,4e-26,0.3,0.0864,0.3783,0.0001,1000,5,512
313,5.626222e-13,1966.4674,-3.099747,1.8928328,-1.1768023,1.0892915,-62.78212121849934,-59.77966918033472,1560.0,200000000000.0,206000000000.0,0.0124,0.024,0.00783,1.229,8.643,4.321,4e-26,0.3,0.0864,0.3783,0.0001,1000,5,512
314,5.724069e-13,1963.8962,-3.006555,1.8770837,-1.2510267,1.0616388,-54.673841479344844,-56.54725202622883,1560.0,200000000000.0,206000000000.0,0.0124,0.024,0.00783,1.229,8.643,4.321,4e-26,0.3,0.0864,0.3783,0.0001,1000,5,512
315,5.8219185e-13,1961.3314,-2.8307703,1.9508613,-1.2932086,0.99404216,-57.020675598042345,-53.009699827085086,1560.0,200000000000.0,206000000000.0,0.0124,0.024,0.00783,1.229,8.643,4.321,4e-26,0.3,0.0864,0.3783,0.0001,1000,5,512
316,5.919765e-13,1958.7736,-2.6276417,2.1404548,-1.3211136,0.9279733,-62.67505809723518,-54.10521874741718,1560.0,200000000000.0,206000000000.0,0.0124,0.024,0.00783,1.229,8.643,4.321,4e-26,0.3,0.0864,0.3783,0.0001,1000,5,512
317,6.017612e-13,1956.2224,-2.5045507,2.3806145,-1.3853763,0.8886868,-55.482277381214885,-56.7789631217328,1560.0,200000000000.0,206000000000.0,0.0124,0.024,0.00783,1.229,8.643,4.321,4e-26,0.3,0.0864,0.3783,0.0001,1000,5,512
318,6.11546e-13,1953.6776,-2.513211,2.5611389,-1.4542999,0.8530338,-58.1957689242992,-57.477710695185635,1560.0,200000000000.0,206000000000.0,0.0124,0.024,0.00783,1.229,8.643,4.321,4e-26,0.3,0.0864,0.3783,0.0001,1000,5,512
319,6.2133073e-13,1951.1394,-2.608933,2.627477,-1.4611909,0.788297,-50.85335420785803,-68.17940177941244,1560.0,200000000000.0,206000000000.0,0.0124,0.024,0.00783,1.229,8.643,4.321,4e-26,0.3,0.0864,0.3783,0.0001,1000,5,512
320,6.311154e-13,1948.6079,-2.7153118,2.6204731,-1.3989512,0.73368376,-56.733232198591736,-59.6283559454867,1560.0,200000000000.0,206000000000.0,0.0124,0.024,0.00783,1.229,8.643,4.321,4e-26,0.3,0.0864,0.3783,0.0001,1000,5,512
321,6.409001e-13,1946.0831,-2.8233225,2.6072624,-1.3064967,0.7273989,-56.46177076748785,-49.090737415131315,1560.0,200000000000.0,206000000000.0,0.0124,0.024,0.00783,1.229,8.643,4.321,4e-26,0.3,0.0864,0.3783,0.0001,1000,5,512
322,6.506849e-13,1943.5647,-2.959477,2.5999231,-1.2272832,0.7670435,-59.199025694856346,-52.272893775277254,1560.0,200000000000.0,206000000000.0,0.0124,0.024,0.00783,1.229,8.643,4.321,4e-26,0.3,0.0864,0.3783,0.0001,1000,5,512
323,6.604697e-13,1941.0529,-3.1225274,2.537201,-1.1763939,0.80631316,-55.64282902297491,-55.161835691448005,1560.0,200000000000.0,206000000000.0,0.0124,0.024,0.00783,1.229,8.643,4.321,4e-26,0.3,0.0864,0.3783,0.0001,1000,5,512
324,6.702544e-13,1938.5475,-3.2456238,2.3786747,-1.1513679,0.84433717,-57.52974570082583,-60.21288995681866,1560.0,200000000000.0,206000000000.0,0.0124,0.024,0.00783,1.229,8.643,4.321,4e-26,0.3,0.0864,0.3783,0.0001,1000,5,512
325,6.800391e-13,1936.0485,-3.2710896,2.170395,-1.1350094,0.9022118,-48.178351708968194,-50.334396335611004,1560.0,200000000000.0,206000000000.0,0.0124,0.024,0.00783,1.229,8.643,4.321,4e-26,0.3,0.0864,0.3783,0.0001,1000,5,512
326,6.898239e-13,1933.5559,-3.22494,2.0095658,-1.1133624,0.98340446,-61.506652884046275,-59.43304481444953,1560.0,200000000000.0,206000000000.0,0.0124,0.024,0.00783,1.229,8.643,4.321,4e-26,0.3,0.0864,0.3783,0.0001,1000,5,512
327,6.996086e-13,1931.0698,-3.1687703,1.9411842,-1.1251698,1.0628725,-59.07704150516943,-58.18137978159784,1560.0,200000000000.0,206000000000.0,0.0124,0.024,0.00783,1.229,8.643,4.321,4e-26,0.3,0.0864,0.3783,0.0001,1000,5,512
328,7.093933e-13,1928.5901,-3.1202796,1.9314182,-1.1833057,1.1005067,-68.3040278256818,-49.2898970043785,1560.0,200000000000.0,206000000000.0,0.0124,0.024,0.00783,1.229,8.643,4.321,4e-26,0.3,0.0864,0.3783,0.0001,1000,5,512
329,7.1917797e-13,1926.117,-3.0347366,1.9474787,-1.2631136,1.0728161,-51.401180777170964,-52.28301151092785,1560.0,200000000000.0,206000000000.0,0.0124,0.024,0.00783,1.229,8.643,4.321,4e-26,0.3,0.0864,0.3783,0.0001,1000,5,512
330,7.289628e-13,1923.6499,-2.8789606,2.0211587,-1.3170699,0.99879295,-62.28747165182894,-49.88815723563414,1560.0,200000000000.0,206000000000.0,0.0124,0.024,0.00783,1.229,8.643,4.321,4e-26,0.3,0.0864,0.3783,0.0001,1000,5,512
331,7.387476e-13,1921.1891,-2.687159,2.1840203,-1.3501272,0.93168855,-55.51713312117349,-48.60355566111244,1560.0,200000000000.0,206000000000.0,0.0124,0.024,0.00783,1.229,8.643,4.321,4e-26,0.3,0.0864,0.3783,0.0001,1000,5,512
332,7.485323e-13,1918.7346,-2.5674152,2.4021368,-1.4014468,0.8996556,-51.48580263098847,-58.58929437827696,1560.0,200000000000.0,206000000000.0,0.0124,0.024,0.00783,1.229,8.643,4.321,4e-26,0.3,0.0864,0.3783,0.0001,1000,5,512
333,7.5831697e-13,1916.2867,-2.5822878,2.5804884,-1.4549382,0.87686634,-50.16657961152336,-46.73682371157548,1560.0,200000000000.0,206000000000.0,0.0124,0.024,0.00783,1.229,8.643,4.321,4e-26,0.3,0.0864,0.3783,0.0001,1000,5,512
334,7.681018e-13,1913.8447,-2.7019203,2.6610167,-1.4576235,0.8239711,-51.84683429419883,-51.91548740623713,1560.0,200000000000.0,206000000000.0,0.0124,0.024,0.00783,1.229,8.643,4.321,4e-26,0.3,0.0864,0.3783,0.0001,1000,5,512
335,7.778865e-13,1911.4088,-2.8344853,2.6564202,-1.4013586,0.7587814,-52.394366380209874,-58.43945860629246,1560.0,200000000000.0,206000000000.0,0.0124,0.024,0.00783,1.229,8.643,4.321,4e-26,0.3,0.0864,0.3783,0.0001,1000,5,512
336,7.876712e-13,1908.9796,-2.9315572,2.6394029,-1.3173829,0.7378783,-48.24147563860281,-48.53031957934478,1560.0,200000000000.0,206000000000.0,0.0124,0.024,0.00783,1.229,8.643,4.321,4e-26,0.3,0.0864,0.3783,0.0001,1000,5,512
337,7.9745585e-13,1906.5562,-3.0264158,2.6327167,-1.2372268,0.7749684,-44.65803944059468,-72.58063399797338,1560.0,200000000000.0,206000000000.0,0.0124,0.024,0.00783,1.229,8.643,4.321,4e-26,0.3,0.0864,0.3783,0.0001,1000,5,512
338,8.0724067e-13,1904.1389,-3.1537428,2.585968,-1.1876309,0.82133704,-45.357412546841175,-59.86233439269216,1560.0,200000000000.0,206000000000.0,0.0124,0.024,0.00783,1.229,8.643,4.321,4e-26,0.3,0.0864,0.3783,0.0001,1000,5,512
339,8.170255e-13,1901.7279,-3.271618,2.43634,-1.1782721,0.8770367,-46.636744924517316,-56.16983372892712,1560.0,200000000000.0,206000000000.0,0.0124,0.024,0.00783,1.229,8.643,4.321,4e-26,0.3,0.0864,0.3783,0.0001,1000,5,512
340,8.268102e-13,1899.323,-3.3157547,2.2204993,-1.1696353,0.9371589,-44.26278070155375,-47.88875959309199,1560.0,200000000000.0,206000000000.0,0.0124,0.024,0.00783,1.229,8.643,4.321,4e-26,0.3,0.0864,0.3783,0.0001,1000,5,512
341,8.365949e-13,1896.924,-3.2805405,2.041124,-1.145424,1.000959,-44.940463360810966,-47.1560940821344,1560.0,200000000000.0,206000000000.0,0.0124,0.024,0.00783,1.229,8.643,4.321,4e-26,0.3,0.0864,0.3783,0.0001,1000,5,512
342,8.4637966e-13,1894.5314,-3.208155,1.9690843,-1.1436267,1.0616124,-53.3433621123628,-29.1622728415564,1560.0,200000000000.0,206000000000.0,0.0124,0.024,0.00783,1.229,8.643,4.321,4e-26,0.3,0.0864,0.3783,0.0001,1000,5,512
343,8.5616437e-13,1892.1445,-3.1347988,1.980784,-1.1896185,1.0995626,-48.27766537760559,-45.44720758188733,1560.0,200000000000.0,206000000000.0,0.0124,0.024,0.00783,1.229,8.643,4.321,4e-26,0.3,0.0864,0.3783,0.0001,1000,5,512
344,8.659491e-13,1889.7635,-3.0425012,2.0265512,-1.2743388,1.0789052,-44.37621105973159,-52.42899875539074,1560.0,200000000000.0,206000000000.0,0.0124,0.024,0.00783,1.229,8.643,4.321,4e-26,0.3,0.0864,0.3783,0.0001,1000,5,512
345,8.757338e-13,1887.3888,-2.9064763,2.0997906,-1.3437928,1.0068668,-44.539808074243794,-73.92126716470798,1560.0,200000000000.0,206000000000.0,0.0124,0.024,0.00783,1.229,8.643,4.321,4e-26,0.3,0.0864,0.3783,0.0001,1000,5,512
346,8.8551855e-13,1885.02,-2.7447577,2.2293432,-1.3849088,0.94074804,-47.583204885854,-43.97048769218972,1560.0,200000000000.0,206000000000.0,0.0124,0.024,0.00783,1.229,8.643,4.321,4e-26,0.3,0.0864,0.3783,0.0001,1000,5,512
347,8.9530336e-13,1882.657,-2.6332114,2.409392,-1.4206821,0.9110567,-42.763925490902665,-63.341268936274815,1560.0,200000000000.0,206000000000.0,0.0124,0.024,0.00783,1.229,8.643,4.321,4e-26,0.3,0.0864,0.3783,0.0001,1000,5,512
348,9.0508807e-13,1880.3002,-2.6534228,2.5809035,-1.4541037,0.8995691,-45.5286226673187,-60.559507706088425,1560.0,200000000000.0,206000000000.0,0.0124,0.024,0.00783,1.229,8.643,4.321,4e-26,0.3,0.0864,0.3783,0.0001,1000,5,512
349,9.148728e-13,1877.949,-2.7812862,2.67727,-1.448773,0.85127234,-47.011016877682934,-48.68930900862375,1560.0,200000000000.0,206000000000.0,0.0124,0.024,0.00783,1.229,8.643,4.321,4e-26,0.3,0.0864,0.3783,0.0001,1000,5,512
350,9.246575e-13,1875.6036,-2.9248288,2.6883209,-1.4020629,0.7825374,-43.94349275939754,-62.00627041971319,1560.0,200000000000.0,206000000000.0,0.0124,0.024,0.00783,1.229,8.643,4.321,4e-26,0.3,0.0864,0.3783,0.0001,1000,5,512
351,9.344422e-13,1873.2642,-3.0194607,2.6648924,-1.3310527,0.7518957,-42.180286210356556,-55.125132198024886,1560.0,200000000000.0,206000000000.0,0.0124,0.024,0.00783,1.229,8.643,4.321,4e-26,0.3,0.0864,0.3783,0.0001,1000,5,512
352,9.442269e-13,1870.9308,-3.0905335,2.6508436,-1.2550571,0.78272814,-40.3727150450019,-61.73618124456176,1560.0,200000000000.0,206000000000.0,0.0124,0.024,0.00783,1.229,8.643,4.321,4e-26,0.3,0.0864,0.3783,0.0001,1000,5,512
353,9.540117e-13,1868.603,-3.1933205,2.60673,-1.2085423,0.8403119,-38.64272812436229,-56.08907221966919,1560.0,200000000000.0,206000000000.0,0.0124,0.024,0.00783,1.229,8.643,4.321,4e-26,0.3,0.0864,0.3783,0.0001,1000,5,512
354,9.637964e-13,1866.2812,-3.3093264,2.4703798,-1.2019446,0.9089135,-38.34374877787569,-54.93619771418528,1560.0,200000000000.0,206000000000.0,0.0124,0.024,0.00783,1.229,8.643,4.321,4e-26,0.3,0.0864,0.3783,0.0001,1000,5,512
355,9.735812e-13,1863.9648,-3.377383,2.2602127,-1.2003105,0.9705833,-38.71264229540796,-52.00601466994952,1560.0,200000000000.0,206000000000.0,0.0124,0.024,0.00783,1.229,8.643,4.321,4e-26,0.3,0.0864,0.3783,0.0001,1000,5,512
356,9.83366e-13,1861.6544,-3.3575358,2.0770724,-1.1745036,1.0171344,-38.61429300638969,-49.70887905265917,1560.0,200000000000.0,206000000000.0,0.0124,0.024,0.00783,1.229,8.643,4.321,4e-26,0.3,0.0864,0.3783,0.0001,1000,5,512
357,9.931507e-13,1859.3496,-3.2665305,2.0038853,-1.1642998,1.0574188,-39.68274139487542,-46.19863142660654,1560.0,200000000000.0,206000000000.0,0.0124,0.024,0.00783,1.229,8.643,4.321,4e-26,0.3,0.0864,0.3783,0.0001,1000,5,512
358,1.0029354e-12,1857.0507,-3.156879,2.0364838,-1.2057766,1.0896106,-40.186072211425426,-51.266786909659714,1560.0,200000000000.0,206000000000.0,0.0124,0.024,0.00783,1.229,8.643,4.321,4e-26,0.3,0.0864,0.3783,0.0001,1000,5,512
359,1.0127201e-12,1854.7572,-3.046132,2.1051095,-1.2935823,1.0755692,-38.60642408239565,-54.56968457576036,1560.0,200000000000.0,206000000000.0,0.0124,0.024,0.00783,1.229,8.643,4.321,4e-26,0.3,0.0864,0.3783,0.0001,1000,5,512
360,1.0225048e-12,1852.4695,-2.928547,2.1800995,-1.3751918,1.0167549,-38.101589837606056,-54.6942229457745,1560.0,200000000000.0,206000000000.0,0.0124,0.024,0.00783,1.229,8.643,4.321,4e-26,0.3,0.0864,0.3783,0.0001,1000,5,512
361,1.0322896e-12,1850.1876,-2.796536,2.2777994,-1.4165227,0.9507667,-37.84724575248656,-55.47901171563535,1560.0,200000000000.0,206000000000.0,0.0124,0.024,0.00783,1.229,8.643,4.321,4e-26,0.3,0.0864,0.3783,0.0001,1000,5,512
362,1.0420743e-12,1847.911,-2.704599,2.4181058,-1.4391687,0.9223132,-38.06184092855335,-57.00079299730456,1560.0,200000000000.0,206000000000.0,0.0124,0.024,0.00783,1.229,8.643,4.321,4e-26,0.3,0.0864,0.3783,0.0001,1000,5,512
363,1.0518591e-12,1845.6401,-2.7250454,2.5789468,-1.4501702,0.90780514,-36.939009815294256,-51.270859383970304,1560.0,200000000000.0,206000000000.0,0.0124,0.024,0.00783,1.229,8.643,4.321,4e-26,0.3,0.0864,0.3783,0.0001,1000,5,512
364,1.0616438e-12,1843.375,-2.8511298,2.6918008,-1.4380821,0.8678957,-36.05410536921589,-60.02982431410841,1560.0,200000000000.0,206000000000.0,0.0124,0.024,0.00783,1.229,8.643,4.321,4e-26,0.3,0.0864,0.3783,0.0001,1000,5,512
365,1.0714285e-12,1841.1151,-2.9987168,2.7181892,-1.4031923,0.80039316,-36.23220827331821,-55.55394104867558,1560.0,200000000000.0,206000000000.0,0.0124,0.024,0.00783,1.229,8.643,4.321,4e-26,0.3,0.0864,0.3783,0.0001,1000,5,512
366,1.0812132e-12,1838.861,-3.0936291,2.6912835,-1.3480846,0.7706565,-33.44007357882091,-63.272981802071826,1560.0,200000000000.0,206000000000.0,0.0124,0.024,0.00783,1.229,8.643,4.321,4e-26,0.3,0.0864,0.3783,0.0001,1000,5,512
367,1.090998e-12,1836.6123,-3.1521504,2.6541781,-1.2789886,0.795452,-31.703152515990986,-59.41389997715703,1560.0,200000000000.0,206000000000.0,0.0124,0.024,0.00783,1.229,8.643,4.321,4e-26,0.3,0.0864,0.3783,0.0001,1000,5,512
368,1.1007827e-12,1834.369,-3.2375467,2.601281,-1.2281432,0.85862774,-31.552951243674876,-46.30977575684092,1560.0,200000000000.0,206000000000.0,0.0124,0.024,0.00783,1.229,8.643,4.321,4e-26,0.3,0.0864,0.3783,0.0001,1000,5,512
369,1.1105675e-12,1832.1313,-3.3511505,2.4748218,-1.2187238,0.9370156,-30.65307485060803,-48.395912560211954,1560.0,200000000000.0,206000000000.0,0.0124,0.024,0.00783,1.229,8.643,4.321,4e-26,0.3,0.0864,0.3783,0.0001,1000,5,512
370,1.1203522e-12,1829.899,-3.4331276,2.2840383,-1.2153163,1.000512,-30.339897567235113,-45.36397629795256,1560.0,200000000000.0,206000000000.0,0.0124,0.024,0.00783,1.229,8.643,4.321,4e-26,0.3,0.0864,0.3783,0.0001,1000,5,512
371,1.130137e-12,1827.6724,-3.4217916,2.1129913,-1.1980265,1.028802,-30.722476090909566,-44.34606413380082,1560.0,200000000000.0,206000000000.0,0.0124,0.024,0.00783,1.229,8.643,4.321,4e-26,0.3,0.0864,0.3783,0.0001,1000,5,512
372,1.1399217e-12,1825.4508,-3.3228745,2.0477357,-1.1878223,1.0483736,-30.881058544774753,-44.61277365413147,1560.0,200000000000.0,206000000000.0,0.0124,0.024,0.00783,1.229,8.643,4.321,4e-26,0.3,0.0864,0.3783,0.0001,1000,5,512
373,1.1497064e-12,1823.235,-3.1865864,2.0874388,-1.2263572,1.0727246,-30.756260115783327,-38.99820269122641,1560.0,200000000000.0,206000000000.0,0.0124,0.024,0.00783,1.229,8.643,4.321,4e-26,0.3,0.0864,0.3783,0.0001,1000,5,512
374,1.1594912e-12,1821.0242,-3.0650594,2.1711993,-1.3146291,1.0724912,-29.230415785149887,-32.27463218669356,1560.0,200000000000.0,206000000000.0,0.0124,0.024,0.00783,1.229,8.643,4.321,4e-26,0.3,0.0864,0.3783,0.0001,1000,5,512
375,1.1692758e-12,1818.8188,-2.9632044,2.2480254,-1.3977928,1.0286345,-33.57601710252559,-17.16585499518031,1560.0,200000000000.0,206000000000.0,0.0124,0.024,0.00783,1.229,8.643,4.321,4e-26,0.3,0.0864,0.3783,0.0001,1000,5,512
376,1.1790605e-12,1816.6188,-2.8646214,2.3206117,-1.4448035,0.96924657,-34.66768251483492,-36.59307256021877,1560.0,200000000000.0,206000000000.0,0.0124,0.024,0.00783,1.229,8.643,4.321,4e-26,0.3,0.0864,0.3783,0.0001,1000,5,512
377,1.1888452e-12,1814.4243,-2.7893841,2.4335568,-1.4540385,0.92631745,-33.931355048473755,-41.45139654338068,1560.0,200000000000.0,206000000000.0,0.0124,0.024,0.00783,1.229,8.643,4.321,4e-26,0.3,0.0864,0.3783,0.0001,1000,5,512
378,1.19863e-12,1812.235,-2.799448,2.584631,-1.4470054,0.9083156,-34.326630962053656,-44.03064553072504,1560.0,200000000000.0,206000000000.0,0.0124,0.024,0.00783,1.229,8.643,4.321,4e-26,0.3,0.0864,0.3783,0.0001,1000,5,512
379,1.2084148e-12,1810.051,-2.9039323,2.715453,-1.4298954,0.8703733,-38.872280350204306,-56.94831903242505,1560.0,200000000000.0,206000000000.0,0.0124,0.024,0.00783,1.229,8.643,4.321,4e-26,0.3,0.0864,0.3783,0.0001,1000,5,512
380,1.2181995e-12,1807.8721,-3.0493085,2.7564235,-1.4086194,0.8133122,-37.851622877577455,-48.04065327022934,1560.0,200000000000.0,206000000000.0,0.0124,0.024,0.00783,1.229,8.643,4.321,4e-26,0.3,0.0864,0.3783,0.0001,1000,5,512
381,1.2279844e-12,1805.6985,-3.1572227,2.7150264,-1.3704702,0.78748816,-30.7955117316189,-47.39862794860943,1560.0,200000000000.0,206000000000.0,0.0124,0.024,0.00783,1.229,8.643,4.321,4e-26,0.3,0.0864,0.3783,0.0001,1000,5,512
382,1.2377692e-12,1803.53,-3.2203894,2.6444972,-1.3080204,0.81216925,-31.354160850266652,-44.63002593168645,1560.0,200000000000.0,206000000000.0,0.0124,0.024,0.00783,1.229,8.643,4.321,4e-26,0.3,0.0864,0.3783,0.0001,1000,5,512
383,1.2475539e-12,1801.3671,-3.2923224,2.5652788,-1.2479812,0.87942755,-30.888403504765805,-46.29587813925784,1560.0,200000000000.0,206000000000.0,0.0124,0.024,0.00783,1.229,8.643,4.321,4e-26,0.3,0.0864,0.3783,0.0001,1000,5,512
384,1.2573385e-12,1799.209,-3.3913016,2.45505,-1.2271696,0.9600827,-31.18831887636398,-52.32107877332602,1560.0,200000000000.0,206000000000.0,0.0124,0.024,0.00783,1.229,8.643,4.321,4e-26,0.3,0.0864,0.3783,0.0001,1000,5,512
385,1.2671232e-12,1797.0562,-3.4726377,2.3024487,-1.2313935,1.0227431,-30.9300623366734,-52.29465740987902,1560.0,200000000000.0,206000000000.0,0.0124,0.024,0.00783,1.229,8.643,4.321,4e-26,0.3,0.0864,0.3783,0.0001,1000,5,512
386,1.276908e-12,1794.9086,-3.472018,2.1595707,-1.219484,1.0407162,-30.416238777876018,-49.87348679010141,1560.0,200000000000.0,206000000000.0,0.0124,0.024,0.00783,1.229,8.643,4.321,4e-26,0.3,0.0864,0.3783,0.0001,1000,5,512
387,1.2866928e-12,1792.7661,-3.3731272,2.1009412,-1.2151654,1.0418377,-31.193275154033984,-51.84869191719312,1560.0,200000000000.0,206000000000.0,0.0124,0.024,0.00783,1.229,8.643,4.321,4e-26,0.3,0.0864,0.3783,0.0001,1000,5,512
388,1.2964775e-12,1790.6285,-3.227884,2.134034,-1.2557812,1.0594089,-30.21637366752777,-50.459985605293056,1560.0,200000000000.0,206000000000.0,0.0124,0.024,0.00783,1.229,8.643,4.321,4e-26,0.3,0.0864,0.3783,0.0001,1000,5,512
389,1.3062622e-12,1788.4963,-3.0994911,2.2089057,-1.3392237,1.067906,-28.90673639146801,-52.0895815776983,1560.0,200000000000.0,206000000000.0,0.0124,0.024,0.00783,1.229,8.643,4.321,4e-26,0.3,0.0864,0.3783,0.0001,1000,5,512
390,1.3160469e-12,1786.369,-3.0073333,2.280598,-1.421806,1.0394865,-28.473204278601933,-45.848607834500854,1560.0,200000000000.0,206000000000.0,0.0124,0.024,0.00783,1.229,8.643,4.321,4e-26,0.3,0.0864,0.3783,0.0001,1000,5,512
391,1.3258317e-12,1784.2467,-2.925749,2.3530548,-1.4642714,0.98304516,-27.94234027417852,-52.0176529772352,1560.0,200000000000.0,206000000000.0,0.0124,0.024,0.00783,1.229,8.643,4.321,4e-26,0.3,0.0864,0.3783,0.0001,1000,5,512
392,1.3356163e-12,1782.1298,-2.8612206,2.463641,-1.4665401,0.93446815,-27.048037405289193,-54.518551474951394,1560.0,200000000000.0,206000000000.0,0.0124,0.024,0.00783,1.229,8.643,4.321,4e-26,0.3,0.0864,0.3783,0.0001,1000,5,512
393,1.345401e-12,1780.0175,-2.8688283,2.6219738,-1.45052,0.90451723,-26.64351109923488,-54.5125690319926,1560.0,200000000000.0,206000000000.0,0.0124,0.024,0.00783,1.229,8.643,4.321,4e-26,0.3,0.0864,0.3783,0.0001,1000,5,512
394,1.3551858e-12,1777.9103,-2.9741776,2.7611613,-1.4307437,0.86652094,-25.49590270353042,-49.702124741168944,1560.0,200000000000.0,206000000000.0,0.0124,0.024,0.00783,1.229,8.643,4.321,4e-26,0.3,0.0864,0.3783,0.0001,1000,5,512
395,1.3649705e-12,1775.8081,-3.1251886,2.7940419,-1.4209312,0.8218389,-24.73119369745565,-50.14015316790541,1560.0,200000000000.0,206000000000.0,0.0124,0.024,0.00783,1.229,8.643,4.321,4e-26,0.3,0.0864,0.3783,0.0001,1000,5,512
396,1.3747555e-12,1773.711,-3.241713,2.7142534,-1.3933642,0.8094749,-23.857949396767225,-42.05496426530152,1560.0,200000000000.0,206000000000.0,0.0124,0.024,0.00783,1.229,8.643,4.321,4e-26,0.3,0.0864,0.3783,0.0001,1000,5,512
397,1.3845402e-12,1771.6187,-3.2925043,2.5965338,-1.3327291,0.83365065,-22.888085751606006,-43.96466052881655,1560.0,200000000000.0,206000000000.0,0.0124,0.024,0.00783,1.229,8.643,4.321,4e-26,0.3,0.0864,0.3783,0.0001,1000,5,512
398,1.3943249e-12,1769.5314,-3.321006,2.5073807,-1.2666088,0.8969384,-22.13938106408041,-41.4705855202441,1560.0,200000000000.0,206000000000.0,0.0124,0.024,0.00783,1.229,8.643,4.321,4e-26,0.3,0.0864,0.3783,0.0001,1000,5,512
399,1.4041097e-12,1767.449,-3.3821878,2.4465878,-1.238197,0.9789117,-22.02795737927582,-40.33883811255474,1560.0,200000000000.0,206000000000.0,0.0124,0.024,0.00783,1.229,8.643,4.321,4e-26,0.3,0.0864,0.3783,0.0001,1000,5,512
400,1.4138944e-12,1765.3713,-3.4691799,2.3645337,-1.2429813,1.0414722,-22.7495478041309,-42.06851259586219,1560.0,200000000000.0,206000000000.0,0.0124,0.024,0.00783,1.229,8.643,4.321,4e-26,0.3,0.0864,0.3783,0.0001,1000,5,512
401,1.423679e-12,1763.2988,-3.520504,2.2591197,-1.2478278,1.04733,-23.801686750053648,-41.54625123580939,1560.0,200000000000.0,206000000000.0,0.0124,0.024,0.00783,1.229,8.643,4.321,4e-26,0.3,0.0864,0.3783,0.0001,1000,5,512
402,1.4334638e-12,1761.2311,-3.482378,2.1629767,-1.2568977,1.0343275,-25.978432215612884,-39.33366033347687,1560.0,200000000000.0,206000000000.0,0.0124,0.024,0.00783,1.229,8.643,4.321,4e-26,0.3,0.0864,0.3783,0.0001,1000,5,512
403,1.4432485e-12,1759.1681,-3.3452983,2.1151881,-1.2907732,1.0426457,-28.22192604019851,-43.24358814543868,1560.0,200000000000.0,206000000000.0,0.0124,0.024,0.00783,1.229,8.643,4.321,4e-26,0.3,0.0864,0.3783,0.0001,1000,5,512
404,1.4530332e-12,1757.1101,-3.165909,2.1395175,-1.3572001,1.060263,-30.103731509336846,-42.77146551804499,1560.0,200000000000.0,206000000000.0,0.0124,0.024,0.00783,1.229,8.643,4.321,4e-26,0.3,0.0864,0.3783,0.0001,1000,5,512
405,1.4628179e-12,1755.0566,-2.9964602,2.2365227,-1.4287624,1.0467731,-33.933365188417994,-42.74398941737202,1560.0,200000000000.0,206000000000.0,0.0124,0.024,0.00783,1.229,8.643,4.321,4e-26,0.3,0.0864,0.3783,0.0001,1000,5,512
406,1.4726026e-12,1753.0082,-2.8823504,2.4033368,-1.471963,0.9977608,-41.91189764065291,-50.0295874032595,1560.0,200000000000.0,206000000000.0,0.0124,0.024,0.00783,1.229,8.643,4.321,4e-26,0.3,0.0864,0.3783,0.0001,1000,5,512
407,1.4823875e-12,1750.9645,-2.8639657,2.6072454,-1.481265,0.94715786,-34.017414154361646,-37.2618040946778,1560.0,200000000000.0,206000000000.0,0.0124,0.024,0.00783,1.229,8.643,4.321,4e-26,0.3,0.0864,0.3783,0.0001,1000,5,512
408,1.4921722e-12,1748.9255,-2.9792318,2.78752,-1.4660281,0.90044105,-35.56816918538735,-29.898139094260586,1560.0,200000000000.0,206000000000.0,0.0124,0.024,0.00783,1.229,8.643,4.321,4e-26,0.3,0.0864,0.3783,0.0001,1000,5,512
409,1.5019569e-12,1746.8912,-3.1931975,2.8446178,-1.4434968,0.85669786,-49.12345786778877,-39.277609036354946,1560.0,200000000000.0,206000000000.0,0.0124,0.024,0.00783,1.229,8.643,4.321,4e-26,0.3,0.0864,0.3783,0.0001,1000,5,512
410,1.5117416e-12,1744.8617,-3.37582,2.728158,-1.4312291,0.8214593,-34.16964121989804,-39.50343504028379,1560.0,200000000000.0,206000000000.0,0.0124,0.024,0.00783,1.229,8.643,4.321,4e-26,0.3,0.0864,0.3783,0.0001,1000,5,512
411,1.5215263e-12,1742.837,-3.3956902,2.5196874,-1.4041518,0.81831855,-30.23477148450135,-40.55338174363021,1560.0,200000000000.0,206000000000.0,0.0124,0.024,0.00783,1.229,8.643,4.321,4e-26,0.3,0.0864,0.3783,0.0001,1000,5,512
412,1.5313112e-12,1740.8169,-3.250299,2.4001687,-1.3426688,0.8588818,-19.400334598094418,-31.94316053279242,1560.0,200000000000.0,206000000000.0,0.0124,0.024,0.00783,1.229,8.643,4.321,4e-26,0.3,0.0864,0.3783,0.0001,1000,5,512
413,1.5410959e-12,1738.8014,-3.102919,2.4806023,-1.2712286,0.9252582,-21.6069603671683,-34.39999332863637,1560.0,200000000000.0,206000000000.0,0.0124,0.024,0.00783,1.229,8.643,4.321,4e-26,0.3,0.0864,0.3783,0.0001,1000,5,512
414,1.5508806e-12,1736.7908,-3.16406,2.6627777,-1.2539667,1.0105946,-19.539491469867087,-35.08361239535729,1560.0,200000000000.0,206000000000.0,0.0124,0.024,0.00783,1.229,8.643,4.321,4e-26,0.3,0.0864,0.3783,0.0001,1000,5,512
415,1.5606654e-12,1734.7847,-3.4770906,2.7223125,-1.2757895,1.05803,-19.605439427916224,-37.55475434923068,1560.0,200000000000.0,206000000000.0,0.0124,0.024,0.00783,1.229,8.643,4.321,4e-26,0.3,0.0864,0.3783,0.0001,1000,5,512
416,1.5704502e-12,1732.7831,-3.8558831,2.4926167,-1.2991457,1.0380739,-20.189686442570085,-38.67009321099373,1560.0,200000000000.0,206000000000.0,0.0124,0.024,0.00783,1.229,8.643,4.321,4e-26,0.3,0.0864,0.3783,0.0001,1000,5,512
417,1.5802349e-12,1730.7864,-3.997359,2.0438914,-1.3018318,0.9968877,-21.080029246812046,-39.75864512075853,1560.0,200000000000.0,206000000000.0,0.0124,0.024,0.00783,1.229,8.643,4.321,4e-26,0.3,0.0864,0.3783,0.0001,1000,5,512
418,1.5900196e-12,1728.7941,-3.7086337,1.6547716,-1.309034,1.0029598,-22.478784467912412,-38.16502227104125,1560.0,200000000000.0,206000000000.0,0.0124,0.024,0.00783,1.229,8.643,4.321,4e-26,0.3,0.0864,0.3783,0.0001,1000,5,512
419,1.5998043e-12,1726.8063,-3.08293,1.6601248,-1.3433111,1.049277,-24.56966697094694,-42.657759299829905,1560.0,200000000000.0,206000000000.0,0.0124,0.024,0.00783,1.229,8.643,4.321,4e-26,0.3,0.0864,0.3783,0.0001,1000,5,512
420,1.609589e-12,1724.823,-2.50638,2.1749082,-1.4110948,1.0815145,-26.46090110474624,-51.40263049482749,1560.0,200000000000.0,206000000000.0,0.0124,0.024,0.00783,1.229,8.643,4.321,4e-26,0.3,0.0864,0.3783,0.0001,1000,5,512
421,1.6193737e-12,1722.8447,-2.4150658,2.9390843,-1.4869657,1.0606124,-29.26664983959496,-48.29958483902713,1560.0,200000000000.0,206000000000.0,0.0124,0.024,0.00783,1.229,8.643,4.321,4e-26,0.3,0.0864,0.3783,0.0001,1000,5,512
422,1.6291584e-12,1720.8705,-2.9408238,3.460123,-1.5371593,0.98585105,-30.329782041187492,-53.72021691223961,1560.0,200000000000.0,206000000000.0,0.0124,0.024,0.00783,1.229,8.643,4.321,4e-26,0.3,0.0864,0.3783,0.0001,1000,5,512
423,1.6389432e-12,1718.9011,-3.8107326,3.3771,-1.5345597,0.8786224,-28.04206405049691,-50.223964798263296,1560.0,200000000000.0,206000000000.0,0.0124,0.024,0.00783,1.229,8.643,4.321,4e-26,0.3,0.0864,0.3783,0.0001,1000,5,512
424,1.6487279e-12,1716.936,-4.472594,2.6845784,-1.4808576,0.7804592,-24.988964888671383,-43.153019064921835,1560.0,200000000000.0,206000000000.0,0.0124,0.024,0.00783,1.229,8.643,4.321,4e-26,0.3,0.0864,0.3783,0.0001,1000,5,512
425,1.6585126e-12,1714.9755,-4.399559,1.7819936,-1.4057459,0.7376915,-21.941341195170907,-42.514820144726244,1560.0,200000000000.0,206000000000.0,0.0124,0.024,0.00783,1.229,8.643,4.321,4e-26,0.3,0.0864,0.3783,0.0001,1000,5,512
426,1.6682973e-12,1713.0194,-3.458992,1.3622545,-1.3337992,0.79949117,-19.650813959194053,-41.21442005242659,1560.0,200000000000.0,206000000000.0,0.0124,0.024,0.00783,1.229,8.643,4.321,4e-26,0.3,0.0864,0.3783,0.0001,1000,5,512
427,1.6780823e-12,1711.0679,-2.2213917,1.9750203,-1.2858711,0.92706907,-17.711355383725703,-38.926324519015765,1560.0,200000000000.0,206000000000.0,0.0124,0.024,0.00783,1.229,8.643,4.321,4e-26,0.3,0.0864,0.3783,0.0001,1000,5,512
428,1.687867e-12,1709.1206,-1.7771721,3.3814836,-1.2993933,1.0481651,-16.009770311478718,-38.050966197991656,1560.0,200000000000.0,206000000000.0,0.0124,0.024,0.00783,1.229,8.643,4.321,4e-26,0.3,0.0864,0.3783,0.0001,1000,5,512
429,1.6976517e-12,1707.1779,-2.803837,4.551668,-1.3763522,1.0976814,-14.487850832474727,-35.12239723094102,1560.0,200000000000.0,206000000000.0,0.0124,0.024,0.00783,1.229,8.643,4.321,4e-26,0.3,0.0864,0.3783,0.0001,1000,5,512
430,1.7074364e-12,1705.2397,-4.949708,4.4882307,-1.4416547,1.0315695,-12.525408242854056,-34.126961748923804,1560.0,200000000000.0,206000000000.0,0.0124,0.024,0.00783,1.229,8.643,4.321,4e-26,0.3,0.0864,0.3783,0.0001,1000,5,512
431,1.7172212e-12,1703.3057,-7.2088223,2.9352517,-1.4117198,0.87215525,-10.141344912739385,-30.634257946085654,1560.0,200000000000.0,206000000000.0,0.0124,0.024,0.00783,1.229,8.643,4.321,4e-26,0.3,0.0864,0.3783,0.0001,1000,5,512
432,1.7270059e-12,1701.3761,-8.712272,0.36230087,-1.2920096,0.7672479,-8.447565675852118,-28.434175001995776,1560.0,200000000000.0,206000000000.0,0.0124,0.024,0.00783,1.229,8.643,4.321,4e-26,0.3,0.0864,0.3783,0.0001,1000,5,512
433,1.7367906e-12,1699.451,-9.158021,-2.5016444,-1.1659775,0.85237485,-7.992661598048272,-27.474732469808984,1560.0,200000000000.0,206000000000.0,0.0124,0.024,0.00783,1.229,8.643,4.321,4e-26,0.3,0.0864,0.3783,0.0001,1000,5,512
434,1.7465753e-12,1697.5302,-8.7261,-5.070347,-1.1809111,1.1065398,-8.900227882365009,-27.458627161763538,1560.0,200000000000.0,206000000000.0,0.0124,0.024,0.00783,1.229,8.643,4.321,4e-26,0.3,0.0864,0.3783,0.0001,1000,5,512
435,1.75636e-12,1695.6136,-7.790062,-7.069074,-1.3963842,1.3320682,-10.404738763364712,-28.05862056581725,1560.0,200000000000.0,206000000000.0,0.0124,0.024,0.00783,1.229,8.643,4.321,4e-26,0.3,0.0864,0.3783,0.0001,1000,5,512
436,1.7661447e-12,1693.7017,-6.6873364,-8.451502,-1.7074021,1.3150209,-11.520660912015266,-28.21160092954392,1560.0,200000000000.0,206000000000.0,0.0124,0.024,0.00783,1.229,8.643,4.321,4e-26,0.3,0.0864,0.3783,0.0001,1000,5,512
437,1.7759294e-12,1691.7936,-5.6623006,-9.292382,-1.9139206,1.0029935,-11.736279320080243,-27.252811222059854,1560.0,200000000000.0,206000000000.0,0.0124,0.024,0.00783,1.229,8.643,4.321,4e-26,0.3,0.0864,0.3783,0.0001,1000,5,512
438,1.7857142e-12,1689.89,-4.875111,-9.732485,-1.8664796,0.51728666,-10.38712479828476,-24.150942778162303,1560.0,200000000000.0,206000000000.0,0.0124,0.024,0.00783,1.229,8.643,4.321,4e-26,0.3,0.0864,0.3783,0.0001,1000,5,512
439,1.795499e-12,1687.9908,-4.3570986,-9.960795,-1.5552989,0.05183784,-7.550694291008945,-18.509113358344138,1560.0,200000000000.0,206000000000.0,0.0124,0.024,0.00783,1.229,8.643,4.321,4e-26,0.3,0.0864,0.3783,0.0001,1000,5,512
440,1.8052837e-12,1686.0957,-3.9955564,-10.184166,-1.0824962,-0.22562699,-2.015872102274379,-9.572221220497731,1560.0,200000000000.0,206000000000.0,0.0124,0.024,0.00783,1.229,8.643,4.321,4e-26,0.3,0.0864,0.3783,0.0001,1000,5,512
441,1.8150684e-12,1684.2051,-3.581299,-10.5101795,-0.57958764,-0.25233248,-2.868106323880319,-4.419964440838328,1560.0,200000000000.0,206000000000.0,0.0124,0.024,0.00783,1.229,8.643,4.321,4e-26,0.3,0.0864,0.3783,0.0001,1000,5,512
442,1.824853e-12,1682.3185,-2.964624,-10.886757,-0.13502523,-0.09166387,-48.68193346408157,-14.563662874132532,1560.0,200000000000.0,206000000000.0,0.0124,0.024,0.00783,1.229,8.643,4.321,4e-26,0.3,0.0864,0.3783,0.0001,1000,5,512
443,1.8346381e-12,1680.4362,-2.1758964,-11.138309,0.16712743,0.1442127,-16.422736307387886,-17.895373738849045,1560.0,200000000000.0,206000000000.0,0.0124,0.024,0.00783,1.229,8.643,4.321,4e-26,0.3,0.0864,0.3783,0.0001,1000,5,512
444,1.8444228e-12,1678.5581,-1.4573407,-11.1011715,0.29630965,0.33733305,-10.831690814504299,-18.307081318877778,1560.0,200000000000.0,206000000000.0,0.0124,0.024,0.00783,1.229,8.643,4.321,4e-26,0.3,0.0864,0.3783,0.0001,1000,5,512
445,1.8542075e-12,1676.6842,-1.1263609,-10.677315,0.332419,0.39498806,-9.858731548326546,-20.958362332370875,1560.0,200000000000.0,206000000000.0,0.0124,0.024,0.00783,1.229,8.643,4.321,4e-26,0.3,0.0864,0.3783,0.0001,1000,5,512
446,1.8639923e-12,1674.8145,-1.4634452,-9.7865,0.39134985,0.31917378,-1.9270818624362818,-15.322172231624187,1560.0,200000000000.0,206000000000.0,0.0124,0.024,0.00783,1.229,8.643,4.321,4e-26,0.3,0.0864,0.3783,0.0001,1000,5,512
447,1.873777e-12,1672.9487,-2.5838218,-8.291422,0.54009134,0.24297662,1.2876746416575138,-13.955061392100774,1560.0,200000000000.0,206000000000.0,0.0124,0.024,0.00783,1.229,8.643,4.321,4e-26,0.3,0.0864,0.3783,0.0001,1000,5,512
448,1.8835617e-12,1671.0875,-4.277332,-6.09438,0.7425673,0.3564972,1.6662206816576557,-15.049990161563436,1560.0,200000000000.0,206000000000.0,0.0124,0.024,0.00783,1.229,8.643,4.321,4e-26,0.3,0.0864,0.3783,0.0001,1000,5,512
449,1.8933464e-12,1669.2302,-5.9265623,-3.4342308,0.8607104,0.6911072,0.776312443729438,-16.98181504952806,1560.0,200000000000.0,206000000000.0,0.0124,0.024,0.00783,1.229,8.643,4.321,4e-26,0.3,0.0864,0.3783,0.0001,1000,5,512
450,1.903131e-12,1667.377,-6.810936,-0.8359139,0.7700427,1.0716794,0.19182633237403124,-18.563076448159194,1560.0,200000000000.0,206000000000.0,0.0124,0.024,0.00783,1.229,8.643,4.321,4e-26,0.3,0.0864,0.3783,0.0001,1000,5,512
451,1.9129158e-12,1665.5278,-6.4694934,1.3860495,0.49277133,1.2473655,-0.5364055065605022,-19.988194164008235,1560.0,200000000000.0,206000000000.0,0.0124,0.024,0.00783,1.229,8.643,4.321,4e-26,0.3,0.0864,0.3783,0.0001,1000,5,512
452,1.9227005e-12,1663.6831,-4.799791,3.289794,0.18131353,1.0850772,-1.3545149351965868,-21.618904092932368,1560.0,200000000000.0,206000000000.0,0.0124,0.024,0.00783,1.229,8.643,4.321,4e-26,0.3,0.0864,0.3783,0.0001,1000,5,512
453,1.9324852e-12,1661.8422,-2.190435,4.936905,-0.014475542,0.6207749,-2.062967860087184,-22.835276682035115,1560.0,200000000000.0,206000000000.0,0.0124,0.024,0.00783,1.229,8.643,4.321,4e-26,0.3,0.0864,0.3783,0.0001,1000,5,512
454,1.94227e-12,1660.0052,0.40373677,6.149707,-0.060592726,0.011734568,-2.6106628506831413,-23.778715085212497,1560.0,200000000000.0,206000000000.0,0.0124,0.024,0.00783,1.229,8.643,4.321,4e-26,0.3,0.0864,0.3783,0.0001,1000,5,512
455,1.9520546e-12,1658.1726,2.136309,6.7710395,-0.03215562,-0.5646336,-3.0010503178069854,-24.661933316608362,1560.0,200000000000.0,206000000000.0,0.0124,0.024,0.00783,1.229,8.643,4.321,4e-26,0.3,0.0864,0.3783,0.0001,1000,5,512
456,1.9618393e-12,1656.3439,2.882796,6.8407664,-0.0018892697,-0.9539946,-3.125646804057837,-25.545058753616374,1560.0,200000000000.0,206000000000.0,0.0124,0.024,0.00783,1.229,8.643,4.321,4e-26,0.3,0.0864,0.3783,0.0001,1000,5,512
457,1.971624e-12,1654.5192,2.9015412,6.465932,0.011243398,-1.0707332,-3.213130775731166,-25.238980079944383,1560.0,200000000000.0,206000000000.0,0.0124,0.024,0.00783,1.229,8.643,4.321,4e-26,0.3,0.0864,0.3783,0.0001,1000,5,512
458,1.9814092e-12,1652.6986,2.403238,5.704799,-0.019697065,-0.9250078,-3.2531139240054188,-25.339533385874127,1560.0,200000000000.0,206000000000.0,0.0124,0.024,0.00783,1.229,8.643,4.321,4e-26,0.3,0.0864,0.3783,0.0001,1000,5,512
459,1.9911939e-12,1650.882,1.5143737,4.455668,-0.13511828,-0.58441484,-3.2078052064511127,-25.623201675246634,1560.0,200000000000.0,206000000000.0,0.0124,0.024,0.00783,1.229,8.643,4.321,4e-26,0.3,0.0864,0.3783,0.0001,1000,5,512
460,2.0009786e-12,1649.0692,0.5250891,2.5886624,-0.30697215,-0.16748334,-3.188454163909306,-25.755481527023036,1560.0,200000000000.0,206000000000.0,0.0124,0.024,0.00783,1.229,8.643,4.321,4e-26,0.3,0.0864,0.3783,0.0001,1000,5,512
461,2.0107633e-12,1647.2606,-0.004123273,0.3648959,-0.41354448,0.17553739,-3.512491195390261,-25.566450386442703,1560.0,200000000000.0,206000000000.0,0.0124,0.024,0.00783,1.229,8.643,4.321,4e-26,0.3,0.0864,0.3783,0.0001,1000,5,512
462,2.020548e-12,1645.4559,0.27292845,-1.3999451,-0.34869137,0.41604987,-3.8889851837979705,-25.890241583555813,1560.0,200000000000.0,206000000000.0,0.0124,0.024,0.00783,1.229,8.643,4.321,4e-26,0.3,0.0864,0.3783,0.0001,1000,5,512
463,2.0303327e-12,1643.655,0.9806721,-2.0107307,-0.11576817,0.6742878,0.7330060464994723,-20.661014267989337,1560.0,200000000000.0,206000000000.0,0.0124,0.024,0.00783,1.229,8.643,4.321,4e-26,0.3,0.0864,0.3783,0.0001,1000,5,512
464,2.0401174e-12,1641.8584,1.2803181,-1.5416524,0.13246697,1.020842,7.54270706450243,-13.611209400293333,1560.0,200000000000.0,206000000000.0,0.0124,0.024,0.00783,1.229,8.643,4.321,4e-26,0.3,0.0864,0.3783,0.0001,1000,5,512
465,2.0499021e-12,1640.0654,0.6175577,-0.76474124,0.21705481,1.3533167,12.16267953868455,-8.501645027952982,1560.0,200000000000.0,206000000000.0,0.0124,0.024,0.00783,1.229,8.643,4.321,4e-26,0.3,0.0864,0.3783,0.0001,1000,5,512
466,2.0596868e-12,1638.2764,-0.69916064,-0.52270794,0.12216065,1.4498917,14.139578887603967,-5.980446764611301,1560.0,200000000000.0,206000000000.0,0.0124,0.024,0.00783,1.229,8.643,4.321,4e-26,0.3,0.0864,0.3783,0.0001,1000,5,512
467,2.0694715e-12,1636.4913,-1.7226565,-0.9322181,-0.011222301,1.1733307,14.087680961438778,-5.35250050128527,1560.0,200000000000.0,206000000000.0,0.0124,0.024,0.00783,1.229,8.643,4.321,4e-26,0.3,0.0864,0.3783,0.0001,1000,5,512
468,2.0792563e-12,1634.7101,-1.8088691,-1.2208822,-0.028984841,0.610198,13.486971710036887,-5.078428155051391,1560.0,200000000000.0,206000000000.0,0.0124,0.024,0.00783,1.229,8.643,4.321,4e-26,0.3,0.0864,0.3783,0.0001,1000,5,512
469,2.089041e-12,1632.9327,-1.2258065,-0.4852782,0.056350995,-0.009091854,12.547378998763087,-5.05175470275352,1560.0,200000000000.0,206000000000.0,0.0124,0.024,0.00783,1.229,8.643,4.321,4e-26,0.3,0.0864,0.3783,0.0001,1000,5,512
470,2.0988257e-12,1631.1593,-0.8167438,1.3497436,0.09368054,-0.48243234,11.374034930380603,-5.0113360147764325,1560.0,200000000000.0,206000000000.0,0.0124,0.024,0.00783,1.229,8.643,4.321,4e-26,0.3,0.0864,0.3783,0.0001,1000,5,512
471,2.1086104e-12,1629.3896,-1.1353544,3.3442304,-0.0033834286,-0.75698286,9.945899169820152,-4.943078150132479,1560.0,200000000000.0,206000000000.0,0.0124,0.024,0.00783,1.229,8.643,4.321,4e-26,0.3,0.0864,0.3783,0.0001,1000,5,512
472,2.118395e-12,1627.6238,-1.8796057,4.5493693,-0.1538119,-0.8683051,8.087253475488538,-4.895008784246301,1560.0,200000000000.0,206000000000.0,0.0124,0.024,0.00783,1.229,8.643,4.321,4e-26,0.3,0.0864,0.3783,0.0001,1000,5,512
473,2.1281798e-12,1625.8619,-2.3503864,4.829987,-0.24758558,-0.85781735,5.945832293591543,-4.516142830637293,1560.0,200000000000.0,206000000000.0,0.0124,0.024,0.00783,1.229,8.643,4.321,4e-26,0.3,0.0864,0.3783,0.0001,1000,5,512
474,2.137965e-12,1624.1036,-2.1092153,4.5615845,-0.24954143,-0.6848411,2.8872104898982016,-3.8122718897968824,1560.0,200000000000.0,206000000000.0,0.0124,0.024,0.00783,1.229,8.643,4.321,4e-26,0.3,0.0864,0.3783,0.0001,1000,5,512
475,2.1477496e-12,1622.3492,-1.1675521,4.030177,-0.2252084,-0.3375734,-3.1070339456474514,-3.0374687609136544,1560.0,200000000000.0,206000000000.0,0.0124,0.024,0.00783,1.229,8.643,4.321,4e-26,0.3,0.0864,0.3783,0.0001,1000,5,512
476,2.1575344e-12,1620.5988,0.1341762,3.2389638,-0.22572012,0.062034484,-16.03646960268813,-1.6725066792486132,1560.0,200000000000.0,206000000000.0,0.0124,0.024,0.00783,1.229,8.643,4.321,4e-26,0.3,0.0864,0.3783,0.0001,1000,5,512
477,2.167319e-12,1618.8519,1.3807075,2.063315,-0.25306094,0.37835494,4.145037566255802,1.3839038303220477,1560.0,200000000000.0,206000000000.0,0.0124,0.024,0.00783,1.229,8.643,4.321,4e-26,0.3,0.0864,0.3783,0.0001,1000,5,512
478,2.1771038e-12,1617.1089,2.206029,0.5653074,-0.23320621,0.6044831,8.497452005535614,0.3659121479135372,1560.0,200000000000.0,206000000000.0,0.0124,0.024,0.00783,1.229,8.643,4.321,4e-26,0.3,0.0864,0.3783,0.0001,1000,5,512
479,2.1868885e-12,1615.3696,2.3457465,-0.9586218,-0.15630738,0.81879675,20.69935025452348,9.354417800636309,1560.0,200000000000.0,206000000000.0,0.0124,0.024,0.00783,1.229,8.643,4.321,4e-26,0.3,0.0864,0.3783,0.0001,1000,5,512
480,2.1966732e-12,1613.634,1.7135535,-2.1661587,-0.11540916,1.019306,24.920888595394697,11.278720231312526,1560.0,200000000000.0,206000000000.0,0.0124,0.024,0.00783,1.229,8.643,4.321,4e-26,0.3,0.0864,0.3783,0.0001,1000,5,512
481,2.2064579e-12,1611.9022,0.50603545,-2.8422623,-0.19594577,1.0971342,22.91835837102586,7.518435663524457,1560.0,200000000000.0,206000000000.0,0.0124,0.024,0.00783,1.229,8.643,4.321,4e-26,0.3,0.0864,0.3783,0.0001,1000,5,512
482,2.2162426e-12,1610.1741,-0.8286408,-2.8567195,-0.3384732,0.9356295,20.095736974261122,3.282462156982863,1560.0,200000000000.0,206000000000.0,0.0124,0.024,0.00783,1.229,8.643,4.321,4e-26,0.3,0.0864,0.3783,0.0001,1000,5,512
483,2.2260273e-12,1608.4497,-1.8437794,-2.0742393,-0.39474395,0.5595826,19.043844478784592,1.124574660610552,1560.0,200000000000.0,206000000000.0,0.0124,0.024,0.00783,1.229,8.643,4.321,4e-26,0.3,0.0864,0.3783,0.0001,1000,5,512
484,2.235812e-12,1606.7289,-2.385804,-0.4628666,-0.32345268,0.1500129,18.37924313909678,-0.5001479274819509,1560.0,200000000000.0,206000000000.0,0.0124,0.024,0.00783,1.229,8.643,4.321,4e-26,0.3,0.0864,0.3783,0.0001,1000,5,512
485,2.2455967e-12,1605.012,-2.613769,1.5889039,-0.21793187,-0.15707989,17.878465481997427,-1.7333362612781826,1560.0,200000000000.0,206000000000.0,0.0124,0.024,0.00783,1.229,8.643,4.321,4e-26,0.3,0.0864,0.3783,0.0001,1000,5,512
486,2.2553814e-12,1603.2986,-2.725465,3.3575313,-0.16876036,-0.34025627,17.565885459095334,-2.761524037749595,1560.0,200000000000.0,206000000000.0,0.0124,0.024,0.00783,1.229,8.643,4.321,4e-26,0.3,0.0864,0.3783,0.0001,1000,5,512
487,2.2651661e-12,1601.5887,-2.695244,4.334567,-0.15108512,-0.48066366,17.390998827430547,-3.398950052476259,1560.0,200000000000.0,206000000000.0,0.0124,0.024,0.00783,1.229,8.643,4.321,4e-26,0.3,0.0864,0.3783,0.0001,1000,5,512
488,2.2749508e-12,1599.8827,-2.3281124,4.5399866,-0.09682146,-0.6088984,17.321421489221358,-3.9296084933156834,1560.0,200000000000.0,206000000000.0,0.0124,0.024,0.00783,1.229,8.643,4.321,4e-26,0.3,0.0864,0.3783,0.0001,1000,5,512
489,2.2847358e-12,1598.1803,-1.5583946,4.2554836,-0.008381278,-0.6457327,17.318443055722327,-4.274667969243787,1560.0,200000000000.0,206000000000.0,0.0124,0.024,0.00783,1.229,8.643,4.321,4e-26,0.3,0.0864,0.3783,0.0001,1000,5,512
490,2.2945207e-12,1596.4814,-0.6078911,3.6918097,0.040884297,-0.48764014,17.35723796808891,-4.507315788199676,1560.0,200000000000.0,206000000000.0,0.0124,0.024,0.00783,1.229,8.643,4.321,4e-26,0.3,0.0864,0.3783,0.0001,1000,5,512
491,2.3043054e-12,1594.7861,0.15889055,2.8312745,-0.04910304,-0.19478332,17.422894704777505,-4.565671978605323,1560.0,200000000000.0,206000000000.0,0.0124,0.024,0.00783,1.229,8.643,4.321,4e-26,0.3,0.0864,0.3783,0.0001,1000,5,512
492,2.3140901e-12,1593.0947,0.58375794,1.5782046,-0.2680483,0.08939487,17.531736223986883,-4.570816758956894,1560.0,200000000000.0,206000000000.0,0.0124,0.024,0.00783,1.229,8.643,4.321,4e-26,0.3,0.0864,0.3783,0.0001,1000,5,512
493,2.3238748e-12,1591.4065,0.78093493,0.10997731,-0.4644948,0.30624148,17.6898941881326,-4.445121432537334,1560.0,200000000000.0,206000000000.0,0.0124,0.024,0.00783,1.229,8.643,4.321,4e-26,0.3,0.0864,0.3783,0.0001,1000,5,512
494,2.3336595e-12,1589.722,0.85219616,-1.0726323,-0.51936936,0.52132106,17.928675720463946,-4.174765618655272,1560.0,200000000000.0,206000000000.0,0.0124,0.024,0.00783,1.229,8.643,4.321,4e-26,0.3,0.0864,0.3783,0.0001,1000,5,512
495,2.3434442e-12,1588.0411,0.6956589,-1.5389178,-0.5026742,0.75968915,18.218165790383548,-3.7723023043086954,1560.0,200000000000.0,206000000000.0,0.0124,0.024,0.00783,1.229,8.643,4.321,4e-26,0.3,0.0864,0.3783,0.0001,1000,5,512
496,2.353229e-12,1586.3639,0.16285855,-1.3361163,-0.5487718,0.9356824,18.49439167893,-3.274142314724685,1560.0,200000000000.0,206000000000.0,0.0124,0.024,0.00783,1.229,8.643,4.321,4e-26,0.3,0.0864,0.3783,0.0001,1000,5,512
497,2.3630136e-12,1584.69,-0.60556424,-0.8805818,-0.65425986,0.9258944,18.67022441255311,-2.841046888664721,1560.0,200000000000.0,206000000000.0,0.0124,0.024,0.00783,1.229,8.643,4.321,4e-26,0.3,0.0864,0.3783,0.0001,1000,5,512
498,2.3727984e-12,1583.0198,-1.1847061,-0.47937664,-0.68628395,0.6985043,18.651958961920876,-2.467768773653887,1560.0,200000000000.0,206000000000.0,0.0124,0.024,0.00783,1.229,8.643,4.321,4e-26,0.3,0.0864,0.3783,0.0001,1000,5,512
499,2.382583e-12,1581.3529,-1.2848309,-0.038008485,-0.5608029,0.35834128,18.478728247512368,-2.2103709656739596,1560.0,200000000000.0,206000000000.0,0.0124,0.024,0.00783,1.229,8.643,4.321,4e-26,0.3,0.0864,0.3783,0.0001,1000,5,512
500,2.3923678e-12,1579.6897,-1.0964743,0.6761199,-0.34223333,0.06039104,18.317613593876786,-1.8049764936455084,1560.0,200000000000.0,206000000000.0,0.0124,0.024,0.00783,1.229,8.643,4.321,4e-26,0.3,0.0864,0.3783,0.0001,1000,5,512
501,2.4021525e-12,1578.0298,-1.1025573,1.5868299,-0.16121356,-0.13639607,18.226474195926592,-1.2237980060120748,1560.0,200000000000.0,206000000000.0,0.0124,0.024,0.00783,1.229,8.643,4.321,4e-26,0.3,0.0864,0.3783,0.0001,1000,5,512
502,2.4119372e-12,1576.3737,-1.5177337,2.2954202,-0.07984343,-0.3063121,18.141378610166353,-0.5181377654728507,1560.0,200000000000.0,206000000000.0,0.0124,0.024,0.00783,1.229,8.643,4.321,4e-26,0.3,0.0864,0.3783,0.0001,1000,5,512
503,2.421722e-12,1574.7207,-2.0582328,2.519526,-0.060998887,-0.50957227,18.02931625042382,0.3592543986245218,1560.0,200000000000.0,206000000000.0,0.0124,0.024,0.00783,1.229,8.643,4.321,4e-26,0.3,0.0864,0.3783,0.0001,1000,5,512
504,2.4315066e-12,1573.0714,-2.291037,2.3716357,-0.048007175,-0.65972525,17.846135396188153,1.3759323086070978,1560.0,200000000000.0,206000000000.0,0.0124,0.024,0.00783,1.229,8.643,4.321,4e-26,0.3,0.0864,0.3783,0.0001,1000,5,512
505,2.4412917e-12,1571.4255,-2.0700667,2.1692333,-0.03456008,-0.6011309,17.54106501742026,2.5472741561829295,1560.0,200000000000.0,206000000000.0,0.0124,0.024,0.00783,1.229,8.643,4.321,4e-26,0.3,0.0864,0.3783,0.0001,1000,5,512
506,2.4510765e-12,1569.7831,-1.5698118,2.0600538,-0.10809665,-0.3248072,17.031697634222166,3.874272793859106,1560.0,200000000000.0,206000000000.0,0.0124,0.024,0.00783,1.229,8.643,4.321,4e-26,0.3,0.0864,0.3783,0.0001,1000,5,512
507,2.4608612e-12,1568.1439,-1.0264167,1.9019883,-0.31081936,0.028016847,16.18457657204546,5.502981352899184,1560.0,200000000000.0,206000000000.0,0.0124,0.024,0.00783,1.229,8.643,4.321,4e-26,0.3,0.0864,0.3783,0.0001,1000,5,512
508,2.4706459e-12,1566.5084,-0.49644962,1.4837687,-0.5342121,0.32555765,14.64803087957008,7.493341404397675,1560.0,200000000000.0,206000000000.0,0.0124,0.024,0.00783,1.229,8.643,4.321,4e-26,0.3,0.0864,0.3783,0.0001,1000,5,512
509,2.4804306e-12,1564.8762,0.07264508,0.8194889,-0.6303079,0.5387827,11.041736306570623,10.098211532241834,1560.0,200000000000.0,206000000000.0,0.0124,0.024,0.00783,1.229,8.643,4.321,4e-26,0.3,0.0864,0.3783,0.0001,1000,5,512
510,2.4902153e-12,1563.2473,0.60298795,0.1506772,-0.6144043,0.70541376,-8.886779312555689,13.947896841483548,1560.0,200000000000.0,206000000000.0,0.0124,0.024,0.00783,1.229,8.643,4.321,4e-26,0.3,0.0864,0.3783,0.0001,1000,5,512
511,2.5e-12,1561.6221,0.8515949,-0.34343368,-0.62902325,0.824929,22.191160212885805,20.36026807688458,1560.0,200000000000.0,206000000000.0,0.0124,0.024,0.00783,1.229,8.643,4.321,4e-26,0.3,0.0864,0.3783,0.0001,1000,5,512
