index,time_s,wavelength_nm,A_main_real,A_main_imag,A_aux_real,A_aux_imag,main_spectrum_db,aux_spectrum_db,param_wl_center_nm,param_FSR_main,param_FSR_aux,param_coupling_ring_bus,param_coupling_ring_ring,param_coupling_ring_drop,param_gamma,param_alpha_int_main,param_alpha_int_aux,param_beta_2,param_intensity_in,param_detuning_main,param_detuning_aux,param_detuning_step,param_nrt,param_n_per_step,param_n_small_time
0,-2.5e-12,1560.0,-1.5804468,2.607617,-1.1758497,0.35588756,37.42044108036342,29.798395060757414,1560.0,200000000000.0,206000000000.0,0.0124,0.024,0.00783,1.229,8.643,4.321,4e-26,0.3,0.0923,0.3749,0.0001,1000,5,512
1,-2.4902153e-12,1558.3812,-1.7019482,2.533306,-1.0893971,0.3883535,26.338754943987887,15.418128025175651,1560.0,200000000000.0,206000000000.0,0.0124,0.024,0.00783,1.229,8.643,4.321,4e-26,0.3,0.0923,0.3749,0.0001,1000,5,512
2,-2.4804306e-12,1556.766,-1.9406528,2.3192186,-0.9973076,0.49984553,23.49661243224024,10.183237365010463,1560.0,200000000000.0,206000000000.0,0.0124,0.024,0.00783,1.229,8.643,4.321,4e-26,0.3,0.0923,0.3749,0.0001,1000,5,512
3,-2.4706459e-12,1555.1539,-2.1723235,2.0002065,-0.91490006,0.6326052,22.461412687666403,7.3351759885083965,1560.0,200000000000.0,206000000000.0,0.0124,0.024,0.00783,1.229,8.643,4.321,4e-26,0.3,0.0923,0.3749,0.0001,1000,5,512
4,-2.4608612e-12,1553.5453,-2.3115714,1.6663988,-0.82616514,0.72530854,21.828447340712223,5.284176354597072,1560.0,200000000000.0,206000000000.0,0.0124,0.024,0.00783,1.229,8.643,4.321,4e-26,0.3,0.0923,0.3749,0.0001,1000,5,512
5,-2.4510762e-12,1551.9401,-2.3441901,1.3842331,-0.72816443,0.81210995,21.417519983844542,3.6912240167866273,1560.0,200000000000.0,206000000000.0,0.0124,0.024,0.00783,1.229,8.643,4.321,4e-26,0.3,0.0923,0.3749,0.0001,1000,5,512
6,-2.4412915e-12,1550.338,-2.3129265,1.1725979,-0.70335865,0.935686,21.104254610687768,2.41968198077517,1560.0,200000000000.0,206000000000.0,0.0124,0.024,0.00783,1.229,8.643,4.321,4e-26,0.3,0.0923,0.3749,0.0001,1000,5,512
7,-2.4315068e-12,1548.7393,-2.2563198,1.0472658,-0.7978597,1.0398904,20.840808610259362,1.3411760203635268,1560.0,200000000000.0,206000000000.0,0.0124,0.024,0.00783,1.229,8.643,4.321,4e-26,0.3,0.0923,0.3749,0.0001,1000,5,512
8,-2.4217221e-12,1547.1439,-2.185796,1.0154618,-0.8983008,1.053416,20.601005973636678,0.4289003233599331,1560.0,200000000000.0,206000000000.0,0.0124,0.024,0.00783,1.229,8.643,4.321,4e-26,0.3,0.0923,0.3749,0.0001,1000,5,512
9,-2.4119374e-12,1545.5518,-2.0845728,1.1006174,-0.9415211,1.0085725,20.36904030804491,-0.31839912660483805,1560.0,200000000000.0,206000000000.0,0.0124,0.024,0.00783,1.229,8.643,4.321,4e-26,0.3,0.0923,0.3749,0.0001,1000,5,512
10,-2.4021527e-12,1543.9629,-1.9438876,1.3299911,-0.99269223,0.93527806,20.132873888201516,-0.9982172788917829,1560.0,200000000000.0,206000000000.0,0.0124,0.024,0.00783,1.229,8.643,4.321,4e-26,0.3,0.0923,0.3749,0.0001,1000,5,512
11,-2.392368e-12,1542.3774,-1.7991716,1.7111063,-1.0786215,0.82618225,19.882393606446314,-1.6198485310829653,1560.0,200000000000.0,206000000000.0,0.0124,0.024,0.00783,1.229,8.643,4.321,4e-26,0.3,0.0923,0.3749,0.0001,1000,5,512
12,-2.382583e-12,1540.795,-1.7120992,2.139892,-1.1623045,0.6880734,19.59149998538876,-2.201200388257803,1560.0,200000000000.0,206000000000.0,0.0124,0.024,0.00783,1.229,8.643,4.321,4e-26,0.3,0.0923,0.3749,0.0001,1000,5,512
13,-2.3727984e-12,1539.2158,-1.6774172,2.459382,-1.2108799,0.5628553,19.251409053385583,-2.695509285827427,1560.0,200000000000.0,206000000000.0,0.0124,0.024,0.00783,1.229,8.643,4.321,4e-26,0.3,0.0923,0.3749,0.0001,1000,5,512
14,-2.3630136e-12,1537.64,-1.6590716,2.6057045,-1.2175559,0.47885227,18.876034014272683,-3.208200468706252,1560.0,200000000000.0,206000000000.0,0.0124,0.024,0.00783,1.229,8.643,4.321,4e-26,0.3,0.0923,0.3749,0.0001,1000,5,512
15,-2.353229e-12,1536.0674,-1.689471,2.6286116,-1.1635674,0.44088954,18.51899751702714,-3.5764937068751053,1560.0,200000000000.0,206000000000.0,0.0124,0.024,0.00783,1.229,8.643,4.321,4e-26,0.3,0.0923,0.3749,0.0001,1000,5,512
16,-2.3434442e-12,1534.4979,-1.8323789,2.5659606,-1.0681858,0.4647672,18.198424507102548,-3.964215921160637,1560.0,200000000000.0,206000000000.0,0.0124,0.024,0.00783,1.229,8.643,4.321,4e-26,0.3,0.0923,0.3749,0.0001,1000,5,512
17,-2.3336595e-12,1532.9318,-2.0535703,2.4011116,-0.96691114,0.56837475,17.896015105376748,-4.123752265088456,1560.0,200000000000.0,206000000000.0,0.0124,0.024,0.00783,1.229,8.643,4.321,4e-26,0.3,0.0923,0.3749,0.0001,1000,5,512
18,-2.3238748e-12,1531.3689,-2.2409914,2.144743,-0.89856374,0.6877362,17.578807782980643,-4.280832370939031,1560.0,200000000000.0,206000000000.0,0.0124,0.024,0.00783,1.229,8.643,4.321,4e-26,0.3,0.0923,0.3749,0.0001,1000,5,512
19,-2.3140901e-12,1529.809,-2.3279934,1.8446826,-0.8401676,0.7648081,17.227484431359056,-4.40334117963021,1560.0,200000000000.0,206000000000.0,0.0124,0.024,0.00783,1.229,8.643,4.321,4e-26,0.3,0.0923,0.3749,0.0001,1000,5,512
20,-2.3043054e-12,1528.2522,-2.3220108,1.5555328,-0.7640576,0.84419334,16.862662258850094,-4.40744474056671,1560.0,200000000000.0,206000000000.0,0.0124,0.024,0.00783,1.229,8.643,4.321,4e-26,0.3,0.0923,0.3749,0.0001,1000,5,512
21,-2.2945205e-12,1526.6989,-2.263127,1.318109,-0.7488503,0.97670054,16.53192828488413,-4.328013530920586,1560.0,200000000000.0,206000000000.0,0.0124,0.024,0.00783,1.229,8.643,4.321,4e-26,0.3,0.0923,0.3749,0.0001,1000,5,512
22,-2.2847358e-12,1525.1484,-2.202268,1.1744804,-0.8332256,1.0869317,16.204624355592244,-4.121609183243876,1560.0,200000000000.0,206000000000.0,0.0124,0.024,0.00783,1.229,8.643,4.321,4e-26,0.3,0.0923,0.3749,0.0001,1000,5,512
23,-2.274951e-12,1523.6012,-2.1548083,1.144677,-0.914255,1.1070983,15.797447519623871,-3.94548652399542,1560.0,200000000000.0,206000000000.0,0.0124,0.024,0.00783,1.229,8.643,4.321,4e-26,0.3,0.0923,0.3749,0.0001,1000,5,512
24,-2.2651664e-12,1522.0573,-2.0818233,1.2321717,-0.95073235,1.052587,15.288925074815435,-3.6952107460751975,1560.0,200000000000.0,206000000000.0,0.0124,0.024,0.00783,1.229,8.643,4.321,4e-26,0.3,0.0923,0.3749,0.0001,1000,5,512
25,-2.2553816e-12,1520.5164,-1.951942,1.4557642,-1.0002075,0.965292,14.676658086292617,-3.3798575801899062,1560.0,200000000000.0,206000000000.0,0.0124,0.024,0.00783,1.229,8.643,4.321,4e-26,0.3,0.0923,0.3749,0.0001,1000,5,512
26,-2.245597e-12,1518.9785,-1.7995838,1.821063,-1.0818888,0.85969996,13.939783707114273,-3.0152218835075573,1560.0,200000000000.0,206000000000.0,0.0124,0.024,0.00783,1.229,8.643,4.321,4e-26,0.3,0.0923,0.3749,0.0001,1000,5,512
27,-2.2358122e-12,1517.4438,-1.7132211,2.2246912,-1.1549867,0.74033624,13.075525994699493,-2.541704994634813,1560.0,200000000000.0,206000000000.0,0.0124,0.024,0.00783,1.229,8.643,4.321,4e-26,0.3,0.0923,0.3749,0.0001,1000,5,512
28,-2.2260273e-12,1515.9121,-1.7043602,2.509792,-1.1993421,0.6397438,12.01051866272412,-1.9664062598630707,1560.0,200000000000.0,206000000000.0,0.0124,0.024,0.00783,1.229,8.643,4.321,4e-26,0.3,0.0923,0.3749,0.0001,1000,5,512
29,-2.2162426e-12,1514.3835,-1.735605,2.6347954,-1.2004522,0.57212573,10.668267865047486,-1.1853849737362978,1560.0,200000000000.0,206000000000.0,0.0124,0.024,0.00783,1.229,8.643,4.321,4e-26,0.3,0.0923,0.3749,0.0001,1000,5,512
30,-2.2064579e-12,1512.8583,-1.8139412,2.6526785,-1.1401666,0.52307177,8.834557445548942,-0.07911669325041615,1560.0,200000000000.0,206000000000.0,0.0124,0.024,0.00783,1.229,8.643,4.321,4e-26,0.3,0.0923,0.3749,0.0001,1000,5,512
31,-2.1966732e-12,1511.3359,-1.9614457,2.612171,-1.0371614,0.5315988,5.835023690049649,1.5544868470948572,1560.0,200000000000.0,206000000000.0,0.0124,0.024,0.00783,1.229,8.643,4.321,4e-26,0.3,0.0923,0.3749,0.0001,1000,5,512
32,-2.1868885e-12,1509.8164,-2.1397333,2.4965522,-0.9363467,0.6279615,-2.247141280002637,4.268772992819226,1560.0,200000000000.0,206000000000.0,0.0124,0.024,0.00783,1.229,8.643,4.321,4e-26,0.3,0.0923,0.3749,0.0001,1000,5,512
33,-2.1771038e-12,1508.3003,-2.2735972,2.2850335,-0.8870652,0.7426094,6.319541095813442,9.489765144940275,1560.0,200000000000.0,206000000000.0,0.0124,0.024,0.00783,1.229,8.643,4.321,4e-26,0.3,0.0923,0.3749,0.0001,1000,5,512
34,-2.167319e-12,1506.787,-2.3213787,1.9991791,-0.85347736,0.8089414,23.680472282441187,18.34285434004377,1560.0,200000000000.0,206000000000.0,0.0124,0.024,0.00783,1.229,8.643,4.321,4e-26,0.3,0.0923,0.3749,0.0001,1000,5,512
35,-2.1575344e-12,1505.2769,-2.2962003,1.6919975,-0.7957431,0.8898397,20.63401672578011,11.112847599051982,1560.0,200000000000.0,206000000000.0,0.0124,0.024,0.00783,1.229,8.643,4.321,4e-26,0.3,0.0923,0.3749,0.0001,1000,5,512
36,-2.1477496e-12,1503.7698,-2.2342913,1.4357888,-0.7837018,1.0199988,15.990044207052046,3.703674323169327,1560.0,200000000000.0,206000000000.0,0.0124,0.024,0.00783,1.229,8.643,4.321,4e-26,0.3,0.0923,0.3749,0.0001,1000,5,512
37,-2.1379647e-12,1502.2656,-2.1763983,1.2975287,-0.8514667,1.1286291,13.844106269269187,-0.4842078510777448,1560.0,200000000000.0,206000000000.0,0.0124,0.024,0.00783,1.229,8.643,4.321,4e-26,0.3,0.0923,0.3749,0.0001,1000,5,512
38,-2.12818e-12,1500.7644,-2.1328325,1.2906196,-0.9192196,1.1428846,12.06620896252678,-3.8133100803608997,1560.0,200000000000.0,206000000000.0,0.0124,0.024,0.00783,1.229,8.643,4.321,4e-26,0.3,0.0923,0.3749,0.0001,1000,5,512
39,-2.1183953e-12,1499.2662,-2.062159,1.3881052,-0.95573336,1.0829335,10.548227893848011,-6.650606253186126,1560.0,200000000000.0,206000000000.0,0.0124,0.024,0.00783,1.229,8.643,4.321,4e-26,0.3,0.0923,0.3749,0.0001,1000,5,512
40,-2.1086106e-12,1497.7711,-1.9274606,1.600811,-1.0158024,0.98892975,8.754993953032994,-9.470230977015277,1560.0,200000000000.0,206000000000.0,0.0124,0.024,0.00783,1.229,8.643,4.321,4e-26,0.3,0.0923,0.3749,0.0001,1000,5,512
41,-2.0988259e-12,1496.2789,-1.775171,1.9295862,-1.0927705,0.89099306,6.5845965393835435,-12.525798825436347,1560.0,200000000000.0,206000000000.0,0.0124,0.024,0.00783,1.229,8.643,4.321,4e-26,0.3,0.0923,0.3749,0.0001,1000,5,512
42,-2.0890412e-12,1494.7897,-1.6980808,2.286603,-1.1548404,0.79593253,3.8326778303958484,-15.878567446651758,1560.0,200000000000.0,206000000000.0,0.0124,0.024,0.00783,1.229,8.643,4.321,4e-26,0.3,0.0923,0.3749,0.0001,1000,5,512
43,-2.0792565e-12,1493.3036,-1.7307395,2.5407062,-1.1819714,0.7224118,0.020957638633618103,-20.56241403083166,1560.0,200000000000.0,206000000000.0,0.0124,0.024,0.00783,1.229,8.643,4.321,4e-26,0.3,0.0923,0.3749,0.0001,1000,5,512
44,-2.0694715e-12,1491.8202,-1.8194336,2.649183,-1.1730225,0.6572071,-5.406969929428541,-26.269468770937735,1560.0,200000000000.0,206000000000.0,0.0124,0.024,0.00783,1.229,8.643,4.321,4e-26,0.3,0.0923,0.3749,0.0001,1000,5,512
45,-2.0596868e-12,1490.3398,-1.9313399,2.6796281,-1.112178,0.5983769,-6.92053676038681,-27.272748446488883,1560.0,200000000000.0,206000000000.0,0.0124,0.024,0.00783,1.229,8.643,4.321,4e-26,0.3,0.0923,0.3749,0.0001,1000,5,512
46,-2.0499021e-12,1488.8625,-2.070307,2.6657517,-1.0051446,0.5905706,-1.6398868080236575,-23.340494157889196,1560.0,200000000000.0,206000000000.0,0.0124,0.024,0.00783,1.229,8.643,4.321,4e-26,0.3,0.0923,0.3749,0.0001,1000,5,512
47,-2.0401174e-12,1487.388,-2.2018971,2.585368,-0.9106086,0.67954886,2.045452134843533,-19.74110586886343,1560.0,200000000000.0,206000000000.0,0.0124,0.024,0.00783,1.229,8.643,4.321,4e-26,0.3,0.0923,0.3749,0.0001,1000,5,512
48,-2.0303327e-12,1485.9163,-2.285583,2.4023876,-0.8797903,0.79258937,4.484274891106779,-17.462008253369845,1560.0,200000000000.0,206000000000.0,0.0124,0.024,0.00783,1.229,8.643,4.321,4e-26,0.3,0.0923,0.3749,0.0001,1000,5,512
49,-2.020548e-12,1484.4478,-2.3154984,2.122452,-0.8642051,0.86008376,6.212506545718167,-15.989581851281358,1560.0,200000000000.0,206000000000.0,0.0124,0.024,0.00783,1.229,8.643,4.321,4e-26,0.3,0.0923,0.3749,0.0001,1000,5,512
50,-2.0107633e-12,1482.9819,-2.290798,1.8094165,-0.81644404,0.93868345,7.457932163622555,-14.782948124356103,1560.0,200000000000.0,206000000000.0,0.0124,0.024,0.00783,1.229,8.643,4.321,4e-26,0.3,0.0923,0.3749,0.0001,1000,5,512
51,-2.0009786e-12,1481.5192,-2.2316306,1.5528796,-0.8092131,1.0618654,8.334795975969271,-13.784069128534725,1560.0,200000000000.0,206000000000.0,0.0124,0.024,0.00783,1.229,8.643,4.321,4e-26,0.3,0.0923,0.3749,0.0001,1000,5,512
52,-1.9911939e-12,1480.0592,-2.1598425,1.4307522,-0.86004704,1.1580215,8.922756564178446,-13.063721966149203,1560.0,200000000000.0,206000000000.0,0.0124,0.024,0.00783,1.229,8.643,4.321,4e-26,0.3,0.0923,0.3749,0.0001,1000,5,512
53,-1.981409e-12,1478.602,-2.094446,1.448295,-0.9171214,1.1664255,9.240088667867955,-12.461804393938408,1560.0,200000000000.0,206000000000.0,0.0124,0.024,0.00783,1.229,8.643,4.321,4e-26,0.3,0.0923,0.3749,0.0001,1000,5,512
54,-1.9716243e-12,1477.1477,-2.0116682,1.5563223,-0.9643488,1.1020268,9.716118909024832,-11.78242975056228,1560.0,200000000000.0,206000000000.0,0.0124,0.024,0.00783,1.229,8.643,4.321,4e-26,0.3,0.0923,0.3749,0.0001,1000,5,512
55,-1.9618395e-12,1475.6964,-1.8772209,1.7395686,-1.0355648,1.0142201,10.335076483609583,-10.768648308825377,1560.0,200000000000.0,206000000000.0,0.0124,0.024,0.00783,1.229,8.643,4.321,4e-26,0.3,0.0923,0.3749,0.0001,1000,5,512
56,-1.9520548e-12,1474.2478,-1.7369002,2.0201359,-1.1093096,0.9313774,10.952504743779144,-9.747929696673758,1560.0,200000000000.0,206000000000.0,0.0124,0.024,0.00783,1.229,8.643,4.321,4e-26,0.3,0.0923,0.3749,0.0001,1000,5,512
57,-1.9422701e-12,1472.8021,-1.6929574,2.3315005,-1.1471057,0.8562129,11.551477610033395,-8.612018375331822,1560.0,200000000000.0,206000000000.0,0.0124,0.024,0.00783,1.229,8.643,4.321,4e-26,0.3,0.0923,0.3749,0.0001,1000,5,512
58,-1.9324854e-12,1471.3594,-1.7705464,2.5603445,-1.1535726,0.7951777,12.012660720569638,-7.479130247161109,1560.0,200000000000.0,206000000000.0,0.0124,0.024,0.00783,1.229,8.643,4.321,4e-26,0.3,0.0923,0.3749,0.0001,1000,5,512
59,-1.9227007e-12,1469.9193,-1.9018302,2.6780183,-1.1358733,0.7352226,12.286181321914661,-6.416680647111697,1560.0,200000000000.0,206000000000.0,0.0124,0.024,0.00783,1.229,8.643,4.321,4e-26,0.3,0.0923,0.3749,0.0001,1000,5,512
60,-1.9129158e-12,1468.482,-2.0314424,2.7213485,-1.0788743,0.6661326,12.334291440237742,-5.421838128194956,1560.0,200000000000.0,206000000000.0,0.0124,0.024,0.00783,1.229,8.643,4.321,4e-26,0.3,0.0923,0.3749,0.0001,1000,5,512
61,-1.903131e-12,1467.0477,-2.1445057,2.7256525,-0.9776634,0.64657414,12.109518044689306,-4.464788483355086,1560.0,200000000000.0,206000000000.0,0.0124,0.024,0.00783,1.229,8.643,4.321,4e-26,0.3,0.0923,0.3749,0.0001,1000,5,512
62,-1.8933464e-12,1465.6161,-2.231818,2.6600132,-0.89147526,0.7315967,11.537794402228982,-3.588533276013493,1560.0,200000000000.0,206000000000.0,0.0124,0.024,0.00783,1.229,8.643,4.321,4e-26,0.3,0.0923,0.3749,0.0001,1000,5,512
63,-1.8835617e-12,1464.1873,-2.2845192,2.4859567,-0.86974174,0.8463601,10.517753694533376,-2.8668974321950387,1560.0,200000000000.0,206000000000.0,0.0124,0.024,0.00783,1.229,8.643,4.321,4e-26,0.3,0.0923,0.3749,0.0001,1000,5,512
64,-1.873777e-12,1462.7611,-2.3122084,2.2114758,-0.8624022,0.91698855,8.807181665443295,-2.2649585934009124,1560.0,200000000000.0,206000000000.0,0.0124,0.024,0.00783,1.229,8.643,4.321,4e-26,0.3,0.0923,0.3749,0.0001,1000,5,512
65,-1.8639923e-12,1461.3379,-2.302732,1.9055823,-0.8292089,0.9887719,5.96034755862064,-1.836523207324742,1560.0,200000000000.0,206000000000.0,0.0124,0.024,0.00783,1.229,8.643,4.321,4e-26,0.3,0.0923,0.3749,0.0001,1000,5,512
66,-1.8542075e-12,1459.9174,-2.240451,1.6694607,-0.8179169,1.0982401,0.6099116625155467,-1.7249254401184935,1560.0,200000000000.0,206000000000.0,0.0124,0.024,0.00783,1.229,8.643,4.321,4e-26,0.3,0.0923,0.3749,0.0001,1000,5,512
67,-1.8444228e-12,1458.4996,-2.1421392,1.5766916,-0.86034644,1.1756117,-17.901249727145128,-2.0891488361091817,1560.0,200000000000.0,206000000000.0,0.0124,0.024,0.00783,1.229,8.643,4.321,4e-26,0.3,0.0923,0.3749,0.0001,1000,5,512
68,-1.8346381e-12,1457.0847,-2.043274,1.6192838,-0.9201015,1.1738328,-1.4783958918738023,-1.4098512431822776,1560.0,200000000000.0,206000000000.0,0.0124,0.024,0.00783,1.229,8.643,4.321,4e-26,0.3,0.0923,0.3749,0.0001,1000,5,512
69,-1.8248532e-12,1455.6724,-1.9436626,1.7212697,-0.97759193,1.1163198,4.22804193898784,-2.364842407572098,1560.0,200000000000.0,206000000000.0,0.0124,0.024,0.00783,1.229,8.643,4.321,4e-26,0.3,0.0923,0.3749,0.0001,1000,5,512
70,-1.8150685e-12,1454.263,-1.814848,1.870586,-1.056071,1.0415745,5.74631451504284,-4.512894184505647,1560.0,200000000000.0,206000000000.0,0.0124,0.024,0.00783,1.229,8.643,4.321,4e-26,0.3,0.0923,0.3749,0.0001,1000,5,512
71,-1.8052837e-12,1452.8562,-1.7055712,2.0982327,-1.1238528,0.9726495,6.43429370620623,-6.409330459195978,1560.0,200000000000.0,206000000000.0,0.0124,0.024,0.00783,1.229,8.643,4.321,4e-26,0.3,0.0923,0.3749,0.0001,1000,5,512
72,-1.795499e-12,1451.452,-1.7012907,2.3679528,-1.13327,0.9116822,6.482100940086227,-8.239335789715284,1560.0,200000000000.0,206000000000.0,0.0124,0.024,0.00783,1.229,8.643,4.321,4e-26,0.3,0.0923,0.3749,0.0001,1000,5,512
73,-1.7857143e-12,1450.0507,-1.8100235,2.58243,-1.1137651,0.85801995,5.490994203387505,-10.697296652369687,1560.0,200000000000.0,206000000000.0,0.0124,0.024,0.00783,1.229,8.643,4.321,4e-26,0.3,0.0923,0.3749,0.0001,1000,5,512
74,-1.7759296e-12,1448.6521,-1.9635711,2.7081628,-1.0978398,0.7960768,4.8572929352408565,-12.539671152565447,1560.0,200000000000.0,206000000000.0,0.0124,0.024,0.00783,1.229,8.643,4.321,4e-26,0.3,0.0923,0.3749,0.0001,1000,5,512
75,-1.7661448e-12,1447.2561,-2.0936472,2.7698138,-1.0497823,0.7210342,3.9038368776087076,-14.442571920122937,1560.0,200000000000.0,206000000000.0,0.0124,0.024,0.00783,1.229,8.643,4.321,4e-26,0.3,0.0923,0.3749,0.0001,1000,5,512
76,-1.75636e-12,1445.8628,-2.1896036,2.7764766,-0.9529775,0.7005584,2.745153221513842,-16.548720085366433,1560.0,200000000000.0,206000000000.0,0.0124,0.024,0.00783,1.229,8.643,4.321,4e-26,0.3,0.0923,0.3749,0.0001,1000,5,512
77,-1.7465753e-12,1444.4723,-2.2471013,2.7039907,-0.8738777,0.7892727,1.4031035128101053,-18.530593812168533,1560.0,200000000000.0,206000000000.0,0.0124,0.024,0.00783,1.229,8.643,4.321,4e-26,0.3,0.0923,0.3749,0.0001,1000,5,512
78,-1.7367906e-12,1443.0844,-2.2882206,2.5346467,-0.8571943,0.9046383,-0.09845740188924879,-20.632734759369725,1560.0,200000000000.0,206000000000.0,0.0124,0.024,0.00783,1.229,8.643,4.321,4e-26,0.3,0.0923,0.3749,0.0001,1000,5,512
79,-1.7270058e-12,1441.6991,-2.3250544,2.2792985,-0.8557164,0.9715995,-1.8701014996388636,-23.289862374560997,1560.0,200000000000.0,206000000000.0,0.0124,0.024,0.00783,1.229,8.643,4.321,4e-26,0.3,0.0923,0.3749,0.0001,1000,5,512
80,-1.7172211e-12,1440.3165,-2.327101,2.0018234,-0.83175987,1.0355641,-3.916869552822668,-25.31688332290757,1560.0,200000000000.0,206000000000.0,0.0124,0.024,0.00783,1.229,8.643,4.321,4e-26,0.3,0.0923,0.3749,0.0001,1000,5,512
81,-1.7074364e-12,1438.9365,-2.2502208,1.795778,-0.8234097,1.1240456,-6.5114303722379745,-28.164473414123506,1560.0,200000000000.0,206000000000.0,0.0124,0.024,0.00783,1.229,8.643,4.321,4e-26,0.3,0.0923,0.3749,0.0001,1000,5,512
82,-1.6976517e-12,1437.5592,-2.1097345,1.7333852,-0.8643021,1.1823976,-10.052919792735402,-31.63868189634546,1560.0,200000000000.0,206000000000.0,0.0124,0.024,0.00783,1.229,8.643,4.321,4e-26,0.3,0.0923,0.3749,0.0001,1000,5,512
83,-1.687867e-12,1436.1847,-1.973125,1.7843524,-0.92188066,1.1784912,-15.48758530759602,-36.33739741130863,1560.0,200000000000.0,206000000000.0,0.0124,0.024,0.00783,1.229,8.643,4.321,4e-26,0.3,0.0923,0.3749,0.0001,1000,5,512
84,-1.6780823e-12,1434.8126,-1.8602513,1.8721681,-0.9932025,1.1335561,-21.728882593193823,-45.99010850161635,1560.0,200000000000.0,206000000000.0,0.0124,0.024,0.00783,1.229,8.643,4.321,4e-26,0.3,0.0923,0.3749,0.0001,1000,5,512
85,-1.6682974e-12,1433.4431,-1.757172,1.9837844,-1.0749942,1.0746505,-19.56660581404053,-41.95297729362561,1560.0,200000000000.0,206000000000.0,0.0124,0.024,0.00783,1.229,8.643,4.321,4e-26,0.3,0.0923,0.3749,0.0001,1000,5,512
86,-1.6585127e-12,1432.0764,-1.689079,2.1712868,-1.1268196,1.015398,-16.072184475750376,-38.265595603813296,1560.0,200000000000.0,206000000000.0,0.0124,0.024,0.00783,1.229,8.643,4.321,4e-26,0.3,0.0923,0.3749,0.0001,1000,5,512
87,-1.6487279e-12,1430.7122,-1.7191476,2.4096096,-1.1093997,0.95295197,-14.336529356514028,-36.32994083431653,1560.0,200000000000.0,206000000000.0,0.0124,0.024,0.00783,1.229,8.643,4.321,4e-26,0.3,0.0923,0.3749,0.0001,1000,5,512
88,-1.6389432e-12,1429.3505,-1.8452214,2.6181302,-1.0745248,0.9039801,-10.921384855825842,-33.2189646088404,1560.0,200000000000.0,206000000000.0,0.0124,0.024,0.00783,1.229,8.643,4.321,4e-26,0.3,0.0923,0.3749,0.0001,1000,5,512
89,-1.6291585e-12,1427.9915,-1.9971727,2.7531135,-1.0573516,0.8483158,-8.073890433339692,-29.896233501650343,1560.0,200000000000.0,206000000000.0,0.0124,0.024,0.00783,1.229,8.643,4.321,4e-26,0.3,0.0923,0.3749,0.0001,1000,5,512
90,-1.6193738e-12,1426.6351,-2.1233044,2.8158848,-1.0266932,0.7790622,-7.353478880659793,-28.190759408434545,1560.0,200000000000.0,206000000000.0,0.0124,0.024,0.00783,1.229,8.643,4.321,4e-26,0.3,0.0923,0.3749,0.0001,1000,5,512
91,-1.6095891e-12,1425.2812,-2.2038836,2.8107944,-0.9345681,0.75900835,-8.001645603145612,-28.910501729649773,1560.0,200000000000.0,206000000000.0,0.0124,0.024,0.00783,1.229,8.643,4.321,4e-26,0.3,0.0923,0.3749,0.0001,1000,5,512
92,-1.5998043e-12,1423.9299,-2.2541068,2.7223978,-0.8570588,0.8499882,-9.364966596936505,-29.509659409713514,1560.0,200000000000.0,206000000000.0,0.0124,0.024,0.00783,1.229,8.643,4.321,4e-26,0.3,0.0923,0.3749,0.0001,1000,5,512
93,-1.5900196e-12,1422.5812,-2.2984202,2.5564759,-0.8386759,0.96158,-11.037121857607644,-30.59979578822027,1560.0,200000000000.0,206000000000.0,0.0124,0.024,0.00783,1.229,8.643,4.321,4e-26,0.3,0.0923,0.3749,0.0001,1000,5,512
94,-1.5802349e-12,1421.235,-2.3476558,2.3311331,-0.83596075,1.020515,-13.022077832926868,-31.46358247721564,1560.0,200000000000.0,206000000000.0,0.0124,0.024,0.00783,1.229,8.643,4.321,4e-26,0.3,0.0923,0.3749,0.0001,1000,5,512
95,-1.5704502e-12,1419.8914,-2.34919,2.0993943,-0.81963366,1.0756464,-15.068576386943924,-33.160550087470014,1560.0,200000000000.0,206000000000.0,0.0124,0.024,0.00783,1.229,8.643,4.321,4e-26,0.3,0.0923,0.3749,0.0001,1000,5,512
96,-1.5606653e-12,1418.5503,-2.247511,1.9325182,-0.82713765,1.1424965,-17.111970008623857,-33.62605401429151,1560.0,200000000000.0,206000000000.0,0.0124,0.024,0.00783,1.229,8.643,4.321,4e-26,0.3,0.0923,0.3749,0.0001,1000,5,512
97,-1.5508806e-12,1417.2117,-2.0651524,1.8854575,-0.8698195,1.183333,-18.2648112101706,-32.90317033429843,1560.0,200000000000.0,206000000000.0,0.0124,0.024,0.00783,1.229,8.643,4.321,4e-26,0.3,0.0923,0.3749,0.0001,1000,5,512
98,-1.5410959e-12,1415.8755,-1.8971237,1.9360529,-0.9299715,1.1806506,-17.56150511535828,-31.234344154533666,1560.0,200000000000.0,206000000000.0,0.0124,0.024,0.00783,1.229,8.643,4.321,4e-26,0.3,0.0923,0.3749,0.0001,1000,5,512
99,-1.5313112e-12,1414.5421,-1.7880424,2.00722,-1.0052661,1.1513481,-14.474362538972684,-25.811578155957463,1560.0,200000000000.0,206000000000.0,0.0124,0.024,0.00783,1.229,8.643,4.321,4e-26,0.3,0.0923,0.3749,0.0001,1000,5,512
100,-1.5215265e-12,1413.211,-1.7185858,2.0910804,-1.0847334,1.1093537,-8.791939220803393,-16.63460371557484,1560.0,200000000000.0,206000000000.0,0.0124,0.024,0.00783,1.229,8.643,4.321,4e-26,0.3,0.0923,0.3749,0.0001,1000,5,512
101,-1.5117416e-12,1411.8826,-1.6868587,2.244521,-1.1186728,1.0545535,-0.04744837084443532,-2.513796754652205,1560.0,200000000000.0,206000000000.0,0.0124,0.024,0.00783,1.229,8.643,4.321,4e-26,0.3,0.0923,0.3749,0.0001,1000,5,512
102,-1.501957e-12,1410.5566,-1.7346408,2.4606876,-1.0841415,0.9869851,-30.0493897005071,-16.530381051874812,1560.0,200000000000.0,206000000000.0,0.0124,0.024,0.00783,1.229,8.643,4.321,4e-26,0.3,0.0923,0.3749,0.0001,1000,5,512
103,-1.4921722e-12,1409.233,-1.8536826,2.6642673,-1.0370604,0.9370773,-23.725996579711214,-22.6456535329313,1560.0,200000000000.0,206000000000.0,0.0124,0.024,0.00783,1.229,8.643,4.321,4e-26,0.3,0.0923,0.3749,0.0001,1000,5,512
104,-1.4823875e-12,1407.9119,-1.9994588,2.796062,-1.0292815,0.89136237,-21.405218379457168,-27.85662392166776,1560.0,200000000000.0,206000000000.0,0.0124,0.024,0.00783,1.229,8.643,4.321,4e-26,0.3,0.0923,0.3749,0.0001,1000,5,512
105,-1.4726027e-12,1406.5935,-2.1214983,2.8491697,-1.0024836,0.83345276,-20.70671923532811,-30.90250990604087,1560.0,200000000000.0,206000000000.0,0.0124,0.024,0.00783,1.229,8.643,4.321,4e-26,0.3,0.0923,0.3749,0.0001,1000,5,512
106,-1.462818e-12,1405.2773,-2.2122438,2.820291,-0.9203908,0.8236163,-20.136751498025724,-32.43201284779669,1560.0,200000000000.0,206000000000.0,0.0124,0.024,0.00783,1.229,8.643,4.321,4e-26,0.3,0.0923,0.3749,0.0001,1000,5,512
107,-1.4530333e-12,1403.9635,-2.2689538,2.716035,-0.8374941,0.91271144,-20.137896256783428,-34.980521426458154,1560.0,200000000000.0,206000000000.0,0.0124,0.024,0.00783,1.229,8.643,4.321,4e-26,0.3,0.0923,0.3749,0.0001,1000,5,512
108,-1.4432484e-12,1402.6523,-2.3214853,2.564747,-0.8120251,1.01233,-22.332392023256624,-37.044612743620206,1560.0,200000000000.0,206000000000.0,0.0124,0.024,0.00783,1.229,8.643,4.321,4e-26,0.3,0.0923,0.3749,0.0001,1000,5,512
109,-1.4334637e-12,1401.3436,-2.3697097,2.3840714,-0.8117367,1.0638294,-22.523587848176504,-41.22635227854178,1560.0,200000000000.0,206000000000.0,0.0124,0.024,0.00783,1.229,8.643,4.321,4e-26,0.3,0.0923,0.3749,0.0001,1000,5,512
110,-1.423679e-12,1400.0374,-2.3571396,2.200274,-0.80836105,1.1059653,-22.46941256750376,-39.51175234370855,1560.0,200000000000.0,206000000000.0,0.0124,0.024,0.00783,1.229,8.643,4.321,4e-26,0.3,0.0923,0.3749,0.0001,1000,5,512
111,-1.4138943e-12,1398.7335,-2.224927,2.0669894,-0.82786554,1.1562761,-22.329711580150963,-41.83981620785761,1560.0,200000000000.0,206000000000.0,0.0124,0.024,0.00783,1.229,8.643,4.321,4e-26,0.3,0.0923,0.3749,0.0001,1000,5,512
112,-1.4041096e-12,1397.432,-2.0078902,2.0240479,-0.8772598,1.1866547,-22.10642207511229,-40.40543791193572,1560.0,200000000000.0,206000000000.0,0.0124,0.024,0.00783,1.229,8.643,4.321,4e-26,0.3,0.0923,0.3749,0.0001,1000,5,512
113,-1.3943249e-12,1396.133,-1.8273414,2.0622306,-0.9376015,1.1895702,-21.544118524192726,-41.001875649797086,1560.0,200000000000.0,206000000000.0,0.0124,0.024,0.00783,1.229,8.643,4.321,4e-26,0.3,0.0923,0.3749,0.0001,1000,5,512
114,-1.3845402e-12,1394.8363,-1.7330527,2.1165936,-1.0098686,1.1732948,-21.163950520079794,-43.16194994043937,1560.0,200000000000.0,206000000000.0,0.0124,0.024,0.00783,1.229,8.643,4.321,4e-26,0.3,0.0923,0.3749,0.0001,1000,5,512
115,-1.3747555e-12,1393.5422,-1.6945614,2.1887794,-1.0822346,1.141956,-21.309501489410252,-39.470832846228376,1560.0,200000000000.0,206000000000.0,0.0124,0.024,0.00783,1.229,8.643,4.321,4e-26,0.3,0.0923,0.3749,0.0001,1000,5,512
116,-1.3649707e-12,1392.2504,-1.6906583,2.3304927,-1.1047264,1.0807158,-21.36367583698886,-40.42107295861727,1560.0,200000000000.0,206000000000.0,0.0124,0.024,0.00783,1.229,8.643,4.321,4e-26,0.3,0.0923,0.3749,0.0001,1000,5,512
117,-1.3551858e-12,1390.9609,-1.7370876,2.5283632,-1.0535499,1.0093902,-22.33840615103537,-50.93577064891379,1560.0,200000000000.0,206000000000.0,0.0124,0.024,0.00783,1.229,8.643,4.321,4e-26,0.3,0.0923,0.3749,0.0001,1000,5,512
118,-1.3454011e-12,1389.674,-1.8411205,2.715355,-1.005745,0.96349555,-23.569016706054683,-53.73159893072079,1560.0,200000000000.0,206000000000.0,0.0124,0.024,0.00783,1.229,8.643,4.321,4e-26,0.3,0.0923,0.3749,0.0001,1000,5,512
119,-1.3356164e-12,1388.3893,-1.9765168,2.832805,-1.0032723,0.9342321,-25.79550733442332,-46.38541955186875,1560.0,200000000000.0,206000000000.0,0.0124,0.024,0.00783,1.229,8.643,4.321,4e-26,0.3,0.0923,0.3749,0.0001,1000,5,512
120,-1.3258317e-12,1387.1069,-2.10884,2.864959,-0.9863335,0.8903314,-29.120806831906513,-45.07026817781903,1560.0,200000000000.0,206000000000.0,0.0124,0.024,0.00783,1.229,8.643,4.321,4e-26,0.3,0.0923,0.3749,0.0001,1000,5,512
121,-1.316047e-12,1385.8271,-2.217011,2.8137605,-0.8974742,0.88990515,-34.415438159024745,-54.592294848476,1560.0,200000000000.0,206000000000.0,0.0124,0.024,0.00783,1.229,8.643,4.321,4e-26,0.3,0.0923,0.3749,0.0001,1000,5,512
122,-1.3062623e-12,1384.5494,-2.2913902,2.7011752,-0.8132068,0.97133243,-31.069032302791683,-50.52658418149038,1560.0,200000000000.0,206000000000.0,0.0124,0.024,0.00783,1.229,8.643,4.321,4e-26,0.3,0.0923,0.3749,0.0001,1000,5,512
123,-1.2964776e-12,1383.2743,-2.3419929,2.570481,-0.7818612,1.0553882,-27.282788592691062,-47.7978736945461,1560.0,200000000000.0,206000000000.0,0.0124,0.024,0.00783,1.229,8.643,4.321,4e-26,0.3,0.0923,0.3749,0.0001,1000,5,512
124,-1.2866926e-12,1382.0016,-2.3780184,2.4403667,-0.78457683,1.09604,-25.065123379869505,-47.48462607227067,1560.0,200000000000.0,206000000000.0,0.0124,0.024,0.00783,1.229,8.643,4.321,4e-26,0.3,0.0923,0.3749,0.0001,1000,5,512
125,-1.2769079e-12,1380.731,-2.3409972,2.304307,-0.79758495,1.131921,-24.70235871864797,-44.307068055320485,1560.0,200000000000.0,206000000000.0,0.0124,0.024,0.00783,1.229,8.643,4.321,4e-26,0.3,0.0923,0.3749,0.0001,1000,5,512
126,-1.2671232e-12,1379.4628,-2.1814225,2.1848385,-0.83203167,1.1733638,-25.2875615300823,-44.643206662845,1560.0,200000000000.0,206000000000.0,0.0124,0.024,0.00783,1.229,8.643,4.321,4e-26,0.3,0.0923,0.3749,0.0001,1000,5,512
127,-1.2573385e-12,1378.197,-1.9532317,2.1397166,-0.8867048,1.1979094,-25.93604425057977,-44.64169638037379,1560.0,200000000000.0,206000000000.0,0.0124,0.024,0.00783,1.229,8.643,4.321,4e-26,0.3,0.0923,0.3749,0.0001,1000,5,512
128,-1.2475538e-12,1376.9333,-1.7765615,2.167326,-0.9414483,1.1996454,-27.047785204663143,-46.55917817067204,1560.0,200000000000.0,206000000000.0,0.0124,0.024,0.00783,1.229,8.643,4.321,4e-26,0.3,0.0923,0.3749,0.0001,1000,5,512
129,-1.2377691e-12,1375.6721,-1.6995441,2.2181315,-1.0041163,1.1947616,-29.613982088961293,-53.34376986222489,1560.0,200000000000.0,206000000000.0,0.0124,0.024,0.00783,1.229,8.643,4.321,4e-26,0.3,0.0923,0.3749,0.0001,1000,5,512
130,-1.2279844e-12,1374.4133,-1.6828247,2.2940116,-1.0689112,1.1653461,-31.81019055562868,-50.13430487395627,1560.0,200000000000.0,206000000000.0,0.0124,0.024,0.00783,1.229,8.643,4.321,4e-26,0.3,0.0923,0.3749,0.0001,1000,5,512
131,-1.2181997e-12,1373.1567,-1.6856267,2.4286292,-1.0844946,1.1021398,-36.891938669434424,-47.09460872360066,1560.0,200000000000.0,206000000000.0,0.0124,0.024,0.00783,1.229,8.643,4.321,4e-26,0.3,0.0923,0.3749,0.0001,1000,5,512
132,-1.208415e-12,1371.9023,-1.7230691,2.6032608,-1.0288652,1.0218394,-43.81190498067825,-55.29859313942194,1560.0,200000000000.0,206000000000.0,0.0124,0.024,0.00783,1.229,8.643,4.321,4e-26,0.3,0.0923,0.3749,0.0001,1000,5,512
133,-1.1986301e-12,1370.6503,-1.8100942,2.7623465,-0.98423195,0.9833024,-43.83744442494485,-66.21081184896371,1560.0,200000000000.0,206000000000.0,0.0124,0.024,0.00783,1.229,8.643,4.321,4e-26,0.3,0.0923,0.3749,0.0001,1000,5,512
134,-1.1888454e-12,1369.4006,-1.9392295,2.8571901,-0.98584557,0.9735986,-34.81445881971224,-46.52047937319682,1560.0,200000000000.0,206000000000.0,0.0124,0.024,0.00783,1.229,8.643,4.321,4e-26,0.3,0.0923,0.3749,0.0001,1000,5,512
135,-1.1790606e-12,1368.1531,-2.0909607,2.8677473,-0.96339554,0.94867593,-31.20269701211005,-39.29563831541161,1560.0,200000000000.0,206000000000.0,0.0124,0.024,0.00783,1.229,8.643,4.321,4e-26,0.3,0.0923,0.3749,0.0001,1000,5,512
136,-1.1692759e-12,1366.908,-2.225313,2.7980852,-0.8740444,0.95728225,-28.68043981686769,-33.16894407501957,1560.0,200000000000.0,206000000000.0,0.0124,0.024,0.00783,1.229,8.643,4.321,4e-26,0.3,0.0923,0.3749,0.0001,1000,5,512
137,-1.1594912e-12,1365.665,-2.3131516,2.686908,-0.78414816,1.0212485,-12.25022820170512,-7.191710013765324,1560.0,200000000000.0,206000000000.0,0.0124,0.024,0.00783,1.229,8.643,4.321,4e-26,0.3,0.0923,0.3749,0.0001,1000,5,512
138,-1.1497065e-12,1364.4243,-2.353739,2.5842617,-0.7519942,1.0859648,-38.744672995071184,-36.70552255099426,1560.0,200000000000.0,206000000000.0,0.0124,0.024,0.00783,1.229,8.643,4.321,4e-26,0.3,0.0923,0.3749,0.0001,1000,5,512
139,-1.1399218e-12,1363.1859,-2.361405,2.494859,-0.7625546,1.1216334,-36.34465241739518,-41.8756695965334,1560.0,200000000000.0,206000000000.0,0.0124,0.024,0.00783,1.229,8.643,4.321,4e-26,0.3,0.0923,0.3749,0.0001,1000,5,512
140,-1.1301369e-12,1361.9498,-2.3011334,2.3937464,-0.79093486,1.1598195,-35.6011491266739,-46.547570186036296,1560.0,200000000000.0,206000000000.0,0.0124,0.024,0.00783,1.229,8.643,4.321,4e-26,0.3,0.0923,0.3749,0.0001,1000,5,512
141,-1.1203522e-12,1360.7158,-2.1313753,2.2859075,-0.83542895,1.195665,-40.087747700454685,-54.611651813759664,1560.0,200000000000.0,206000000000.0,0.0124,0.024,0.00783,1.229,8.643,4.321,4e-26,0.3,0.0923,0.3749,0.0001,1000,5,512
142,-1.1105675e-12,1359.4843,-1.9077797,2.2327218,-0.89061946,1.2099518,-41.64048491587556,-52.936420305695506,1560.0,200000000000.0,206000000000.0,0.0124,0.024,0.00783,1.229,8.643,4.321,4e-26,0.3,0.0923,0.3749,0.0001,1000,5,512
143,-1.1007828e-12,1358.2548,-1.7460636,2.2534902,-0.93590194,1.210289,-43.123740502586514,-48.63542590204632,1560.0,200000000000.0,206000000000.0,0.0124,0.024,0.00783,1.229,8.643,4.321,4e-26,0.3,0.0923,0.3749,0.0001,1000,5,512
144,-1.0909981e-12,1357.0275,-1.6812136,2.3145785,-0.9894485,1.2065014,-40.06044016679654,-57.47527362501678,1560.0,200000000000.0,206000000000.0,0.0124,0.024,0.00783,1.229,8.643,4.321,4e-26,0.3,0.0923,0.3749,0.0001,1000,5,512
145,-1.0812134e-12,1355.8024,-1.6679645,2.4060583,-1.0480205,1.185226,-41.19398453776131,-61.22433289911572,1560.0,200000000000.0,206000000000.0,0.0124,0.024,0.00783,1.229,8.643,4.321,4e-26,0.3,0.0923,0.3749,0.0001,1000,5,512
146,-1.0714286e-12,1354.5796,-1.6696272,2.5330904,-1.064509,1.1110989,-38.64792416696075,-48.849224723228005,1560.0,200000000000.0,206000000000.0,0.0124,0.024,0.00783,1.229,8.643,4.321,4e-26,0.3,0.0923,0.3749,0.0001,1000,5,512
147,-1.0616439e-12,1353.3589,-1.6949567,2.678668,-1.0127528,1.0278385,-39.249632840403365,-71.93501041056606,1560.0,200000000000.0,206000000000.0,0.0124,0.024,0.00783,1.229,8.643,4.321,4e-26,0.3,0.0923,0.3749,0.0001,1000,5,512
148,-1.0518592e-12,1352.1405,-1.770479,2.802407,-0.9656123,1.0036478,-41.86416001054556,-54.176772190237244,1560.0,200000000000.0,206000000000.0,0.0124,0.024,0.00783,1.229,8.643,4.321,4e-26,0.3,0.0923,0.3749,0.0001,1000,5,512
149,-1.0420743e-12,1350.9243,-1.9040418,2.8663063,-0.96372056,1.0177491,-40.12160329430213,-53.79224455209862,1560.0,200000000000.0,206000000000.0,0.0124,0.024,0.00783,1.229,8.643,4.321,4e-26,0.3,0.0923,0.3749,0.0001,1000,5,512
150,-1.0322896e-12,1349.7102,-2.0780756,2.862508,-0.9332121,1.0049587,-41.4437665739094,-54.153354714990854,1560.0,200000000000.0,206000000000.0,0.0124,0.024,0.00783,1.229,8.643,4.321,4e-26,0.3,0.0923,0.3749,0.0001,1000,5,512
151,-1.0225049e-12,1348.4984,-2.2342384,2.7870545,-0.8406445,1.0121479,-40.10780602736307,-50.26474415236103,1560.0,200000000000.0,206000000000.0,0.0124,0.024,0.00783,1.229,8.643,4.321,4e-26,0.3,0.0923,0.3749,0.0001,1000,5,512
152,-1.0127202e-12,1347.2887,-2.3249135,2.685976,-0.75568974,1.0618963,-38.85500968827668,-53.09013304549444,1560.0,200000000000.0,206000000000.0,0.0124,0.024,0.00783,1.229,8.643,4.321,4e-26,0.3,0.0923,0.3749,0.0001,1000,5,512
153,-1.0029355e-12,1346.0813,-2.3453088,2.603978,-0.72929394,1.111393,-37.34844673764823,-58.206603959038574,1560.0,200000000000.0,206000000000.0,0.0124,0.024,0.00783,1.229,8.643,4.321,4e-26,0.3,0.0923,0.3749,0.0001,1000,5,512
154,-9.931508e-13,1344.8759,-2.3236008,2.546082,-0.7444543,1.1447803,-34.95536666552218,-47.30253528754312,1560.0,200000000000.0,206000000000.0,0.0124,0.024,0.00783,1.229,8.643,4.321,4e-26,0.3,0.0923,0.3749,0.0001,1000,5,512
155,-9.833661e-13,1343.6727,-2.245721,2.4639063,-0.78613454,1.1843796,-35.57463066017256,-51.34876729616316,1560.0,200000000000.0,206000000000.0,0.0124,0.024,0.00783,1.229,8.643,4.321,4e-26,0.3,0.0923,0.3749,0.0001,1000,5,512
156,-9.735811e-13,1342.4716,-2.0814521,2.3608959,-0.83430237,1.2226503,-34.340074700723704,-53.33720678557073,1560.0,200000000000.0,206000000000.0,0.0124,0.024,0.00783,1.229,8.643,4.321,4e-26,0.3,0.0923,0.3749,0.0001,1000,5,512
157,-9.637964e-13,1341.2727,-1.8804729,2.302885,-0.88720256,1.2245163,-33.54366672618234,-59.01405955821589,1560.0,200000000000.0,206000000000.0,0.0124,0.024,0.00783,1.229,8.643,4.321,4e-26,0.3,0.0923,0.3749,0.0001,1000,5,512
158,-9.540117e-13,1340.0759,-1.7350372,2.333019,-0.92615634,1.2173218,-32.9069750647338,-47.102908337538906,1560.0,200000000000.0,206000000000.0,0.0124,0.024,0.00783,1.229,8.643,4.321,4e-26,0.3,0.0923,0.3749,0.0001,1000,5,512
159,-9.44227e-13,1338.8813,-1.6709803,2.4138737,-0.96867794,1.2143236,-32.702563190765225,-47.86353814210473,1560.0,200000000000.0,206000000000.0,0.0124,0.024,0.00783,1.229,8.643,4.321,4e-26,0.3,0.0923,0.3749,0.0001,1000,5,512
160,-9.344423e-13,1337.6888,-1.6481941,2.5197334,-1.0257859,1.193032,-33.29256374802394,-51.13013732160566,1560.0,200000000000.0,206000000000.0,0.0124,0.024,0.00783,1.229,8.643,4.321,4e-26,0.3,0.0923,0.3749,0.0001,1000,5,512
161,-9.246575e-13,1336.4985,-1.6371073,2.637877,-1.0457125,1.1165339,-34.625664535367775,-55.25333773457453,1560.0,200000000000.0,206000000000.0,0.0124,0.024,0.00783,1.229,8.643,4.321,4e-26,0.3,0.0923,0.3749,0.0001,1000,5,512
162,-9.148728e-13,1335.3102,-1.6598517,2.7460153,-0.9991753,1.0411739,-34.19647693383099,-56.651567279211164,1560.0,200000000000.0,206000000000.0,0.0124,0.024,0.00783,1.229,8.643,4.321,4e-26,0.3,0.0923,0.3749,0.0001,1000,5,512
163,-9.050881e-13,1334.124,-1.7369971,2.8244898,-0.95101637,1.0290154,-35.05837853304574,-45.96423696277532,1560.0,200000000000.0,206000000000.0,0.0124,0.024,0.00783,1.229,8.643,4.321,4e-26,0.3,0.0923,0.3749,0.0001,1000,5,512
164,-8.953034e-13,1332.94,-1.88091,2.8662908,-0.94259334,1.0569744,-36.71276265603596,-51.74831566813512,1560.0,200000000000.0,206000000000.0,0.0124,0.024,0.00783,1.229,8.643,4.321,4e-26,0.3,0.0923,0.3749,0.0001,1000,5,512
165,-8.855185e-13,1331.758,-2.067048,2.8550892,-0.8974174,1.0543205,-37.474980427377176,-49.01909122727528,1560.0,200000000000.0,206000000000.0,0.0124,0.024,0.00783,1.229,8.643,4.321,4e-26,0.3,0.0923,0.3749,0.0001,1000,5,512
166,-8.7573384e-13,1330.5781,-2.2330914,2.7838867,-0.80506116,1.0571493,-37.23936163483103,-50.20420740068133,1560.0,200000000000.0,206000000000.0,0.0124,0.024,0.00783,1.229,8.643,4.321,4e-26,0.3,0.0923,0.3749,0.0001,1000,5,512
167,-8.6594913e-13,1329.4004,-2.3145583,2.691216,-0.7314208,1.0902653,-37.75128101034153,-49.93194041561587,1560.0,200000000000.0,206000000000.0,0.0124,0.024,0.00783,1.229,8.643,4.321,4e-26,0.3,0.0923,0.3749,0.0001,1000,5,512
168,-8.561644e-13,1328.2249,-2.3106844,2.6247227,-0.7103111,1.129508,-39.590021382690836,-44.68554584221938,1560.0,200000000000.0,206000000000.0,0.0124,0.024,0.00783,1.229,8.643,4.321,4e-26,0.3,0.0923,0.3749,0.0001,1000,5,512
169,-8.4637966e-13,1327.0511,-2.2668839,2.5831013,-0.7298627,1.1665996,-37.16984044956018,-51.14605847653735,1560.0,200000000000.0,206000000000.0,0.0124,0.024,0.00783,1.229,8.643,4.321,4e-26,0.3,0.0923,0.3749,0.0001,1000,5,512
170,-8.3659495e-13,1325.8795,-2.187159,2.511113,-0.7750339,1.216434,-39.38710058142439,-48.16575678409053,1560.0,200000000000.0,206000000000.0,0.0124,0.024,0.00783,1.229,8.643,4.321,4e-26,0.3,0.0923,0.3749,0.0001,1000,5,512
171,-8.2681025e-13,1324.7102,-2.04288,2.4145522,-0.8284694,1.2476012,-39.171981574592195,-50.48297017579952,1560.0,200000000000.0,206000000000.0,0.0124,0.024,0.00783,1.229,8.643,4.321,4e-26,0.3,0.0923,0.3749,0.0001,1000,5,512
172,-8.170254e-13,1323.5427,-1.8676907,2.368036,-0.87775683,1.2388448,-37.64982417688779,-39.49295786042826,1560.0,200000000000.0,206000000000.0,0.0124,0.024,0.00783,1.229,8.643,4.321,4e-26,0.3,0.0923,0.3749,0.0001,1000,5,512
173,-8.072406e-13,1322.3773,-1.7310057,2.4117947,-0.9095959,1.2197223,-42.95886009351649,-25.68669759225518,1560.0,200000000000.0,206000000000.0,0.0124,0.024,0.00783,1.229,8.643,4.321,4e-26,0.3,0.0923,0.3749,0.0001,1000,5,512
174,-7.974559e-13,1321.2142,-1.6525631,2.5128543,-0.9436097,1.2153473,-43.77337012985922,-40.904990047355625,1560.0,200000000000.0,206000000000.0,0.0124,0.024,0.00783,1.229,8.643,4.321,4e-26,0.3,0.0923,0.3749,0.0001,1000,5,512
175,-7.8767125e-13,1320.0529,-1.6089597,2.6260421,-1.0032624,1.1966349,-41.6519558525565,-44.357030340536184,1560.0,200000000000.0,206000000000.0,0.0124,0.024,0.00783,1.229,8.643,4.321,4e-26,0.3,0.0923,0.3749,0.0001,1000,5,512
176,-7.7788654e-13,1318.8937,-1.5940614,2.7295442,-1.0309013,1.1263775,-39.68596358257798,-55.54489645964429,1560.0,200000000000.0,206000000000.0,0.0124,0.024,0.00783,1.229,8.643,4.321,4e-26,0.3,0.0923,0.3749,0.0001,1000,5,512
177,-7.681018e-13,1317.7366,-1.6242328,2.7994802,-0.9859359,1.0550548,-38.856462218243095,-48.552245869871,1560.0,200000000000.0,206000000000.0,0.0124,0.024,0.00783,1.229,8.643,4.321,4e-26,0.3,0.0923,0.3749,0.0001,1000,5,512
178,-7.583171e-13,1316.5813,-1.7152337,2.8401785,-0.93628436,1.0575958,-39.560790393151265,-57.35147316608008,1560.0,200000000000.0,206000000000.0,0.0124,0.024,0.00783,1.229,8.643,4.321,4e-26,0.3,0.0923,0.3749,0.0001,1000,5,512
179,-7.4853237e-13,1315.4282,-1.869451,2.866561,-0.91312236,1.0922142,-40.32067059330832,-51.52421414896298,1560.0,200000000000.0,206000000000.0,0.0124,0.024,0.00783,1.229,8.643,4.321,4e-26,0.3,0.0923,0.3749,0.0001,1000,5,512
180,-7.3874766e-13,1314.2771,-2.0563421,2.857198,-0.8582799,1.094632,-40.61328603774696,-53.39546183637849,1560.0,200000000000.0,206000000000.0,0.0124,0.024,0.00783,1.229,8.643,4.321,4e-26,0.3,0.0923,0.3749,0.0001,1000,5,512
181,-7.2896273e-13,1313.128,-2.2134712,2.793858,-0.7737261,1.0932108,-41.07102872935725,-48.37924097573075,1560.0,200000000000.0,206000000000.0,0.0124,0.024,0.00783,1.229,8.643,4.321,4e-26,0.3,0.0923,0.3749,0.0001,1000,5,512
182,-7.19178e-13,1311.9808,-2.2805972,2.7060807,-0.71372867,1.1168336,-39.0017549182089,-58.8566464125752,1560.0,200000000000.0,206000000000.0,0.0124,0.024,0.00783,1.229,8.643,4.321,4e-26,0.3,0.0923,0.3749,0.0001,1000,5,512
183,-7.093934e-13,1310.8357,-2.2562723,2.6405375,-0.703416,1.1515847,-45.648184636935255,-51.97873868615538,1560.0,200000000000.0,206000000000.0,0.0124,0.024,0.00783,1.229,8.643,4.321,4e-26,0.3,0.0923,0.3749,0.0001,1000,5,512
184,-6.9960867e-13,1309.6927,-2.2056508,2.6036758,-0.7227948,1.1932026,-42.167397629616886,-52.36273630299932,1560.0,200000000000.0,206000000000.0,0.0124,0.024,0.00783,1.229,8.643,4.321,4e-26,0.3,0.0923,0.3749,0.0001,1000,5,512
185,-6.898239e-13,1308.5516,-2.1345937,2.5410037,-0.75902355,1.2457496,-48.32994185990252,-58.94572416779144,1560.0,200000000000.0,206000000000.0,0.0124,0.024,0.00783,1.229,8.643,4.321,4e-26,0.3,0.0923,0.3749,0.0001,1000,5,512
186,-6.800392e-13,1307.4126,-2.0149634,2.4579837,-0.8125383,1.2725662,-46.19772393384605,-56.188677222767524,1560.0,200000000000.0,206000000000.0,0.0124,0.024,0.00783,1.229,8.643,4.321,4e-26,0.3,0.0923,0.3749,0.0001,1000,5,512
187,-6.702545e-13,1306.2754,-1.8625184,2.4298987,-0.8613479,1.2483134,-47.26833219235429,-56.95948896292563,1560.0,200000000000.0,206000000000.0,0.0124,0.024,0.00783,1.229,8.643,4.321,4e-26,0.3,0.0923,0.3749,0.0001,1000,5,512
188,-6.604696e-13,1305.1403,-1.7256467,2.4919672,-0.8934794,1.2140284,-44.50604784505701,-51.50741637818109,1560.0,200000000000.0,206000000000.0,0.0124,0.024,0.00783,1.229,8.643,4.321,4e-26,0.3,0.0923,0.3749,0.0001,1000,5,512
189,-6.506849e-13,1304.007,-1.6239396,2.6044037,-0.9256772,1.2138753,-45.560054270820714,-49.73538844118042,1560.0,200000000000.0,206000000000.0,0.0124,0.024,0.00783,1.229,8.643,4.321,4e-26,0.3,0.0923,0.3749,0.0001,1000,5,512
190,-6.409002e-13,1302.876,-1.5636847,2.7227383,-0.984125,1.1997583,-47.97717531904367,-72.61113722968794,1560.0,200000000000.0,206000000000.0,0.0124,0.024,0.00783,1.229,8.643,4.321,4e-26,0.3,0.0923,0.3749,0.0001,1000,5,512
191,-6.311154e-13,1301.7466,-1.5554581,2.8044398,-1.0126462,1.1350489,-46.189000402010805,-52.380978195576546,1560.0,200000000000.0,206000000000.0,0.0124,0.024,0.00783,1.229,8.643,4.321,4e-26,0.3,0.0923,0.3749,0.0001,1000,5,512
192,-6.2133073e-13,1300.6194,-1.605568,2.8428235,-0.9706994,1.077285,-53.66252750370009,-51.87154976198471,1560.0,200000000000.0,206000000000.0,0.0124,0.024,0.00783,1.229,8.643,4.321,4e-26,0.3,0.0923,0.3749,0.0001,1000,5,512
193,-6.11546e-13,1299.494,-1.713548,2.855931,-0.9165082,1.0851761,-49.92801840392666,-78.28505059404817,1560.0,200000000000.0,206000000000.0,0.0124,0.024,0.00783,1.229,8.643,4.321,4e-26,0.3,0.0923,0.3749,0.0001,1000,5,512
194,-6.017613e-13,1298.3705,-1.8631818,2.8672168,-0.8805958,1.1187757,-51.972754754138776,-55.68283791977149,1560.0,200000000000.0,206000000000.0,0.0124,0.024,0.00783,1.229,8.643,4.321,4e-26,0.3,0.0923,0.3749,0.0001,1000,5,512
195,-5.919766e-13,1297.2491,-2.035352,2.862007,-0.81876177,1.1222943,-42.709743764685214,-60.719208519000446,1560.0,200000000000.0,206000000000.0,0.0124,0.024,0.00783,1.229,8.643,4.321,4e-26,0.3,0.0923,0.3749,0.0001,1000,5,512
196,-5.821919e-13,1296.1296,-2.1720195,2.8070533,-0.7458676,1.1206442,-52.522244862230394,-59.877650656661416,1560.0,200000000000.0,206000000000.0,0.0124,0.024,0.00783,1.229,8.643,4.321,4e-26,0.3,0.0923,0.3749,0.0001,1000,5,512
197,-5.7240703e-13,1295.012,-2.2191837,2.7179294,-0.7058058,1.1401074,-46.46653345698712,-54.85459466039622,1560.0,200000000000.0,206000000000.0,0.0124,0.024,0.00783,1.229,8.643,4.321,4e-26,0.3,0.0923,0.3749,0.0001,1000,5,512
198,-5.626222e-13,1293.8962,-2.1900864,2.655019,-0.70078135,1.1731433,-51.3368625438075,-67.9290933809318,1560.0,200000000000.0,206000000000.0,0.0124,0.024,0.00783,1.229,8.643,4.321,4e-26,0.3,0.0923,0.3749,0.0001,1000,5,512
199,-5.528375e-13,1292.7826,-2.1437204,2.6181781,-0.7100154,1.2189026,-61.85328529998684,-81.94228670072859,1560.0,200000000000.0,206000000000.0,0.0124,0.024,0.00783,1.229,8.643,4.321,4e-26,0.3,0.0923,0.3749,0.0001,1000,5,512
200,-5.430528e-13,1291.6708,-2.0948694,2.5643423,-0.7400078,1.2713176,-49.007152915834894,-66.85796956416867,1560.0,200000000000.0,206000000000.0,0.0124,0.024,0.00783,1.229,8.643,4.321,4e-26,0.3,0.0923,0.3749,0.0001,1000,5,512
201,-5.3326815e-13,1290.5608,-2.0017765,2.4973512,-0.7926303,1.290911,-47.9974800411739,-55.152385047465344,1560.0,200000000000.0,206000000000.0,0.0124,0.024,0.00783,1.229,8.643,4.321,4e-26,0.3,0.0923,0.3749,0.0001,1000,5,512
202,-5.2348344e-13,1289.4529,-1.85988,2.4830663,-0.8459475,1.2518257,-50.56222085483748,-59.6238426915191,1560.0,200000000000.0,206000000000.0,0.0124,0.024,0.00783,1.229,8.643,4.321,4e-26,0.3,0.0923,0.3749,0.0001,1000,5,512
203,-5.1369873e-13,1288.3468,-1.7058883,2.5561807,-0.8754862,1.2116059,-57.8863912506433,-60.058624459689156,1560.0,200000000000.0,206000000000.0,0.0124,0.024,0.00783,1.229,8.643,4.321,4e-26,0.3,0.0923,0.3749,0.0001,1000,5,512
204,-5.0391386e-13,1287.2424,-1.5712535,2.6800864,-0.9030246,1.2133801,-59.89373436087254,-59.05591781161354,1560.0,200000000000.0,206000000000.0,0.0124,0.024,0.00783,1.229,8.643,4.321,4e-26,0.3,0.0923,0.3749,0.0001,1000,5,512
205,-4.9412915e-13,1286.1403,-1.4974544,2.8006198,-0.96201015,1.2093219,-51.805269562119705,-59.780120182999056,1560.0,200000000000.0,206000000000.0,0.0124,0.024,0.00783,1.229,8.643,4.321,4e-26,0.3,0.0923,0.3749,0.0001,1000,5,512
206,-4.8434434e-13,1285.0397,-1.5143406,2.8775203,-0.9939266,1.1481774,-56.201187682407706,-53.48125381071742,1560.0,200000000000.0,206000000000.0,0.0124,0.024,0.00783,1.229,8.643,4.321,4e-26,0.3,0.0923,0.3749,0.0001,1000,5,512
207,-4.7455963e-13,1283.9412,-1.6114961,2.895036,-0.9482047,1.0969099,-47.527101751631534,-51.99364220377015,1560.0,200000000000.0,206000000000.0,0.0124,0.024,0.00783,1.229,8.643,4.321,4e-26,0.3,0.0923,0.3749,0.0001,1000,5,512
208,-4.647749e-13,1282.8445,-1.7477738,2.8783772,-0.89387494,1.1033051,-53.50062883336412,-51.964442738091265,1560.0,200000000000.0,206000000000.0,0.0124,0.024,0.00783,1.229,8.643,4.321,4e-26,0.3,0.0923,0.3749,0.0001,1000,5,512
209,-4.549902e-13,1281.7496,-1.8856105,2.8657584,-0.84673727,1.1345694,-54.66354172490182,-42.84088938627505,1560.0,200000000000.0,206000000000.0,0.0124,0.024,0.00783,1.229,8.643,4.321,4e-26,0.3,0.0923,0.3749,0.0001,1000,5,512
210,-4.4520553e-13,1280.6567,-2.006574,2.8484352,-0.7816992,1.1383402,-56.79647757525295,-58.46112527461301,1560.0,200000000000.0,206000000000.0,0.0124,0.024,0.00783,1.229,8.643,4.321,4e-26,0.3,0.0923,0.3749,0.0001,1000,5,512
211,-4.3542082e-13,1279.5657,-2.087578,2.791847,-0.72234285,1.1422404,-53.495107021746264,-45.65746935371078,1560.0,200000000000.0,206000000000.0,0.0124,0.024,0.00783,1.229,8.643,4.321,4e-26,0.3,0.0923,0.3749,0.0001,1000,5,512
212,-4.2563614e-13,1278.4764,-2.1024654,2.7205486,-0.6996515,1.1697215,-53.22319031856901,-53.929797963176625,1560.0,200000000000.0,206000000000.0,0.0124,0.024,0.00783,1.229,8.643,4.321,4e-26,0.3,0.0923,0.3749,0.0001,1000,5,512
213,-4.1585127e-13,1277.389,-2.0800493,2.682621,-0.6986415,1.2028188,-56.322946253116314,-55.13118012021182,1560.0,200000000000.0,206000000000.0,0.0124,0.024,0.00783,1.229,8.643,4.321,4e-26,0.3,0.0923,0.3749,0.0001,1000,5,512
214,-4.0606646e-13,1276.3035,-2.0869372,2.6710298,-0.7023737,1.2435356,-61.01478526157892,-52.74033774569757,1560.0,200000000000.0,206000000000.0,0.0124,0.024,0.00783,1.229,8.643,4.321,4e-26,0.3,0.0923,0.3749,0.0001,1000,5,512
215,-3.9628178e-13,1275.22,-2.1070757,2.6217027,-0.72412705,1.2873099,-56.457680573624245,-50.748138260305666,1560.0,200000000000.0,206000000000.0,0.0124,0.024,0.00783,1.229,8.643,4.321,4e-26,0.3,0.0923,0.3749,0.0001,1000,5,512
216,-3.8649707e-13,1274.138,-2.0620499,2.5355213,-0.7711079,1.294896,-61.28892643761118,-68.47999578737087,1560.0,200000000000.0,206000000000.0,0.0124,0.024,0.00783,1.229,8.643,4.321,4e-26,0.3,0.0923,0.3749,0.0001,1000,5,512
217,-3.7671236e-13,1273.0581,-1.9074361,2.4852889,-0.82630247,1.2482095,-57.51319854648726,-63.106856128470085,1560.0,200000000000.0,206000000000.0,0.0124,0.024,0.00783,1.229,8.643,4.321,4e-26,0.3,0.0923,0.3749,0.0001,1000,5,512
218,-3.6692765e-13,1271.9799,-1.6694005,2.538179,-0.85469604,1.2090096,-52.87206683624312,-54.43251610459777,1560.0,200000000000.0,206000000000.0,0.0124,0.024,0.00783,1.229,8.643,4.321,4e-26,0.3,0.0923,0.3749,0.0001,1000,5,512
219,-3.5714294e-13,1270.9034,-1.4329317,2.687474,-0.88161814,1.2226634,-55.33266053639545,-51.34405183472296,1560.0,200000000000.0,206000000000.0,0.0124,0.024,0.00783,1.229,8.643,4.321,4e-26,0.3,0.0923,0.3749,0.0001,1000,5,512
220,-3.473581e-13,1269.8289,-1.323837,2.8852563,-0.9421242,1.2269589,-58.32183466861969,-54.787821563947986,1560.0,200000000000.0,206000000000.0,0.0124,0.024,0.00783,1.229,8.643,4.321,4e-26,0.3,0.0923,0.3749,0.0001,1000,5,512
221,-3.375734e-13,1268.7562,-1.4205966,3.0368814,-0.97326994,1.1710774,-61.87486133944759,-58.339898807953176,1560.0,200000000000.0,206000000000.0,0.0124,0.024,0.00783,1.229,8.643,4.321,4e-26,0.3,0.0923,0.3749,0.0001,1000,5,512
222,-3.2778858e-13,1267.6853,-1.6741595,3.067761,-0.93195087,1.1139445,-55.280518664091446,-50.13147432646281,1560.0,200000000000.0,206000000000.0,0.0124,0.024,0.00783,1.229,8.643,4.321,4e-26,0.3,0.0923,0.3749,0.0001,1000,5,512
223,-3.1800387e-13,1266.6162,-1.9433769,2.9699183,-0.8712694,1.107006,-55.635921009418354,-56.96937973641391,1560.0,200000000000.0,206000000000.0,0.0124,0.024,0.00783,1.229,8.643,4.321,4e-26,0.3,0.0923,0.3749,0.0001,1000,5,512
224,-3.082192e-13,1265.549,-2.0819864,2.8100512,-0.8074268,1.1255325,-59.513725197359534,-55.285235388952486,1560.0,200000000000.0,206000000000.0,0.0124,0.024,0.00783,1.229,8.643,4.321,4e-26,0.3,0.0923,0.3749,0.0001,1000,5,512
225,-2.9843448e-13,1264.4834,-2.049679,2.6674135,-0.73477507,1.1411289,-55.50031216691961,-57.33529346035495,1560.0,200000000000.0,206000000000.0,0.0124,0.024,0.00783,1.229,8.643,4.321,4e-26,0.3,0.0923,0.3749,0.0001,1000,5,512
226,-2.8864977e-13,1263.4197,-1.8847604,2.6019564,-0.6870792,1.1716244,-57.68373749613917,-55.11475736067453,1560.0,200000000000.0,206000000000.0,0.0124,0.024,0.00783,1.229,8.643,4.321,4e-26,0.3,0.0923,0.3749,0.0001,1000,5,512
227,-2.7886507e-13,1262.3578,-1.7105871,2.6686792,-0.6862098,1.2193003,-62.615523052740315,-58.985336504747025,1560.0,200000000000.0,206000000000.0,0.0124,0.024,0.00783,1.229,8.643,4.321,4e-26,0.3,0.0923,0.3749,0.0001,1000,5,512
228,-2.6908036e-13,1261.2977,-1.7021159,2.8571916,-0.7034702,1.2524942,-54.51787789188593,-48.094881793260384,1560.0,200000000000.0,206000000000.0,0.0124,0.024,0.00783,1.229,8.643,4.321,4e-26,0.3,0.0923,0.3749,0.0001,1000,5,512
229,-2.592954e-13,1260.2393,-1.9632937,3.009799,-0.71216434,1.2699516,-64.44865668299965,-60.557236850955405,1560.0,200000000000.0,206000000000.0,0.0124,0.024,0.00783,1.229,8.643,4.321,4e-26,0.3,0.0923,0.3749,0.0001,1000,5,512
230,-2.495107e-13,1259.1827,-2.361122,2.930116,-0.72126126,1.274883,-62.34048621001291,-57.19172739158344,1560.0,200000000000.0,206000000000.0,0.0124,0.024,0.00783,1.229,8.643,4.321,4e-26,0.3,0.0923,0.3749,0.0001,1000,5,512
231,-2.39726e-13,1258.1279,-2.5841687,2.593361,-0.7553346,1.2559044,-54.00893700245311,-66.03426288187865,1560.0,200000000000.0,206000000000.0,0.0124,0.024,0.00783,1.229,8.643,4.321,4e-26,0.3,0.0923,0.3749,0.0001,1000,5,512
232,-2.2994128e-13,1257.0748,-2.362195,2.1974103,-0.79169935,1.212614,-58.45089450580883,-51.317999177138034,1560.0,200000000000.0,206000000000.0,0.0124,0.024,0.00783,1.229,8.643,4.321,4e-26,0.3,0.0923,0.3749,0.0001,1000,5,512
233,-2.2015659e-13,1256.0236,-1.6757098,2.0535789,-0.8019256,1.207452,-53.224122578020626,-52.551406386253575,1560.0,200000000000.0,206000000000.0,0.0124,0.024,0.00783,1.229,8.643,4.321,4e-26,0.3,0.0923,0.3749,0.0001,1000,5,512
234,-2.103719e-13,1254.9741,-0.85932714,2.3720498,-0.8279178,1.2720819,-59.1495154150503,-48.31573980117069,1560.0,200000000000.0,206000000000.0,0.0124,0.024,0.00783,1.229,8.643,4.321,4e-26,0.3,0.0923,0.3749,0.0001,1000,5,512
235,-2.0058719e-13,1253.9263,-0.47727543,3.08065,-0.91673017,1.3045466,-56.21561272774905,-56.86879990918118,1560.0,200000000000.0,206000000000.0,0.0124,0.024,0.00783,1.229,8.643,4.321,4e-26,0.3,0.0923,0.3749,0.0001,1000,5,512
236,-1.9080233e-13,1252.8804,-0.89580435,3.7993758,-0.9836745,1.2337823,-67.08933420324132,-56.28577005209556,1560.0,200000000000.0,206000000000.0,0.0124,0.024,0.00783,1.229,8.643,4.321,4e-26,0.3,0.0923,0.3749,0.0001,1000,5,512
237,-1.8101753e-13,1251.836,-1.9718683,4.0559897,-0.9718606,1.1148603,-54.79518583977212,-58.332960662468366,1560.0,200000000000.0,206000000000.0,0.0124,0.024,0.00783,1.229,8.643,4.321,4e-26,0.3,0.0923,0.3749,0.0001,1000,5,512
238,-1.7123282e-13,1250.7933,-3.1179392,3.6171827,-0.88904506,1.0367587,-50.8998965602465,-59.46263971850877,1560.0,200000000000.0,206000000000.0,0.0124,0.024,0.00783,1.229,8.643,4.321,4e-26,0.3,0.0923,0.3749,0.0001,1000,5,512
239,-1.6144811e-13,1249.7526,-3.6361983,2.6450694,-0.7631604,1.0184649,-56.88007015641793,-60.12051506816185,1560.0,200000000000.0,206000000000.0,0.0124,0.024,0.00783,1.229,8.643,4.321,4e-26,0.3,0.0923,0.3749,0.0001,1000,5,512
240,-1.5166342e-13,1248.7136,-3.0770621,1.6565145,-0.62701356,1.0850985,-60.50560443657993,-51.48876370443955,1560.0,200000000000.0,206000000000.0,0.0124,0.024,0.00783,1.229,8.643,4.321,4e-26,0.3,0.0923,0.3749,0.0001,1000,5,512
241,-1.4187871e-13,1247.6763,-1.5572405,1.3419595,-0.5721074,1.2323334,-54.58915579971378,-54.160585128637564,1560.0,200000000000.0,206000000000.0,0.0124,0.024,0.00783,1.229,8.643,4.321,4e-26,0.3,0.0923,0.3749,0.0001,1000,5,512
242,-1.32094e-13,1246.6406,0.007631728,2.162416,-0.6365008,1.3874937,-66.89751206574775,-49.12732527942305,1560.0,200000000000.0,206000000000.0,0.0124,0.024,0.00783,1.229,8.643,4.321,4e-26,0.3,0.0923,0.3749,0.0001,1000,5,512
243,-1.2230931e-13,1245.6067,0.35138977,3.8069444,-0.7634922,1.4295108,-54.666831329159265,-52.68255216971977,1560.0,200000000000.0,206000000000.0,0.0124,0.024,0.00783,1.229,8.643,4.321,4e-26,0.3,0.0923,0.3749,0.0001,1000,5,512
244,-1.125246e-13,1244.5745,-1.099407,5.25712,-0.8604853,1.3302673,-55.915697741068556,-57.157169852996205,1560.0,200000000000.0,206000000000.0,0.0124,0.024,0.00783,1.229,8.643,4.321,4e-26,0.3,0.0923,0.3749,0.0001,1000,5,512
245,-1.0273964e-13,1243.544,-3.785641,5.5462275,-0.8798233,1.1564596,-57.360152747474004,-55.229059685229174,1560.0,200000000000.0,206000000000.0,0.0124,0.024,0.00783,1.229,8.643,4.321,4e-26,0.3,0.0923,0.3749,0.0001,1000,5,512
246,-9.2954934e-14,1242.5151,-6.601814,4.404014,-0.82233334,0.98727846,-53.08974685458638,-52.745775864932426,1560.0,200000000000.0,206000000000.0,0.0124,0.024,0.00783,1.229,8.643,4.321,4e-26,0.3,0.0923,0.3749,0.0001,1000,5,512
247,-8.317023e-14,1241.4882,-8.688387,2.2639897,-0.69383484,0.9337446,-54.621645735635,-58.44755952065131,1560.0,200000000000.0,206000000000.0,0.0124,0.024,0.00783,1.229,8.643,4.321,4e-26,0.3,0.0923,0.3749,0.0001,1000,5,512
248,-7.338553e-14,1240.4626,-9.7675495,-0.20896967,-0.55879927,1.1116958,-55.92941285135777,-50.316610041258116,1560.0,200000000000.0,206000000000.0,0.0124,0.024,0.00783,1.229,8.643,4.321,4e-26,0.3,0.0923,0.3749,0.0001,1000,5,512
249,-6.360083e-14,1239.4391,-9.999146,-2.4942272,-0.5894675,1.4679111,-57.16145202724081,-50.59246575786739,1560.0,200000000000.0,206000000000.0,0.0124,0.024,0.00783,1.229,8.643,4.321,4e-26,0.3,0.0923,0.3749,0.0001,1000,5,512
250,-5.3816123e-14,1238.417,-9.712863,-4.298757,-0.86542994,1.7024666,-56.77690261570615,-58.692930897559535,1560.0,200000000000.0,206000000000.0,0.0124,0.024,0.00783,1.229,8.643,4.321,4e-26,0.3,0.0923,0.3749,0.0001,1000,5,512
251,-4.4031422e-14,1237.3966,-9.24074,-5.5273247,-1.223517,1.5814906,-60.029851501425895,-55.220883269567324,1560.0,200000000000.0,206000000000.0,0.0124,0.024,0.00783,1.229,8.643,4.321,4e-26,0.3,0.0923,0.3749,0.0001,1000,5,512
252,-3.424657e-14,1236.3782,-8.805923,-6.265792,-1.4253509,1.1399202,-65.82045785252802,-52.377261400394445,1560.0,200000000000.0,206000000000.0,0.0124,0.024,0.00783,1.229,8.643,4.321,4e-26,0.3,0.0923,0.3749,0.0001,1000,5,512
253,-2.4461758e-14,1235.3611,-8.499842,-6.6875286,-1.3650601,0.58158153,-61.052111463627696,-61.2980797658837,1560.0,200000000000.0,206000000000.0,0.0124,0.024,0.00783,1.229,8.643,4.321,4e-26,0.3,0.0923,0.3749,0.0001,1000,5,512
254,-1.4677055e-14,1234.3457,-8.310625,-6.9959946,-1.0382901,0.10310192,-51.608688502434774,-47.119757601572715,1560.0,200000000000.0,206000000000.0,0.0124,0.024,0.00783,1.229,8.643,4.321,4e-26,0.3,0.0923,0.3749,0.0001,1000,5,512
255,-4.8923513e-15,1233.3323,-8.144084,-7.3815923,-0.5604425,-0.16058052,-56.779933326204855,-62.88110728128319,1560.0,200000000000.0,206000000000.0,0.0124,0.024,0.00783,1.229,8.643,4.321,4e-26,0.3,0.0923,0.3749,0.0001,1000,5,512
256,4.8923513e-15,2125.0647,-7.8769426,-7.903178,-0.123285644,-0.18219379,-54.31775904666361,-51.27637464836684,1560.0,200000000000.0,206000000000.0,0.0124,0.024,0.00783,1.229,8.643,4.321,4e-26,0.3,0.0923,0.3749,0.0001,1000,5,512
257,1.4677055e-14,2122.062,-7.4564605,-8.391774,0.15335158,-0.06465372,-64.59124146980301,-48.05454000790985,1560.0,200000000000.0,206000000000.0,0.0124,0.024,0.00783,1.229,8.643,4.321,4e-26,0.3,0.0923,0.3749,0.0001,1000,5,512
258,2.4461758e-14,2119.068,-7.0078216,-8.522921,0.28104994,0.02216816,-65.72550157503927,-56.40478612307321,1560.0,200000000000.0,206000000000.0,0.0124,0.024,0.00783,1.229,8.643,4.321,4e-26,0.3,0.0923,0.3749,0.0001,1000,5,512
259,3.4246535e-14,2116.0825,-6.7494926,-7.9422255,0.320198,-0.012283749,-55.71034879535772,-69.98897691382638,1560.0,200000000000.0,206000000000.0,0.0124,0.024,0.00783,1.229,8.643,4.321,4e-26,0.3,0.0923,0.3749,0.0001,1000,5,512
260,4.4031348e-14,2113.105,-6.743855,-6.2841945,0.34564844,-0.13911326,-55.53359775177279,-75.17874514995059,1560.0,200000000000.0,206000000000.0,0.0124,0.024,0.00783,1.229,8.643,4.321,4e-26,0.3,0.0923,0.3749,0.0001,1000,5,512
261,5.381605e-14,2110.1365,-6.7302017,-3.3040397,0.41946328,-0.29433253,-53.234769622362535,-46.19069480008284,1560.0,200000000000.0,206000000000.0,0.0124,0.024,0.00783,1.229,8.643,4.321,4e-26,0.3,0.0923,0.3749,0.0001,1000,5,512
262,6.360083e-14,2107.1758,-6.2022114,0.5839585,0.6082028,-0.36156875,-53.24987656154072,-47.43614851504344,1560.0,200000000000.0,206000000000.0,0.0124,0.024,0.00783,1.229,8.643,4.321,4e-26,0.3,0.0923,0.3749,0.0001,1000,5,512
263,7.338553e-14,2104.2234,-4.9666176,4.0349665,0.8756984,-0.17088546,-69.89924386858499,-57.60887193282633,1560.0,200000000000.0,206000000000.0,0.0124,0.024,0.00783,1.229,8.643,4.321,4e-26,0.3,0.0923,0.3749,0.0001,1000,5,512
264,8.317023e-14,2101.2795,-3.3059008,5.871904,1.0055699,0.24521194,-53.19490383175878,-55.85370720542555,1560.0,200000000000.0,206000000000.0,0.0124,0.024,0.00783,1.229,8.643,4.321,4e-26,0.3,0.0923,0.3749,0.0001,1000,5,512
265,9.2954934e-14,2098.3438,-1.4392008,5.777369,0.83701396,0.5952827,-67.69559374272953,-56.28134330858856,1560.0,200000000000.0,206000000000.0,0.0124,0.024,0.00783,1.229,8.643,4.321,4e-26,0.3,0.0923,0.3749,0.0001,1000,5,512
266,1.0273964e-13,2095.416,0.6135882,3.8705518,0.43322906,0.610939,-55.408308357951,-60.19276922367624,1560.0,200000000000.0,206000000000.0,0.0124,0.024,0.00783,1.229,8.643,4.321,4e-26,0.3,0.0923,0.3749,0.0001,1000,5,512
267,1.1252442e-13,2092.4968,2.588857,0.88605994,-0.046396043,0.2838016,-62.1540268683418,-55.71530555034393,1560.0,200000000000.0,206000000000.0,0.0124,0.024,0.00783,1.229,8.643,4.321,4e-26,0.3,0.0923,0.3749,0.0001,1000,5,512
268,1.2230923e-13,2089.5854,3.892486,-1.6375802,-0.50166476,-0.21306315,-61.61677659538012,-51.23541416110298,1560.0,200000000000.0,206000000000.0,0.0124,0.024,0.00783,1.229,8.643,4.321,4e-26,0.3,0.0923,0.3749,0.0001,1000,5,512
269,1.3209393e-13,2086.6821,4.1333704,-2.5558403,-0.8682555,-0.62947196,-58.559377046157636,-51.9082456559417,1560.0,200000000000.0,206000000000.0,0.0124,0.024,0.00783,1.229,8.643,4.321,4e-26,0.3,0.0923,0.3749,0.0001,1000,5,512
270,1.4187871e-13,2083.7866,3.1942914,-1.797954,-1.0619643,-0.76620156,-50.98696059296543,-60.888584770496706,1560.0,200000000000.0,206000000000.0,0.0124,0.024,0.00783,1.229,8.643,4.321,4e-26,0.3,0.0923,0.3749,0.0001,1000,5,512
271,1.5166342e-13,2080.8997,1.2606182,0.018382225,-1.0469351,-0.60081065,-60.01299166845766,-55.088343529162884,1560.0,200000000000.0,206000000000.0,0.0124,0.024,0.00783,1.229,8.643,4.321,4e-26,0.3,0.0923,0.3749,0.0001,1000,5,512
272,1.6144811e-13,2078.0208,-0.83511376,1.8500916,-0.85548407,-0.28539267,-57.53553560671082,-57.5851408439394,1560.0,200000000000.0,206000000000.0,0.0124,0.024,0.00783,1.229,8.643,4.321,4e-26,0.3,0.0923,0.3749,0.0001,1000,5,512
273,1.7123282e-13,2075.1497,-2.0298548,2.867599,-0.50602657,0.012563864,-53.991114733538694,-59.70395528636553,1560.0,200000000000.0,206000000000.0,0.0124,0.024,0.00783,1.229,8.643,4.321,4e-26,0.3,0.0923,0.3749,0.0001,1000,5,512
274,1.8101753e-13,2072.2864,-1.9319689,2.8796766,-0.024878554,0.20318283,-52.95590299636579,-50.76132549198981,1560.0,200000000000.0,206000000000.0,0.0124,0.024,0.00783,1.229,8.643,4.321,4e-26,0.3,0.0923,0.3749,0.0001,1000,5,512
275,1.908023e-13,2069.431,-0.87640685,2.0304594,0.4482915,0.25375733,-50.34416419397856,-54.30060848287056,1560.0,200000000000.0,206000000000.0,0.0124,0.024,0.00783,1.229,8.643,4.321,4e-26,0.3,0.0923,0.3749,0.0001,1000,5,512
276,2.005871e-13,2066.5833,0.32077107,0.617613,0.76595753,0.1325527,-68.37122878869194,-42.72068672753687,1560.0,200000000000.0,206000000000.0,0.0124,0.024,0.00783,1.229,8.643,4.321,4e-26,0.3,0.0923,0.3749,0.0001,1000,5,512
277,2.1037181e-13,2063.7437,0.7496088,-0.87028503,0.9454292,-0.0501871,-56.573371006532525,-56.63696283756353,1560.0,200000000000.0,206000000000.0,0.0124,0.024,0.00783,1.229,8.643,4.321,4e-26,0.3,0.0923,0.3749,0.0001,1000,5,512
278,2.2015659e-13,2060.9119,0.007175029,-1.9273248,1.0135252,-0.11687873,-54.87273413150544,-55.49755711607041,1560.0,200000000000.0,206000000000.0,0.0124,0.024,0.00783,1.229,8.643,4.321,4e-26,0.3,0.0923,0.3749,0.0001,1000,5,512
279,2.2994128e-13,2058.088,-1.5317526,-2.2198164,0.87470746,-0.016802529,-54.83230396627846,-67.38323622132324,1560.0,200000000000.0,206000000000.0,0.0124,0.024,0.00783,1.229,8.643,4.321,4e-26,0.3,0.0923,0.3749,0.0001,1000,5,512
280,2.39726e-13,2055.2712,-2.9907496,-1.6582634,0.5124481,0.12939,-60.12310851531454,-50.42445117467315,1560.0,200000000000.0,206000000000.0,0.0124,0.024,0.00783,1.229,8.643,4.321,4e-26,0.3,0.0923,0.3749,0.0001,1000,5,512
281,2.495107e-13,2052.4626,-3.5211377,-0.41897652,0.030030627,0.18510675,-58.86376775167136,-48.26330532314738,1560.0,200000000000.0,206000000000.0,0.0124,0.024,0.00783,1.229,8.643,4.321,4e-26,0.3,0.0923,0.3749,0.0001,1000,5,512
282,2.592954e-13,2049.6614,-2.6513596,1.1624745,-0.43333936,0.111708194,-50.36588890900421,-51.374136817486686,1560.0,200000000000.0,206000000000.0,0.0124,0.024,0.00783,1.229,8.643,4.321,4e-26,0.3,0.0923,0.3749,0.0001,1000,5,512
283,2.690802e-13,2046.8683,-0.54636186,2.6495817,-0.79086703,-0.046069942,-53.2351092122519,-56.49558864879616,1560.0,200000000000.0,206000000000.0,0.0124,0.024,0.00783,1.229,8.643,4.321,4e-26,0.3,0.0923,0.3749,0.0001,1000,5,512
284,2.7886498e-13,2044.0823,1.899237,3.5663319,-0.9903471,-0.2087079,-59.49881315879715,-54.50193784072853,1560.0,200000000000.0,206000000000.0,0.0124,0.024,0.00783,1.229,8.643,4.321,4e-26,0.3,0.0923,0.3749,0.0001,1000,5,512
285,2.886497e-13,2041.304,3.6686091,3.6432958,-1.0000812,-0.31454262,-49.43193552951121,-63.74279396824477,1560.0,200000000000.0,206000000000.0,0.0124,0.024,0.00783,1.229,8.643,4.321,4e-26,0.3,0.0923,0.3749,0.0001,1000,5,512
286,2.9843448e-13,2038.5334,4.296336,2.9275956,-0.85174835,-0.3537038,-65.78968582015918,-51.722511529949344,1560.0,200000000000.0,206000000000.0,0.0124,0.024,0.00783,1.229,8.643,4.321,4e-26,0.3,0.0923,0.3749,0.0001,1000,5,512
287,3.082192e-13,2035.7701,3.6971562,1.6447142,-0.6309704,-0.36732203,-73.85196033905117,-61.558831671938634,1560.0,200000000000.0,206000000000.0,0.0124,0.024,0.00783,1.229,8.643,4.321,4e-26,0.3,0.0923,0.3749,0.0001,1000,5,512
288,3.1800387e-13,2033.0144,1.9644334,0.15236486,-0.36860287,-0.35987005,-47.551013930997016,-61.254490009717784,1560.0,200000000000.0,206000000000.0,0.0124,0.024,0.00783,1.229,8.643,4.321,4e-26,0.3,0.0923,0.3749,0.0001,1000,5,512
289,3.2778858e-13,2030.2664,-0.3666207,-1.0508883,-0.06385348,-0.27648148,-57.74087707697362,-53.652310324873895,1560.0,200000000000.0,206000000000.0,0.0124,0.024,0.00783,1.229,8.643,4.321,4e-26,0.3,0.0923,0.3749,0.0001,1000,5,512
290,3.3757329e-13,2027.5256,-2.3981736,-1.5496702,0.1740698,-0.103078455,-62.25045260414406,-65.77660821456189,1560.0,200000000000.0,206000000000.0,0.0124,0.024,0.00783,1.229,8.643,4.321,4e-26,0.3,0.0923,0.3749,0.0001,1000,5,512
291,3.4735818e-13,2024.7919,-3.5209503,-1.2907131,0.2911438,0.056361318,-59.75415669088943,-56.1724038432653,1560.0,200000000000.0,206000000000.0,0.0124,0.024,0.00783,1.229,8.643,4.321,4e-26,0.3,0.0923,0.3749,0.0001,1000,5,512
292,3.5714286e-13,2022.0662,-3.6626306,-0.53225493,0.3959214,0.1619272,-57.210731232655434,-52.585571345046645,1560.0,200000000000.0,206000000000.0,0.0124,0.024,0.00783,1.229,8.643,4.321,4e-26,0.3,0.0923,0.3749,0.0001,1000,5,512
293,3.6692757e-13,2019.3472,-3.0358424,0.37116793,0.52209413,0.28081146,-50.18228178067133,-56.98019940378063,1560.0,200000000000.0,206000000000.0,0.0124,0.024,0.00783,1.229,8.643,4.321,4e-26,0.3,0.0923,0.3749,0.0001,1000,5,512
294,3.7671236e-13,2016.6357,-1.9535376,1.0553651,0.55802464,0.41568238,-60.42015132089989,-51.13676738538754,1560.0,200000000000.0,206000000000.0,0.0124,0.024,0.00783,1.229,8.643,4.321,4e-26,0.3,0.0923,0.3749,0.0001,1000,5,512
295,3.8649707e-13,2013.9316,-0.80617017,1.270937,0.4268387,0.44614482,-55.26696692644282,-57.260253756663175,1560.0,200000000000.0,206000000000.0,0.0124,0.024,0.00783,1.229,8.643,4.321,4e-26,0.3,0.0923,0.3749,0.0001,1000,5,512
296,3.9628178e-13,2011.2347,0.08363845,0.9598236,0.14599238,0.2782536,-59.19712958523304,-54.276571556982674,1560.0,200000000000.0,206000000000.0,0.0124,0.024,0.00783,1.229,8.643,4.321,4e-26,0.3,0.0923,0.3749,0.0001,1000,5,512
297,4.0606646e-13,2008.5449,0.6217213,0.34888875,-0.2321042,-0.014978901,-52.76658786819495,-56.62096851358558,1560.0,200000000000.0,206000000000.0,0.0124,0.024,0.00783,1.229,8.643,4.321,4e-26,0.3,0.0923,0.3749,0.0001,1000,5,512
298,4.1585116e-13,2005.8625,0.87189114,-0.09531918,-0.6355553,-0.29298922,-56.4709471639448,-60.31080669264921,1560.0,200000000000.0,206000000000.0,0.0124,0.024,0.00783,1.229,8.643,4.321,4e-26,0.3,0.0923,0.3749,0.0001,1000,5,512
299,4.2563606e-13,2003.1871,0.8670279,0.004269968,-0.9613121,-0.4543279,-56.9330205808503,-55.80784665203345,1560.0,200000000000.0,206000000000.0,0.0124,0.024,0.00783,1.229,8.643,4.321,4e-26,0.3,0.0923,0.3749,0.0001,1000,5,512
300,4.3542077e-13,2000.5189,0.6055586,0.6398588,-1.1208861,-0.4753226,-51.70234673733874,-53.77412062731477,1560.0,200000000000.0,206000000000.0,0.0124,0.024,0.00783,1.229,8.643,4.321,4e-26,0.3,0.0923,0.3749,0.0001,1000,5,512
301,4.4520545e-13,1997.8577,0.23091453,1.4493065,-1.0929605,-0.3913835,-52.98047874998156,-48.510471694791946,1560.0,200000000000.0,206000000000.0,0.0124,0.024,0.00783,1.229,8.643,4.321,4e-26,0.3,0.0923,0.3749,0.0001,1000,5,512
302,4.549902e-13,1995.2037,-0.032055687,2.032351,-0.9295722,-0.29224315,-53.40702640344135,-55.11790402756532,1560.0,200000000000.0,206000000000.0,0.0124,0.024,0.00783,1.229,8.643,4.321,4e-26,0.3,0.0923,0.3749,0.0001,1000,5,512
303,4.647749e-13,1992.5566,-0.086281106,2.1697013,-0.62367743,-0.22572002,-64.76879866500981,-63.248188171818995,1560.0,200000000000.0,206000000000.0,0.0124,0.024,0.00783,1.229,8.643,4.321,4e-26,0.3,0.0923,0.3749,0.0001,1000,5,512
304,4.7455963e-13,1989.9166,-0.04175013,1.7660136,-0.20267935,-0.13460647,-57.053096507977216,-49.69114255487675,1560.0,200000000000.0,206000000000.0,0.0124,0.024,0.00783,1.229,8.643,4.321,4e-26,0.3,0.0923,0.3749,0.0001,1000,5,512
305,4.8434434e-13,1987.2837,-0.13544784,0.865425,0.15887156,0.0009555863,-56.244483077184555,-55.79140558614651,1560.0,200000000000.0,206000000000.0,0.0124,0.024,0.00783,1.229,8.643,4.321,4e-26,0.3,0.0923,0.3749,0.0001,1000,5,512
306,4.9412904e-13,1984.6575,-0.5415301,-0.30480438,0.33874425,0.09833568,-58.86439358714752,-52.08933413564813,1560.0,200000000000.0,206000000000.0,0.0124,0.024,0.00783,1.229,8.643,4.321,4e-26,0.3,0.0923,0.3749,0.0001,1000,5,512
307,5.039139e-13,1982.0382,-1.2511929,-1.3280265,0.41739106,0.13771936,-62.58969421798179,-56.3957050028435,1560.0,200000000000.0,206000000000.0,0.0124,0.024,0.00783,1.229,8.643,4.321,4e-26,0.3,0.0923,0.3749,0.0001,1000,5,512
308,5.136986e-13,1979.4261,-2.0468125,-1.7978867,0.45231807,0.18935756,-52.26538069928634,-56.95156069916628,1560.0,200000000000.0,206000000000.0,0.0124,0.024,0.00783,1.229,8.643,4.321,4e-26,0.3,0.0923,0.3749,0.0001,1000,5,512
309,5.2348333e-13,1976.8208,-2.6369357,-1.5165663,0.38704115,0.28208053,-50.91735058086613,-50.496283205325085,1560.0,200000000000.0,206000000000.0,0.0124,0.024,0.00783,1.229,8.643,4.321,4e-26,0.3,0.0923,0.3749,0.0001,1000,5,512
310,5.3326815e-13,1974.2222,-2.7811985,-0.5874735,0.18383417,0.33601347,-52.19293129650303,-47.83985777854684,1560.0,200000000000.0,206000000000.0,0.0124,0.024,0.00783,1.229,8.643,4.321,4e-26,0.3,0.0923,0.3749,0.0001,1000,5,512
311,5.430528e-13,1971.6306,-2.3509903,0.5949434,-0.12061541,0.26106894,-56.36850272360206,-56.618793012157795,1560.0,200000000000.0,206000000000.0,0.0124,0.024,0.00783,1.229,8.643,4.321,4e-26,0.3,0.0923,0.3749,0.0001,1000,5,512
312,5.528375e-13,1969.0455,-1.3311766,1.5586926,-0.46418002,0.089450315,-51.15889397273975,-62.61120529288256,1560.0,200000000000.0,206000000000.0,0.0124,0.024,0.00783,1.229,8.643,4.321,4e-26,0.3,0.0923,0.3749,0.0001,1000,5,512
313,5.626222e-13,1966.4674,0.06512461,2.04191,-0.7664027,-0.099273585,-57.02600023003272,-80.61005230404379,1560.0,200000000000.0,206000000000.0,0.0124,0.024,0.00783,1.229,8.643,4.321,4e-26,0.3,0.0923,0.3749,0.0001,1000,5,512
314,5.724069e-13,1963.8962,1.3508618,2.0549698,-0.953941,-0.2572533,-52.317352689255415,-66.52456819690919,1560.0,200000000000.0,206000000000.0,0.0124,0.024,0.00783,1.229,8.643,4.321,4e-26,0.3,0.0923,0.3749,0.0001,1000,5,512
315,5.8219185e-13,1961.3314,2.0080023,1.7384943,-0.9978414,-0.35071266,-47.84891077437314,-59.029148645027874,1560.0,200000000000.0,206000000000.0,0.0124,0.024,0.00783,1.229,8.643,4.321,4e-26,0.3,0.0923,0.3749,0.0001,1000,5,512
316,5.919765e-13,1958.7736,1.8351278,1.2479802,-0.9469952,-0.38066113,-66.04929658913731,-56.9120554707396,1560.0,200000000000.0,206000000000.0,0.0124,0.024,0.00783,1.229,8.643,4.321,4e-26,0.3,0.0923,0.3749,0.0001,1000,5,512
317,6.017612e-13,1956.2224,0.98804396,0.75036675,-0.8668152,-0.39833188,-59.39376551007726,-58.46601211713616,1560.0,200000000000.0,206000000000.0,0.0124,0.024,0.00783,1.229,8.643,4.321,4e-26,0.3,0.0923,0.3749,0.0001,1000,5,512
318,6.11546e-13,1953.6776,-0.1436321,0.41034245,-0.70444936,-0.4003445,-52.43780455850896,-55.084376431616576,1560.0,200000000000.0,206000000000.0,0.0124,0.024,0.00783,1.229,8.643,4.321,4e-26,0.3,0.0923,0.3749,0.0001,1000,5,512
319,6.2133073e-13,1951.1394,-1.1517462,0.287117,-0.4182985,-0.29759547,-61.49856946284751,-86.04416887423659,1560.0,200000000000.0,206000000000.0,0.0124,0.024,0.00783,1.229,8.643,4.321,4e-26,0.3,0.0923,0.3749,0.0001,1000,5,512
320,6.311154e-13,1948.6079,-1.8043009,0.2974433,-0.13440917,-0.060648356,-67.81300769765933,-62.42328919321119,1560.0,200000000000.0,206000000000.0,0.0124,0.024,0.00783,1.229,8.643,4.321,4e-26,0.3,0.0923,0.3749,0.0001,1000,5,512
321,6.409001e-13,1946.0831,-2.0999339,0.2920639,0.055560507,0.17007907,-53.222891762348496,-50.621061248636664,1560.0,200000000000.0,206000000000.0,0.0124,0.024,0.00783,1.229,8.643,4.321,4e-26,0.3,0.0923,0.3749,0.0001,1000,5,512
322,6.506849e-13,1943.5647,-2.1299014,0.16861902,0.19978973,0.31419584,-48.63817049982052,-53.76178286481421,1560.0,200000000000.0,206000000000.0,0.0124,0.024,0.00783,1.229,8.643,4.321,4e-26,0.3,0.0923,0.3749,0.0001,1000,5,512
323,6.604697e-13,1941.0529,-1.9664056,-0.064766526,0.32493457,0.3860951,-57.57658138921573,-54.736706457669456,1560.0,200000000000.0,206000000000.0,0.0124,0.024,0.00783,1.229,8.643,4.321,4e-26,0.3,0.0923,0.3749,0.0001,1000,5,512
324,6.702544e-13,1938.5475,-1.6584573,-0.27274397,0.34304115,0.40983343,-48.40653259746513,-59.79906512062976,1560.0,200000000000.0,206000000000.0,0.0124,0.024,0.00783,1.229,8.643,4.321,4e-26,0.3,0.0923,0.3749,0.0001,1000,5,512
325,6.800391e-13,1936.0485,-1.3095369,-0.3000596,0.18454476,0.3505806,-54.46194225172697,-48.55840193236439,1560.0,200000000000.0,206000000000.0,0.0124,0.024,0.00783,1.229,8.643,4.321,4e-26,0.3,0.0923,0.3749,0.0001,1000,5,512
326,6.898239e-13,1933.5559,-1.0320193,-0.13333748,-0.124360494,0.20119521,-51.978230737898215,-61.0354880661434,1560.0,200000000000.0,206000000000.0,0.0124,0.024,0.00783,1.229,8.643,4.321,4e-26,0.3,0.0923,0.3749,0.0001,1000,5,512
327,6.996086e-13,1931.0698,-0.795323,0.1663806,-0.51633346,0.019619245,-47.0577472016529,-56.51903497617404,1560.0,200000000000.0,206000000000.0,0.0124,0.024,0.00783,1.229,8.643,4.321,4e-26,0.3,0.0923,0.3749,0.0001,1000,5,512
328,7.093933e-13,1928.5901,-0.4819379,0.59569687,-0.8737033,-0.13247621,-50.817299160061026,-49.955815955093925,1560.0,200000000000.0,206000000000.0,0.0124,0.024,0.00783,1.229,8.643,4.321,4e-26,0.3,0.0923,0.3749,0.0001,1000,5,512
329,7.1917797e-13,1926.117,-0.10507099,1.1508783,-1.0842273,-0.23974837,-46.23939155823311,-53.105197684994735,1560.0,200000000000.0,206000000000.0,0.0124,0.024,0.00783,1.229,8.643,4.321,4e-26,0.3,0.0923,0.3749,0.0001,1000,5,512
330,7.289628e-13,1923.6499,0.21606754,1.7089434,-1.1112471,-0.29224056,-44.00345638344096,-48.07433055407968,1560.0,200000000000.0,206000000000.0,0.0124,0.024,0.00783,1.229,8.643,4.321,4e-26,0.3,0.0923,0.3749,0.0001,1000,5,512
331,7.387476e-13,1921.1891,0.39682227,2.0580542,-1.0354145,-0.2894814,-44.579487887347995,-51.89399217218103,1560.0,200000000000.0,206000000000.0,0.0124,0.024,0.00783,1.229,8.643,4.321,4e-26,0.3,0.0923,0.3749,0.0001,1000,5,512
332,7.485323e-13,1918.7346,0.42461875,2.0420265,-0.9367849,-0.29895422,-45.39907911572071,-60.75973916461395,1560.0,200000000000.0,206000000000.0,0.0124,0.024,0.00783,1.229,8.643,4.321,4e-26,0.3,0.0923,0.3749,0.0001,1000,5,512
333,7.5831697e-13,1916.2867,0.28224722,1.6381978,-0.7637702,-0.32104906,-45.374254702693236,-45.323780985538306,1560.0,200000000000.0,206000000000.0,0.0124,0.024,0.00783,1.229,8.643,4.321,4e-26,0.3,0.0923,0.3749,0.0001,1000,5,512
334,7.681018e-13,1913.8447,-0.084451765,0.9391145,-0.47207317,-0.25244376,-40.36207306725228,-49.34305142311058,1560.0,200000000000.0,206000000000.0,0.0124,0.024,0.00783,1.229,8.643,4.321,4e-26,0.3,0.0923,0.3749,0.0001,1000,5,512
335,7.778865e-13,1911.4088,-0.7039358,0.1340301,-0.19337454,-0.06157693,-40.92435559996753,-55.857301803456934,1560.0,200000000000.0,206000000000.0,0.0124,0.024,0.00783,1.229,8.643,4.321,4e-26,0.3,0.0923,0.3749,0.0001,1000,5,512
336,7.876712e-13,1908.9796,-1.5109015,-0.534115,-0.024380969,0.14170197,-40.05995455864526,-51.174760327660465,1560.0,200000000000.0,206000000000.0,0.0124,0.024,0.00783,1.229,8.643,4.321,4e-26,0.3,0.0923,0.3749,0.0001,1000,5,512
337,7.9745585e-13,1906.5562,-2.2999346,-0.8825368,0.084229246,0.28685665,-37.85975993816595,-53.497656238001795,1560.0,200000000000.0,206000000000.0,0.0124,0.024,0.00783,1.229,8.643,4.321,4e-26,0.3,0.0923,0.3749,0.0001,1000,5,512
338,8.0724067e-13,1904.1389,-2.7967706,-0.8497344,0.164135,0.36694562,-37.05031732045663,-49.062130768477004,1560.0,200000000000.0,206000000000.0,0.0124,0.024,0.00783,1.229,8.643,4.321,4e-26,0.3,0.0923,0.3749,0.0001,1000,5,512
339,8.170255e-13,1901.7279,-2.8046694,-0.4711625,0.14759994,0.41212496,-35.826399215047175,-45.69666694571113,1560.0,200000000000.0,206000000000.0,0.0124,0.024,0.00783,1.229,8.643,4.321,4e-26,0.3,0.0923,0.3749,0.0001,1000,5,512
340,8.268102e-13,1899.323,-2.33972,0.12478634,-0.0047991043,0.3935456,-34.3790243541564,-39.18702772193453,1560.0,200000000000.0,206000000000.0,0.0124,0.024,0.00783,1.229,8.643,4.321,4e-26,0.3,0.0923,0.3749,0.0001,1000,5,512
341,8.365949e-13,1896.924,-1.59626,0.69263,-0.27012634,0.2961256,-31.455355435828345,-31.199036112324173,1560.0,200000000000.0,206000000000.0,0.0124,0.024,0.00783,1.229,8.643,4.321,4e-26,0.3,0.0923,0.3749,0.0001,1000,5,512
342,8.4637966e-13,1894.5314,-0.77556086,1.0161434,-0.592951,0.15408833,-40.284247330725236,-30.86054802375756,1560.0,200000000000.0,206000000000.0,0.0124,0.024,0.00783,1.229,8.643,4.321,4e-26,0.3,0.0923,0.3749,0.0001,1000,5,512
343,8.5616437e-13,1892.1445,-0.033744138,1.1050328,-0.8764263,-0.00040345528,-36.02513181893754,-42.69881193365596,1560.0,200000000000.0,206000000000.0,0.0124,0.024,0.00783,1.229,8.643,4.321,4e-26,0.3,0.0923,0.3749,0.0001,1000,5,512
344,8.659491e-13,1889.7635,0.46333936,1.1351697,-1.0362402,-0.16866942,-36.185008010585875,-41.745808460167694,1560.0,200000000000.0,206000000000.0,0.0124,0.024,0.00783,1.229,8.643,4.321,4e-26,0.3,0.0923,0.3749,0.0001,1000,5,512
345,8.757338e-13,1887.3888,0.5677219,1.2325232,-1.0568584,-0.30092543,-35.82783902058816,-51.959149734678334,1560.0,200000000000.0,206000000000.0,0.0124,0.024,0.00783,1.229,8.643,4.321,4e-26,0.3,0.0923,0.3749,0.0001,1000,5,512
346,8.8551855e-13,1885.02,0.31004956,1.3714284,-1.035986,-0.34484226,-34.18307230615663,-48.49928129421858,1560.0,200000000000.0,206000000000.0,0.0124,0.024,0.00783,1.229,8.643,4.321,4e-26,0.3,0.0923,0.3749,0.0001,1000,5,512
347,8.9530336e-13,1882.657,-0.12838124,1.439125,-1.0207479,-0.35156786,-34.106785488533106,-47.61730863142694,1560.0,200000000000.0,206000000000.0,0.0124,0.024,0.00783,1.229,8.643,4.321,4e-26,0.3,0.0923,0.3749,0.0001,1000,5,512
348,9.0508807e-13,1880.3002,-0.5694809,1.3485526,-0.9190586,-0.33083212,-33.3561944918052,-50.4290531691193,1560.0,200000000000.0,206000000000.0,0.0124,0.024,0.00783,1.229,8.643,4.321,4e-26,0.3,0.0923,0.3749,0.0001,1000,5,512
349,9.148728e-13,1877.949,-0.9251543,1.0818222,-0.6531048,-0.20769311,-35.45465310022689,-49.70951144407867,1560.0,200000000000.0,206000000000.0,0.0124,0.024,0.00783,1.229,8.643,4.321,4e-26,0.3,0.0923,0.3749,0.0001,1000,5,512
350,9.246575e-13,1875.6036,-1.2384864,0.68910617,-0.35081723,0.020543382,-35.22131569216134,-52.35589203341124,1560.0,200000000000.0,206000000000.0,0.0124,0.024,0.00783,1.229,8.643,4.321,4e-26,0.3,0.0923,0.3749,0.0001,1000,5,512
351,9.344422e-13,1873.2642,-1.5858485,0.25473186,-0.12778449,0.24016207,-35.59082362461835,-55.260571955545984,1560.0,200000000000.0,206000000000.0,0.0124,0.024,0.00783,1.229,8.643,4.321,4e-26,0.3,0.0923,0.3749,0.0001,1000,5,512
352,9.442269e-13,1870.9308,-1.9545293,-0.14148125,0.02030813,0.37279347,-34.68281197689666,-49.97498081629013,1560.0,200000000000.0,206000000000.0,0.0124,0.024,0.00783,1.229,8.643,4.321,4e-26,0.3,0.0923,0.3749,0.0001,1000,5,512
353,9.540117e-13,1868.603,-2.206393,-0.44420078,0.09892514,0.41492027,-34.521642584648376,-49.91144982106226,1560.0,200000000000.0,206000000000.0,0.0124,0.024,0.00783,1.229,8.643,4.321,4e-26,0.3,0.0923,0.3749,0.0001,1000,5,512
354,9.637964e-13,1866.2812,-2.1993606,-0.5508717,0.060387272,0.4113414,-34.57553310982286,-54.412867583930975,1560.0,200000000000.0,206000000000.0,0.0124,0.024,0.00783,1.229,8.643,4.321,4e-26,0.3,0.0923,0.3749,0.0001,1000,5,512
355,9.735812e-13,1863.9648,-1.9700434,-0.37175453,-0.114797495,0.37232056,-33.470616080790805,-44.82586305835444,1560.0,200000000000.0,206000000000.0,0.0124,0.024,0.00783,1.229,8.643,4.321,4e-26,0.3,0.0923,0.3749,0.0001,1000,5,512
356,9.83366e-13,1861.6544,-1.656844,0.03732016,-0.38268265,0.3013757,-31.606219815814725,-47.483929705799184,1560.0,200000000000.0,206000000000.0,0.0124,0.024,0.00783,1.229,8.643,4.321,4e-26,0.3,0.0923,0.3749,0.0001,1000,5,512
357,9.931507e-13,1859.3496,-1.3050027,0.52798074,-0.6924562,0.21413529,-31.214538661540317,-42.93969660114628,1560.0,200000000000.0,206000000000.0,0.0124,0.024,0.00783,1.229,8.643,4.321,4e-26,0.3,0.0923,0.3749,0.0001,1000,5,512
358,1.0029354e-12,1857.0507,-0.8730569,1.0168965,-0.9565252,0.094648674,-30.494593557265574,-58.98154019672104,1560.0,200000000000.0,206000000000.0,0.0124,0.024,0.00783,1.229,8.643,4.321,4e-26,0.3,0.0923,0.3749,0.0001,1000,5,512
359,1.0127201e-12,1854.7572,-0.37867707,1.4697711,-1.088495,-0.079951935,-28.609635272737997,-53.742818168001975,1560.0,200000000000.0,206000000000.0,0.0124,0.024,0.00783,1.229,8.643,4.321,4e-26,0.3,0.0923,0.3749,0.0001,1000,5,512
360,1.0225048e-12,1852.4695,0.039532572,1.8315697,-1.0883855,-0.23504609,-28.231435830934082,-48.28027439631116,1560.0,200000000000.0,206000000000.0,0.0124,0.024,0.00783,1.229,8.643,4.321,4e-26,0.3,0.0923,0.3749,0.0001,1000,5,512
361,1.0322896e-12,1850.1876,0.2523456,1.9842316,-1.0578183,-0.29378113,-27.12600175171044,-46.73788100588622,1560.0,200000000000.0,206000000000.0,0.0124,0.024,0.00783,1.229,8.643,4.321,4e-26,0.3,0.0923,0.3749,0.0001,1000,5,512
362,1.0420743e-12,1847.911,0.18570901,1.8434963,-1.0554227,-0.29752764,-27.025709940797384,-48.880716794227155,1560.0,200000000000.0,206000000000.0,0.0124,0.024,0.00783,1.229,8.643,4.321,4e-26,0.3,0.0923,0.3749,0.0001,1000,5,512
363,1.0518591e-12,1845.6401,-0.15583411,1.4139255,-0.96828896,-0.27893344,-26.257911078726465,-44.286320536451115,1560.0,200000000000.0,206000000000.0,0.0124,0.024,0.00783,1.229,8.643,4.321,4e-26,0.3,0.0923,0.3749,0.0001,1000,5,512
364,1.0616438e-12,1843.375,-0.70554096,0.8238827,-0.72365254,-0.16617854,-25.242307053673763,-45.63117882132843,1560.0,200000000000.0,206000000000.0,0.0124,0.024,0.00783,1.229,8.643,4.321,4e-26,0.3,0.0923,0.3749,0.0001,1000,5,512
365,1.0714285e-12,1841.1151,-1.3542914,0.28283346,-0.4385304,0.032196414,-24.776702417228726,-42.91775385720709,1560.0,200000000000.0,206000000000.0,0.0124,0.024,0.00783,1.229,8.643,4.321,4e-26,0.3,0.0923,0.3749,0.0001,1000,5,512
366,1.0812132e-12,1838.861,-1.984145,-0.044126347,-0.23022017,0.24125181,-24.519266434450763,-41.65650120931943,1560.0,200000000000.0,206000000000.0,0.0124,0.024,0.00783,1.229,8.643,4.321,4e-26,0.3,0.0923,0.3749,0.0001,1000,5,512
367,1.090998e-12,1836.6123,-2.4687848,-0.14989585,-0.103467785,0.38316882,-24.397489802307078,-45.40994504712438,1560.0,200000000000.0,206000000000.0,0.0124,0.024,0.00783,1.229,8.643,4.321,4e-26,0.3,0.0923,0.3749,0.0001,1000,5,512
368,1.1007827e-12,1834.369,-2.6534476,-0.14341497,-0.049155522,0.45353577,-23.984279959127335,-42.026010977043626,1560.0,200000000000.0,206000000000.0,0.0124,0.024,0.00783,1.229,8.643,4.321,4e-26,0.3,0.0923,0.3749,0.0001,1000,5,512
369,1.1105675e-12,1832.1313,-2.4552195,-0.088255934,-0.095525734,0.4754268,-24.60890794451184,-42.03099447174172,1560.0,200000000000.0,206000000000.0,0.0124,0.024,0.00783,1.229,8.643,4.321,4e-26,0.3,0.0923,0.3749,0.0001,1000,5,512
370,1.1203522e-12,1829.899,-1.9916291,0.055773713,-0.24030882,0.45838252,-24.965602856261533,-39.89827498164091,1560.0,200000000000.0,206000000000.0,0.0124,0.024,0.00783,1.229,8.643,4.321,4e-26,0.3,0.0923,0.3749,0.0001,1000,5,512
371,1.130137e-12,1827.6724,-1.4984516,0.2801985,-0.45245948,0.395996,-25.814041825230156,-38.88806218663805,1560.0,200000000000.0,206000000000.0,0.0124,0.024,0.00783,1.229,8.643,4.321,4e-26,0.3,0.0923,0.3749,0.0001,1000,5,512
372,1.1399217e-12,1825.4508,-1.1010853,0.5503618,-0.70443237,0.3066149,-28.003840930938104,-40.195772893245035,1560.0,200000000000.0,206000000000.0,0.0124,0.024,0.00783,1.229,8.643,4.321,4e-26,0.3,0.0923,0.3749,0.0001,1000,5,512
373,1.1497064e-12,1823.235,-0.77929926,0.860081,-0.94525397,0.1589357,-29.93257622666887,-35.42521527659051,1560.0,200000000000.0,206000000000.0,0.0124,0.024,0.00783,1.229,8.643,4.321,4e-26,0.3,0.0923,0.3749,0.0001,1000,5,512
374,1.1594912e-12,1821.0242,-0.49393332,1.227413,-1.0925705,-0.057113986,-29.89952541744178,-30.348136975677747,1560.0,200000000000.0,206000000000.0,0.0124,0.024,0.00783,1.229,8.643,4.321,4e-26,0.3,0.0923,0.3749,0.0001,1000,5,512
375,1.1692758e-12,1818.8188,-0.2837331,1.6056228,-1.1229337,-0.23388319,-48.82347433265272,-28.1680578892393,1560.0,200000000000.0,206000000000.0,0.0124,0.024,0.00783,1.229,8.643,4.321,4e-26,0.3,0.0923,0.3749,0.0001,1000,5,512
376,1.1790605e-12,1816.6188,-0.21098755,1.8746167,-1.133311,-0.2765683,-38.001803862073714,-41.12607525133896,1560.0,200000000000.0,206000000000.0,0.0124,0.024,0.00783,1.229,8.643,4.321,4e-26,0.3,0.0923,0.3749,0.0001,1000,5,512
377,1.1888452e-12,1814.4243,-0.3031441,1.908101,-1.1435312,-0.24665788,-35.97161425986948,-46.36255252896905,1560.0,200000000000.0,206000000000.0,0.0124,0.024,0.00783,1.229,8.643,4.321,4e-26,0.3,0.0923,0.3749,0.0001,1000,5,512
378,1.19863e-12,1812.235,-0.5630568,1.6593859,-1.0476093,-0.18685576,-34.28348646172607,-45.29639304971633,1560.0,200000000000.0,206000000000.0,0.0124,0.024,0.00783,1.229,8.643,4.321,4e-26,0.3,0.0923,0.3749,0.0001,1000,5,512
379,1.2084148e-12,1810.051,-0.93812835,1.1917398,-0.7924848,-0.07104026,-30.76606940762054,-43.32620497066242,1560.0,200000000000.0,206000000000.0,0.0124,0.024,0.00783,1.229,8.643,4.321,4e-26,0.3,0.0923,0.3749,0.0001,1000,5,512
380,1.2181995e-12,1807.8721,-1.3656827,0.67228734,-0.5000289,0.09647359,-29.96183309550272,-47.57483913545879,1560.0,200000000000.0,206000000000.0,0.0124,0.024,0.00783,1.229,8.643,4.321,4e-26,0.3,0.0923,0.3749,0.0001,1000,5,512
381,1.2279844e-12,1805.6985,-1.8022908,0.26662853,-0.29126033,0.26927638,-27.373470444144615,-44.847444354334826,1560.0,200000000000.0,206000000000.0,0.0124,0.024,0.00783,1.229,8.643,4.321,4e-26,0.3,0.0923,0.3749,0.0001,1000,5,512
382,1.2377692e-12,1803.53,-2.1956594,-0.0037885974,-0.18135071,0.39760214,-26.149296899557825,-48.033852100985854,1560.0,200000000000.0,206000000000.0,0.0124,0.024,0.00783,1.229,8.643,4.321,4e-26,0.3,0.0923,0.3749,0.0001,1000,5,512
383,1.2475539e-12,1801.3671,-2.4318764,-0.19338645,-0.1581007,0.47859526,-24.505971256844894,-42.93814938335758,1560.0,200000000000.0,206000000000.0,0.0124,0.024,0.00783,1.229,8.643,4.321,4e-26,0.3,0.0923,0.3749,0.0001,1000,5,512
384,1.2573385e-12,1799.209,-2.4059951,-0.27917442,-0.2249007,0.515318,-23.55014617720427,-45.804046642263614,1560.0,200000000000.0,206000000000.0,0.0124,0.024,0.00783,1.229,8.643,4.321,4e-26,0.3,0.0923,0.3749,0.0001,1000,5,512
385,1.2671232e-12,1797.0562,-2.174908,-0.15850064,-0.36681283,0.5117038,-22.798138792675395,-41.496718639556846,1560.0,200000000000.0,206000000000.0,0.0124,0.024,0.00783,1.229,8.643,4.321,4e-26,0.3,0.0923,0.3749,0.0001,1000,5,512
386,1.276908e-12,1794.9086,-1.8702096,0.18755807,-0.5369271,0.4716023,-21.65722534665121,-41.83743977101487,1560.0,200000000000.0,206000000000.0,0.0124,0.024,0.00783,1.229,8.643,4.321,4e-26,0.3,0.0923,0.3749,0.0001,1000,5,512
387,1.2866928e-12,1792.7661,-1.5379937,0.66888344,-0.7435879,0.39559817,-20.683860721868726,-40.847307533417904,1560.0,200000000000.0,206000000000.0,0.0124,0.024,0.00783,1.229,8.643,4.321,4e-26,0.3,0.0923,0.3749,0.0001,1000,5,512
388,1.2964775e-12,1790.6285,-1.1379911,1.1581718,-0.96632475,0.24446994,-20.057501953411396,-41.28833729545907,1560.0,200000000000.0,206000000000.0,0.0124,0.024,0.00783,1.229,8.643,4.321,4e-26,0.3,0.0923,0.3749,0.0001,1000,5,512
389,1.3062622e-12,1788.4963,-0.6890022,1.5699332,-1.1171522,0.008718495,-19.427919988130768,-41.96859651478135,1560.0,200000000000.0,206000000000.0,0.0124,0.024,0.00783,1.229,8.643,4.321,4e-26,0.3,0.0923,0.3749,0.0001,1000,5,512
390,1.3160469e-12,1786.369,-0.30586052,1.8453343,-1.1600497,-0.1803556,-20.040532797869744,-40.666044521174015,1560.0,200000000000.0,206000000000.0,0.0124,0.024,0.00783,1.229,8.643,4.321,4e-26,0.3,0.0923,0.3749,0.0001,1000,5,512
391,1.3258317e-12,1784.2467,-0.13828683,1.9405282,-1.1720228,-0.22007388,-21.113184447039743,-42.777047986392844,1560.0,200000000000.0,206000000000.0,0.0124,0.024,0.00783,1.229,8.643,4.321,4e-26,0.3,0.0923,0.3749,0.0001,1000,5,512
392,1.3356163e-12,1782.1298,-0.27234906,1.8313931,-1.1755859,-0.17696959,-22.700343159528117,-49.36151025294839,1560.0,200000000000.0,206000000000.0,0.0124,0.024,0.00783,1.229,8.643,4.321,4e-26,0.3,0.0923,0.3749,0.0001,1000,5,512
393,1.345401e-12,1780.0175,-0.682493,1.533002,-1.0762916,-0.1185324,-24.772847229560995,-44.213591053305365,1560.0,200000000000.0,206000000000.0,0.0124,0.024,0.00783,1.229,8.643,4.321,4e-26,0.3,0.0923,0.3749,0.0001,1000,5,512
394,1.3551858e-12,1777.9103,-1.2127062,1.1227373,-0.8412907,-0.02343585,-27.416619943037958,-47.823444151743004,1560.0,200000000000.0,206000000000.0,0.0124,0.024,0.00783,1.229,8.643,4.321,4e-26,0.3,0.0923,0.3749,0.0001,1000,5,512
395,1.3649705e-12,1775.8081,-1.6921762,0.7362879,-0.5809818,0.11752675,-29.315921336353234,-69.46999815236099,1560.0,200000000000.0,206000000000.0,0.0124,0.024,0.00783,1.229,8.643,4.321,4e-26,0.3,0.0923,0.3749,0.0001,1000,5,512
396,1.3747555e-12,1773.711,-2.0514622,0.48040858,-0.394197,0.28705162,-31.06290914874237,-51.898718030112235,1560.0,200000000000.0,206000000000.0,0.0124,0.024,0.00783,1.229,8.643,4.321,4e-26,0.3,0.0923,0.3749,0.0001,1000,5,512
397,1.3845402e-12,1771.6187,-2.2981372,0.31167635,-0.29628223,0.43775865,-32.07561780301062,-50.28945266345036,1560.0,200000000000.0,206000000000.0,0.0124,0.024,0.00783,1.229,8.643,4.321,4e-26,0.3,0.0923,0.3749,0.0001,1000,5,512
398,1.3943249e-12,1769.5314,-2.4020069,0.12023002,-0.27608633,0.55115616,-31.775008399634828,-50.81383599988193,1560.0,200000000000.0,206000000000.0,0.0124,0.024,0.00783,1.229,8.643,4.321,4e-26,0.3,0.0923,0.3749,0.0001,1000,5,512
399,1.4041097e-12,1767.449,-2.319811,-0.062050708,-0.33312336,0.606741,-30.10877799812335,-43.57299342259418,1560.0,200000000000.0,206000000000.0,0.0124,0.024,0.00783,1.229,8.643,4.321,4e-26,0.3,0.0923,0.3749,0.0001,1000,5,512
400,1.4138944e-12,1765.3713,-2.10262,-0.07935288,-0.44311777,0.59733236,-28.021735257113924,-43.245396331835195,1560.0,200000000000.0,206000000000.0,0.0124,0.024,0.00783,1.229,8.643,4.321,4e-26,0.3,0.0923,0.3749,0.0001,1000,5,512
401,1.423679e-12,1763.2988,-1.8516278,0.16424204,-0.57333565,0.5350968,-25.754194504412375,-45.429605300535684,1560.0,200000000000.0,206000000000.0,0.0124,0.024,0.00783,1.229,8.643,4.321,4e-26,0.3,0.0923,0.3749,0.0001,1000,5,512
402,1.4334638e-12,1761.2311,-1.5965478,0.61066455,-0.7585986,0.44633803,-23.86384350176317,-37.77823658017954,1560.0,200000000000.0,206000000000.0,0.0124,0.024,0.00783,1.229,8.643,4.321,4e-26,0.3,0.0923,0.3749,0.0001,1000,5,512
403,1.4432485e-12,1759.1681,-1.2870343,1.1217773,-0.9851502,0.29024532,-22.08160951001551,-38.874352042302434,1560.0,200000000000.0,206000000000.0,0.0124,0.024,0.00783,1.229,8.643,4.321,4e-26,0.3,0.0923,0.3749,0.0001,1000,5,512
404,1.4530332e-12,1757.1101,-0.9310054,1.5730819,-1.1604704,0.058688555,-20.529159802447943,-34.51819039086948,1560.0,200000000000.0,206000000000.0,0.0124,0.024,0.00783,1.229,8.643,4.321,4e-26,0.3,0.0923,0.3749,0.0001,1000,5,512
405,1.4628179e-12,1755.0566,-0.61336464,1.8833604,-1.2199898,-0.115812525,-20.191355409462503,-31.259082156592868,1560.0,200000000000.0,206000000000.0,0.0124,0.024,0.00783,1.229,8.643,4.321,4e-26,0.3,0.0923,0.3749,0.0001,1000,5,512
406,1.4726026e-12,1753.0082,-0.45244747,2.0267472,-1.2239335,-0.1400788,-18.196392574359123,-26.83466363640848,1560.0,200000000000.0,206000000000.0,0.0124,0.024,0.00783,1.229,8.643,4.321,4e-26,0.3,0.0923,0.3749,0.0001,1000,5,512
407,1.4823875e-12,1750.9645,-0.5331683,1.9876693,-1.2001394,-0.0837039,-14.723189746356347,-18.056605729234647,1560.0,200000000000.0,206000000000.0,0.0124,0.024,0.00783,1.229,8.643,4.321,4e-26,0.3,0.0923,0.3749,0.0001,1000,5,512
408,1.4921722e-12,1748.9255,-0.8519502,1.7589792,-1.0821017,-0.031167062,-25.162557615977008,-14.190532644046804,1560.0,200000000000.0,206000000000.0,0.0124,0.024,0.00783,1.229,8.643,4.321,4e-26,0.3,0.0923,0.3749,0.0001,1000,5,512
409,1.5019569e-12,1746.8912,-1.2787247,1.3755634,-0.86313695,0.038729336,-24.687212412359322,-23.53768436502031,1560.0,200000000000.0,206000000000.0,0.0124,0.024,0.00783,1.229,8.643,4.321,4e-26,0.3,0.0923,0.3749,0.0001,1000,5,512
410,1.5117416e-12,1744.8617,-1.6634692,0.9478203,-0.6394026,0.15038246,-20.288049641488797,-26.740558855102,1560.0,200000000000.0,206000000000.0,0.0124,0.024,0.00783,1.229,8.643,4.321,4e-26,0.3,0.0923,0.3749,0.0001,1000,5,512
411,1.5215263e-12,1742.837,-1.9667768,0.60116494,-0.48469526,0.30425027,-23.488630403044212,-34.25139736466987,1560.0,200000000000.0,206000000000.0,0.0124,0.024,0.00783,1.229,8.643,4.321,4e-26,0.3,0.0923,0.3749,0.0001,1000,5,512
412,1.5313112e-12,1740.8169,-2.2277808,0.33942437,-0.40169668,0.4762847,-23.581326508584972,-37.52575479605969,1560.0,200000000000.0,206000000000.0,0.0124,0.024,0.00783,1.229,8.643,4.321,4e-26,0.3,0.0923,0.3749,0.0001,1000,5,512
413,1.5410959e-12,1738.8014,-2.4128056,0.1045275,-0.37401,0.61637974,-25.074096623601235,-39.68237912360719,1560.0,200000000000.0,206000000000.0,0.0124,0.024,0.00783,1.229,8.643,4.321,4e-26,0.3,0.0923,0.3749,0.0001,1000,5,512
414,1.5508806e-12,1736.7908,-2.4510574,-0.051700868,-0.42726517,0.68894386,-25.44114607215802,-40.99761072280373,1560.0,200000000000.0,206000000000.0,0.0124,0.024,0.00783,1.229,8.643,4.321,4e-26,0.3,0.0923,0.3749,0.0001,1000,5,512
415,1.5606654e-12,1734.7847,-2.3212526,0.0069306353,-0.5164632,0.6704655,-26.12671267106593,-44.16727011205572,1560.0,200000000000.0,206000000000.0,0.0124,0.024,0.00783,1.229,8.643,4.321,4e-26,0.3,0.0923,0.3749,0.0001,1000,5,512
416,1.5704502e-12,1732.7831,-2.0696173,0.33170596,-0.62200904,0.5956204,-25.98674317876408,-48.91565699978621,1560.0,200000000000.0,206000000000.0,0.0124,0.024,0.00783,1.229,8.643,4.321,4e-26,0.3,0.0923,0.3749,0.0001,1000,5,512
417,1.5802349e-12,1730.7864,-1.7309266,0.81949806,-0.78282356,0.5048355,-24.979661183249398,-43.94723461039504,1560.0,200000000000.0,206000000000.0,0.0124,0.024,0.00783,1.229,8.643,4.321,4e-26,0.3,0.0923,0.3749,0.0001,1000,5,512
418,1.5900196e-12,1728.7941,-1.3339481,1.3073751,-1.0118499,0.35885864,-22.98742108202098,-38.928030612511094,1560.0,200000000000.0,206000000000.0,0.0124,0.024,0.00783,1.229,8.643,4.321,4e-26,0.3,0.0923,0.3749,0.0001,1000,5,512
419,1.5998043e-12,1726.8063,-0.94671917,1.6698792,-1.1917542,0.1370657,-20.380447004893433,-41.20648843400248,1560.0,200000000000.0,206000000000.0,0.0124,0.024,0.00783,1.229,8.643,4.321,4e-26,0.3,0.0923,0.3749,0.0001,1000,5,512
420,1.609589e-12,1724.823,-0.6786866,1.8796065,-1.2536192,-0.030085364,-18.222178892415137,-39.368207047959544,1560.0,200000000000.0,206000000000.0,0.0124,0.024,0.00783,1.229,8.643,4.321,4e-26,0.3,0.0923,0.3749,0.0001,1000,5,512
421,1.6193737e-12,1722.8447,-0.60556763,1.9703164,-1.2445704,-0.05693277,-16.280095050615884,-38.7428507471152,1560.0,200000000000.0,206000000000.0,0.0124,0.024,0.00783,1.229,8.643,4.321,4e-26,0.3,0.0923,0.3749,0.0001,1000,5,512
422,1.6291584e-12,1720.8705,-0.7605915,1.9641215,-1.1983211,-0.015534766,-15.177710049623215,-37.41267641170673,1560.0,200000000000.0,206000000000.0,0.0124,0.024,0.00783,1.229,8.643,4.321,4e-26,0.3,0.0923,0.3749,0.0001,1000,5,512
423,1.6389432e-12,1718.9011,-1.1044817,1.8356181,-1.0808405,0.023684848,-14.890787036698782,-37.056762663604104,1560.0,200000000000.0,206000000000.0,0.0124,0.024,0.00783,1.229,8.643,4.321,4e-26,0.3,0.0923,0.3749,0.0001,1000,5,512
424,1.6487279e-12,1716.936,-1.4972048,1.5597255,-0.9014568,0.08149314,-14.6733725998875,-38.26263096760805,1560.0,200000000000.0,206000000000.0,0.0124,0.024,0.00783,1.229,8.643,4.321,4e-26,0.3,0.0923,0.3749,0.0001,1000,5,512
425,1.6585126e-12,1714.9755,-1.7933575,1.1900319,-0.72013575,0.1855451,-14.222690527093114,-36.03629894098462,1560.0,200000000000.0,206000000000.0,0.0124,0.024,0.00783,1.229,8.643,4.321,4e-26,0.3,0.0923,0.3749,0.0001,1000,5,512
426,1.6682973e-12,1713.0194,-1.9931959,0.8391075,-0.5861429,0.3535265,-13.4473083296297,-35.01926472962849,1560.0,200000000000.0,206000000000.0,0.0124,0.024,0.00783,1.229,8.643,4.321,4e-26,0.3,0.0923,0.3749,0.0001,1000,5,512
427,1.6780823e-12,1711.0679,-2.1811557,0.5296191,-0.48642465,0.5419956,-12.799754233111543,-36.16410497518986,1560.0,200000000000.0,206000000000.0,0.0124,0.024,0.00783,1.229,8.643,4.321,4e-26,0.3,0.0923,0.3749,0.0001,1000,5,512
428,1.687867e-12,1709.1206,-2.354038,0.23799571,-0.4433106,0.6965778,-12.670723092322447,-34.8872439421511,1560.0,200000000000.0,206000000000.0,0.0124,0.024,0.00783,1.229,8.643,4.321,4e-26,0.3,0.0923,0.3749,0.0001,1000,5,512
429,1.6976517e-12,1707.1779,-2.429383,0.04278707,-0.48496523,0.76490664,-12.885566259408648,-34.47219008136217,1560.0,200000000000.0,206000000000.0,0.0124,0.024,0.00783,1.229,8.643,4.321,4e-26,0.3,0.0923,0.3749,0.0001,1000,5,512
430,1.7074364e-12,1705.2397,-2.349138,0.07825326,-0.57096106,0.7281804,-13.261042378289261,-34.587364603285536,1560.0,200000000000.0,206000000000.0,0.0124,0.024,0.00783,1.229,8.643,4.321,4e-26,0.3,0.0923,0.3749,0.0001,1000,5,512
431,1.7172212e-12,1703.3057,-2.1275647,0.38975546,-0.6644586,0.6350217,-13.588893344547785,-33.63087849764484,1560.0,200000000000.0,206000000000.0,0.0124,0.024,0.00783,1.229,8.643,4.321,4e-26,0.3,0.0923,0.3749,0.0001,1000,5,512
432,1.7270059e-12,1701.3761,-1.8041147,0.8739113,-0.8248004,0.54972076,-13.925030507759345,-34.88025950345734,1560.0,200000000000.0,206000000000.0,0.0124,0.024,0.00783,1.229,8.643,4.321,4e-26,0.3,0.0923,0.3749,0.0001,1000,5,512
433,1.7367906e-12,1699.451,-1.4425817,1.3618643,-1.0490353,0.42565885,-14.49695535275439,-34.11304052908619,1560.0,200000000000.0,206000000000.0,0.0124,0.024,0.00783,1.229,8.643,4.321,4e-26,0.3,0.0923,0.3749,0.0001,1000,5,512
434,1.7465753e-12,1697.5302,-1.119482,1.7277176,-1.2277217,0.22897403,-14.970894963935308,-33.76764354475087,1560.0,200000000000.0,206000000000.0,0.0124,0.024,0.00783,1.229,8.643,4.321,4e-26,0.3,0.0923,0.3749,0.0001,1000,5,512
435,1.75636e-12,1695.6136,-0.912762,1.9494151,-1.2792599,0.07594094,-15.883455118918242,-34.24978097232197,1560.0,200000000000.0,206000000000.0,0.0124,0.024,0.00783,1.229,8.643,4.321,4e-26,0.3,0.0923,0.3749,0.0001,1000,5,512
436,1.7661447e-12,1693.7017,-0.8448283,2.0702312,-1.2502769,0.035767116,-17.87605779308356,-34.073094644702905,1560.0,200000000000.0,206000000000.0,0.0124,0.024,0.00783,1.229,8.643,4.321,4e-26,0.3,0.0923,0.3749,0.0001,1000,5,512
437,1.7759294e-12,1691.7936,-0.94198173,2.1103237,-1.1845919,0.05198643,-19.8579557591733,-34.43150173192416,1560.0,200000000000.0,206000000000.0,0.0124,0.024,0.00783,1.229,8.643,4.321,4e-26,0.3,0.0923,0.3749,0.0001,1000,5,512
438,1.7857142e-12,1689.89,-1.201111,2.0194361,-1.076776,0.074744694,-11.022879324628477,-24.602210803484645,1560.0,200000000000.0,206000000000.0,0.0124,0.024,0.00783,1.229,8.643,4.321,4e-26,0.3,0.0923,0.3749,0.0001,1000,5,512
439,1.795499e-12,1687.9908,-1.5252105,1.7440811,-0.93199086,0.12369358,-1.3509002969352188,-11.970541582849933,1560.0,200000000000.0,206000000000.0,0.0124,0.024,0.00783,1.229,8.643,4.321,4e-26,0.3,0.0923,0.3749,0.0001,1000,5,512
440,1.8052837e-12,1686.0957,-1.7962407,1.3321408,-0.7883064,0.23787351,4.802583157232462,-2.102949783136708,1560.0,200000000000.0,206000000000.0,0.0124,0.024,0.00783,1.229,8.643,4.321,4e-26,0.3,0.0923,0.3749,0.0001,1000,5,512
441,1.8150684e-12,1684.2051,-2.0090995,0.9222451,-0.6705999,0.41274497,-9.719473122283468,-10.022791875278216,1560.0,200000000000.0,206000000000.0,0.0124,0.024,0.00783,1.229,8.643,4.321,4e-26,0.3,0.0923,0.3749,0.0001,1000,5,512
442,1.824853e-12,1682.3185,-2.2272377,0.5889208,-0.5597604,0.60642165,-27.52556543520587,-11.447750738760547,1560.0,200000000000.0,206000000000.0,0.0124,0.024,0.00783,1.229,8.643,4.321,4e-26,0.3,0.0923,0.3749,0.0001,1000,5,512
443,1.8346381e-12,1680.4362,-2.432362,0.33498845,-0.49918464,0.7663676,-10.747218312653587,-13.282106326407629,1560.0,200000000000.0,206000000000.0,0.0124,0.024,0.00783,1.229,8.643,4.321,4e-26,0.3,0.0923,0.3749,0.0001,1000,5,512
444,1.8444228e-12,1678.5581,-2.5208151,0.20447208,-0.53813523,0.8300999,-6.852205006772735,-15.008247970419774,1560.0,200000000000.0,206000000000.0,0.0124,0.024,0.00783,1.229,8.643,4.321,4e-26,0.3,0.0923,0.3749,0.0001,1000,5,512
445,1.8542075e-12,1676.6842,-2.424228,0.28182662,-0.6254934,0.7781724,-1.8122648808722843,-13.076416930963369,1560.0,200000000000.0,206000000000.0,0.0124,0.024,0.00783,1.229,8.643,4.321,4e-26,0.3,0.0923,0.3749,0.0001,1000,5,512
446,1.8639923e-12,1674.8145,-2.1528416,0.5729274,-0.7197934,0.68732023,-0.2119575377399343,-13.777032277862695,1560.0,200000000000.0,206000000000.0,0.0124,0.024,0.00783,1.229,8.643,4.321,4e-26,0.3,0.0923,0.3749,0.0001,1000,5,512
447,1.873777e-12,1672.9487,-1.7858574,0.98792493,-0.8667839,0.6131919,0.6820494079297568,-14.717569503696133,1560.0,200000000000.0,206000000000.0,0.0124,0.024,0.00783,1.229,8.643,4.321,4e-26,0.3,0.0923,0.3749,0.0001,1000,5,512
448,1.8835617e-12,1671.0875,-1.4401352,1.4008278,-1.0775039,0.50615716,1.3755953014161193,-15.30782925309542,1560.0,200000000000.0,206000000000.0,0.0124,0.024,0.00783,1.229,8.643,4.321,4e-26,0.3,0.0923,0.3749,0.0001,1000,5,512
449,1.8933464e-12,1669.2302,-1.203188,1.7277838,-1.237597,0.3267683,1.910462484612772,-16.012601764844725,1560.0,200000000000.0,206000000000.0,0.0124,0.024,0.00783,1.229,8.643,4.321,4e-26,0.3,0.0923,0.3749,0.0001,1000,5,512
450,1.903131e-12,1667.377,-1.0960757,1.9560598,-1.2780766,0.17396429,2.3593280040376925,-16.456879760461014,1560.0,200000000000.0,206000000000.0,0.0124,0.024,0.00783,1.229,8.643,4.321,4e-26,0.3,0.0923,0.3749,0.0001,1000,5,512
451,1.9129158e-12,1665.5278,-1.0818175,2.1195261,-1.2426842,0.109562494,2.9507385971828626,-16.58549032507878,1560.0,200000000000.0,206000000000.0,0.0124,0.024,0.00783,1.229,8.643,4.321,4e-26,0.3,0.0923,0.3749,0.0001,1000,5,512
452,1.9227005e-12,1663.6831,-1.1586004,2.2226794,-1.1747181,0.102915816,3.819019727552604,-16.436932167558737,1560.0,200000000000.0,206000000000.0,0.0124,0.024,0.00783,1.229,8.643,4.321,4e-26,0.3,0.0923,0.3749,0.0001,1000,5,512
453,1.9324852e-12,1661.8422,-1.3522534,2.1895244,-1.0812877,0.11828258,5.310702771529307,-15.492099529975803,1560.0,200000000000.0,206000000000.0,0.0124,0.024,0.00783,1.229,8.643,4.321,4e-26,0.3,0.0923,0.3749,0.0001,1000,5,512
454,1.94227e-12,1660.0052,-1.609029,1.9413929,-0.970025,0.18356812,7.621767989421983,-13.659735912384278,1560.0,200000000000.0,206000000000.0,0.0124,0.024,0.00783,1.229,8.643,4.321,4e-26,0.3,0.0923,0.3749,0.0001,1000,5,512
455,1.9520546e-12,1658.1726,-1.8389543,1.5148864,-0.8575929,0.31367803,10.650808712056026,-10.890476867865914,1560.0,200000000000.0,206000000000.0,0.0124,0.024,0.00783,1.229,8.643,4.321,4e-26,0.3,0.0923,0.3749,0.0001,1000,5,512
456,1.9618393e-12,1656.3439,-2.0366604,1.0710423,-0.7372528,0.48710123,13.877888977616234,-7.9394444082877484,1560.0,200000000000.0,206000000000.0,0.0124,0.024,0.00783,1.229,8.643,4.321,4e-26,0.3,0.0923,0.3749,0.0001,1000,5,512
457,1.971624e-12,1654.5192,-2.2394338,0.71277064,-0.6054365,0.6737952,16.61603530189928,-5.415592324306644,1560.0,200000000000.0,206000000000.0,0.0124,0.024,0.00783,1.229,8.643,4.321,4e-26,0.3,0.0923,0.3749,0.0001,1000,5,512
458,1.9814092e-12,1652.6986,-2.4311142,0.46298522,-0.53403133,0.8181473,18.202028878718064,-3.959385078748852,1560.0,200000000000.0,206000000000.0,0.0124,0.024,0.00783,1.229,8.643,4.321,4e-26,0.3,0.0923,0.3749,0.0001,1000,5,512
459,1.9911939e-12,1650.882,-2.5112095,0.353615,-0.5827375,0.87021905,18.371951882895296,-3.767748494006888,1560.0,200000000000.0,206000000000.0,0.0124,0.024,0.00783,1.229,8.643,4.321,4e-26,0.3,0.0923,0.3749,0.0001,1000,5,512
460,2.0009786e-12,1649.0692,-2.4136965,0.4289551,-0.68938506,0.82092327,17.67574950789598,-4.438009744148019,1560.0,200000000000.0,206000000000.0,0.0124,0.024,0.00783,1.229,8.643,4.321,4e-26,0.3,0.0923,0.3749,0.0001,1000,5,512
461,2.0107633e-12,1647.2606,-2.1527076,0.6815058,-0.7813737,0.734631,16.89564474045359,-5.065673710993657,1560.0,200000000000.0,206000000000.0,0.0124,0.024,0.00783,1.229,8.643,4.321,4e-26,0.3,0.0923,0.3749,0.0001,1000,5,512
462,2.020548e-12,1645.4559,-1.81613,1.0504494,-0.91532946,0.6795447,16.060948020469674,-5.685380023315275,1560.0,200000000000.0,206000000000.0,0.0124,0.024,0.00783,1.229,8.643,4.321,4e-26,0.3,0.0923,0.3749,0.0001,1000,5,512
463,2.0303327e-12,1643.655,-1.5254784,1.442436,-1.0990922,0.592656,15.21760755096815,-6.268273696891484,1560.0,200000000000.0,206000000000.0,0.0124,0.024,0.00783,1.229,8.643,4.321,4e-26,0.3,0.0923,0.3749,0.0001,1000,5,512
464,2.0401174e-12,1641.8584,-1.3580508,1.7878321,-1.2307811,0.42403516,14.371266436186383,-6.747194902143065,1560.0,200000000000.0,206000000000.0,0.0124,0.024,0.00783,1.229,8.643,4.321,4e-26,0.3,0.0923,0.3749,0.0001,1000,5,512
465,2.0499021e-12,1640.0654,-1.2903141,2.0560336,-1.2664471,0.26447335,13.502732813799522,-7.158864651054486,1560.0,200000000000.0,206000000000.0,0.0124,0.024,0.00783,1.229,8.643,4.321,4e-26,0.3,0.0923,0.3749,0.0001,1000,5,512
466,2.0596868e-12,1638.2764,-1.257207,2.24689,-1.2318314,0.18047974,12.60208681102958,-7.473643804809825,1560.0,200000000000.0,206000000000.0,0.0124,0.024,0.00783,1.229,8.643,4.321,4e-26,0.3,0.0923,0.3749,0.0001,1000,5,512
467,2.0694715e-12,1636.4913,-1.273908,2.3588998,-1.1665558,0.15330987,11.653299697047942,-7.68134334617794,1560.0,200000000000.0,206000000000.0,0.0124,0.024,0.00783,1.229,8.643,4.321,4e-26,0.3,0.0923,0.3749,0.0001,1000,5,512
468,2.0792563e-12,1634.7101,-1.4072838,2.3198617,-1.0883759,0.1710726,10.651204922593372,-7.922164822491268,1560.0,200000000000.0,206000000000.0,0.0124,0.024,0.00783,1.229,8.643,4.321,4e-26,0.3,0.0923,0.3749,0.0001,1000,5,512
469,2.089041e-12,1632.9327,-1.6537389,2.05205,-0.9982195,0.25298133,9.572638061623238,-7.950645900150306,1560.0,200000000000.0,206000000000.0,0.0124,0.024,0.00783,1.229,8.643,4.321,4e-26,0.3,0.0923,0.3749,0.0001,1000,5,512
470,2.0988257e-12,1631.1593,-1.9045407,1.6183932,-0.90011275,0.3971516,8.40685323765435,-7.89957960809074,1560.0,200000000000.0,206000000000.0,0.0124,0.024,0.00783,1.229,8.643,4.321,4e-26,0.3,0.0923,0.3749,0.0001,1000,5,512
471,2.1086104e-12,1629.3896,-2.1225977,1.1774523,-0.77894485,0.5601683,7.119057908067823,-7.653113568716108,1560.0,200000000000.0,206000000000.0,0.0124,0.024,0.00783,1.229,8.643,4.321,4e-26,0.3,0.0923,0.3749,0.0001,1000,5,512
472,2.118395e-12,1627.6238,-2.3156698,0.848495,-0.6386975,0.7240818,5.606507635075168,-7.2065156568954905,1560.0,200000000000.0,206000000000.0,0.0124,0.024,0.00783,1.229,8.643,4.321,4e-26,0.3,0.0923,0.3749,0.0001,1000,5,512
473,2.1281798e-12,1625.8619,-2.4556222,0.6450043,-0.568339,0.8552791,3.89473211676259,-6.35500681826462,1560.0,200000000000.0,206000000000.0,0.0124,0.024,0.00783,1.229,8.643,4.321,4e-26,0.3,0.0923,0.3749,0.0001,1000,5,512
474,2.137965e-12,1624.1036,-2.4854708,0.5667087,-0.6332016,0.91308624,1.2567949017658897,-5.12819824302921,1560.0,200000000000.0,206000000000.0,0.0124,0.024,0.00783,1.229,8.643,4.321,4e-26,0.3,0.0923,0.3749,0.0001,1000,5,512
475,2.1477496e-12,1622.3492,-2.3576126,0.61815464,-0.7537006,0.8722742,-4.047901864899771,-3.3440794915421463,1560.0,200000000000.0,206000000000.0,0.0124,0.024,0.00783,1.229,8.643,4.321,4e-26,0.3,0.0923,0.3749,0.0001,1000,5,512
476,2.1575344e-12,1620.5988,-2.1037264,0.801801,-0.84063786,0.80077094,-11.592312680562742,-0.14022502707426554,1560.0,200000000000.0,206000000000.0,0.0124,0.024,0.00783,1.229,8.643,4.321,4e-26,0.3,0.0923,0.3749,0.0001,1000,5,512
477,2.167319e-12,1618.8519,-1.812664,1.095392,-0.95187396,0.75517404,6.60759486093907,3.4073728405924406,1560.0,200000000000.0,206000000000.0,0.0124,0.024,0.00783,1.229,8.643,4.321,4e-26,0.3,0.0923,0.3749,0.0001,1000,5,512
478,2.1771038e-12,1617.1089,-1.5917109,1.460174,-1.0991967,0.66945857,20.52058207579451,12.1909397319749,1560.0,200000000000.0,206000000000.0,0.0124,0.024,0.00783,1.229,8.643,4.321,4e-26,0.3,0.0923,0.3749,0.0001,1000,5,512
479,2.1868885e-12,1615.3696,-1.49128,1.8352395,-1.2151284,0.50847673,22.239016432666173,10.748029285696216,1560.0,200000000000.0,206000000000.0,0.0124,0.024,0.00783,1.229,8.643,4.321,4e-26,0.3,0.0923,0.3749,0.0001,1000,5,512
480,2.1966732e-12,1613.634,-1.4602224,2.14717,-1.2493944,0.34170023,16.233263577975404,2.474922304690125,1560.0,200000000000.0,206000000000.0,0.0124,0.024,0.00783,1.229,8.643,4.321,4e-26,0.3,0.0923,0.3749,0.0001,1000,5,512
481,2.2064579e-12,1611.9022,-1.4204028,2.3646235,-1.223247,0.24485089,15.217176877138876,-0.2523107753595184,1560.0,200000000000.0,206000000000.0,0.0124,0.024,0.00783,1.229,8.643,4.321,4e-26,0.3,0.0923,0.3749,0.0001,1000,5,512
482,2.2162426e-12,1610.1741,-1.3974522,2.4785776,-1.1712859,0.21119808,14.566815428024274,-2.307483180191447,1560.0,200000000000.0,206000000000.0,0.0124,0.024,0.00783,1.229,8.643,4.321,4e-26,0.3,0.0923,0.3749,0.0001,1000,5,512
483,2.2260273e-12,1608.4497,-1.5002083,2.429469,-1.0995233,0.23347765,14.264757106219953,-3.7169226283527337,1560.0,200000000000.0,206000000000.0,0.0124,0.024,0.00783,1.229,8.643,4.321,4e-26,0.3,0.0923,0.3749,0.0001,1000,5,512
484,2.235812e-12,1606.7289,-1.7283648,2.1666172,-1.0172548,0.33634812,14.160631814801334,-4.749301918579263,1560.0,200000000000.0,206000000000.0,0.0124,0.024,0.00783,1.229,8.643,4.321,4e-26,0.3,0.0923,0.3749,0.0001,1000,5,512
485,2.2455967e-12,1605.012,-1.9832673,1.742778,-0.92348284,0.48424405,14.169661354970696,-5.460864785222526,1560.0,200000000000.0,206000000000.0,0.0124,0.024,0.00783,1.229,8.643,4.321,4e-26,0.3,0.0923,0.3749,0.0001,1000,5,512
486,2.2553814e-12,1603.2986,-2.1900012,1.3231299,-0.80292666,0.6286479,14.240471363285799,-6.059274756336244,1560.0,200000000000.0,206000000000.0,0.0124,0.024,0.00783,1.229,8.643,4.321,4e-26,0.3,0.0923,0.3749,0.0001,1000,5,512
487,2.2651661e-12,1601.5887,-2.339183,1.0107602,-0.6654529,0.7573569,14.342158975519062,-6.496368800199612,1560.0,200000000000.0,206000000000.0,0.0124,0.024,0.00783,1.229,8.643,4.321,4e-26,0.3,0.0923,0.3749,0.0001,1000,5,512
488,2.2749508e-12,1599.8827,-2.4230828,0.8194416,-0.60533357,0.882436,14.458054790378803,-6.80903152244948,1560.0,200000000000.0,206000000000.0,0.0124,0.024,0.00783,1.229,8.643,4.321,4e-26,0.3,0.0923,0.3749,0.0001,1000,5,512
489,2.2847358e-12,1598.1803,-2.4158309,0.7366614,-0.69333076,0.948398,14.569194318534269,-7.04310477820718,1560.0,200000000000.0,206000000000.0,0.0124,0.024,0.00783,1.229,8.643,4.321,4e-26,0.3,0.0923,0.3749,0.0001,1000,5,512
490,2.2945207e-12,1596.4814,-2.296133,0.7591135,-0.8144312,0.927355,14.687690983931274,-7.166578436350463,1560.0,200000000000.0,206000000000.0,0.0124,0.024,0.00783,1.229,8.643,4.321,4e-26,0.3,0.0923,0.3749,0.0001,1000,5,512
491,2.3043054e-12,1594.7861,-2.089162,0.89559394,-0.8903232,0.8716924,14.839004172874866,-7.167843781357547,1560.0,200000000000.0,206000000000.0,0.0124,0.024,0.00783,1.229,8.643,4.321,4e-26,0.3,0.0923,0.3749,0.0001,1000,5,512
492,2.3140901e-12,1593.0947,-1.8616321,1.1533091,-0.9752039,0.8291344,15.029572601750552,-7.133934295340666,1560.0,200000000000.0,206000000000.0,0.0124,0.024,0.00783,1.229,8.643,4.321,4e-26,0.3,0.0923,0.3749,0.0001,1000,5,512
493,2.3238748e-12,1591.4065,-1.6879437,1.5279316,-1.0933257,0.7355719,15.206406860897847,-6.898085141712073,1560.0,200000000000.0,206000000000.0,0.0124,0.024,0.00783,1.229,8.643,4.321,4e-26,0.3,0.0923,0.3749,0.0001,1000,5,512
494,2.3336595e-12,1589.722,-1.6071385,1.9348805,-1.1907014,0.57702804,15.33808793336956,-6.745452177409739,1560.0,200000000000.0,206000000000.0,0.0124,0.024,0.00783,1.229,8.643,4.321,4e-26,0.3,0.0923,0.3749,0.0001,1000,5,512
495,2.3434442e-12,1588.0411,-1.5692241,2.2691815,-1.2322756,0.41725987,15.467238067357162,-6.5263250975296145,1560.0,200000000000.0,206000000000.0,0.0124,0.024,0.00783,1.229,8.643,4.321,4e-26,0.3,0.0923,0.3749,0.0001,1000,5,512
496,2.353229e-12,1586.3639,-1.512109,2.4753828,-1.2212054,0.31356773,15.633065459409828,-6.134608486401362,1560.0,200000000000.0,206000000000.0,0.0124,0.024,0.00783,1.229,8.643,4.321,4e-26,0.3,0.0923,0.3749,0.0001,1000,5,512
497,2.3630136e-12,1584.69,-1.4794766,2.5544553,-1.1739712,0.27474847,15.847098054758778,-5.684299011617398,1560.0,200000000000.0,206000000000.0,0.0124,0.024,0.00783,1.229,8.643,4.321,4e-26,0.3,0.0923,0.3749,0.0001,1000,5,512
498,2.3727984e-12,1583.0198,-1.5849955,2.4845545,-1.1025966,0.3095121,16.085884521476835,-5.056797194770965,1560.0,200000000000.0,206000000000.0,0.0124,0.024,0.00783,1.229,8.643,4.321,4e-26,0.3,0.0923,0.3749,0.0001,1000,5,512
499,2.382583e-12,1581.3529,-1.8292716,2.2369661,-1.0146996,0.4203595,16.317066876452664,-4.330586413895581,1560.0,200000000000.0,206000000000.0,0.0124,0.024,0.00783,1.229,8.643,4.321,4e-26,0.3,0.0923,0.3749,0.0001,1000,5,512
500,2.3923678e-12,1579.6897,-2.0880823,1.8622037,-0.92428267,0.5636713,16.49879177040365,-3.6385046129444305,1560.0,200000000000.0,206000000000.0,0.0124,0.024,0.00783,1.229,8.643,4.321,4e-26,0.3,0.0923,0.3749,0.0001,1000,5,512
501,2.4021525e-12,1578.0298,-2.2713895,1.4870844,-0.815978,0.68235874,16.61460966643128,-2.837354336551023,1560.0,200000000000.0,206000000000.0,0.0124,0.024,0.00783,1.229,8.643,4.321,4e-26,0.3,0.0923,0.3749,0.0001,1000,5,512
502,2.4119372e-12,1576.3737,-2.361428,1.2017703,-0.6938487,0.78609955,16.658550479480446,-1.9757713862059063,1560.0,200000000000.0,206000000000.0,0.0124,0.024,0.00783,1.229,8.643,4.321,4e-26,0.3,0.0923,0.3749,0.0001,1000,5,512
503,2.421722e-12,1574.7207,-2.3763626,1.0125548,-0.6515404,0.90509665,16.633343269730304,-1.0000742036760535,1560.0,200000000000.0,206000000000.0,0.0124,0.024,0.00783,1.229,8.643,4.321,4e-26,0.3,0.0923,0.3749,0.0001,1000,5,512
504,2.4315066e-12,1573.0714,-2.326661,0.9095472,-0.75002575,0.9901496,16.529881999600796,0.06066839398065582,1560.0,200000000000.0,206000000000.0,0.0124,0.024,0.00783,1.229,8.643,4.321,4e-26,0.3,0.0923,0.3749,0.0001,1000,5,512
505,2.4412917e-12,1571.4255,-2.2266438,0.8953655,-0.86446065,0.9917642,16.306650362436063,1.30250593648368,1560.0,200000000000.0,206000000000.0,0.0124,0.024,0.00783,1.229,8.643,4.321,4e-26,0.3,0.0923,0.3749,0.0001,1000,5,512
506,2.4510765e-12,1569.7831,-2.0744417,0.987832,-0.92315227,0.94379056,15.91639037172785,2.7708917599012715,1560.0,200000000000.0,206000000000.0,0.0124,0.024,0.00783,1.229,8.643,4.321,4e-26,0.3,0.0923,0.3749,0.0001,1000,5,512
507,2.4608612e-12,1568.1439,-1.9011799,1.222376,-0.98481256,0.88776463,15.214798399207975,4.522001949126686,1560.0,200000000000.0,206000000000.0,0.0124,0.024,0.00783,1.229,8.643,4.321,4e-26,0.3,0.0923,0.3749,0.0001,1000,5,512
508,2.4706459e-12,1566.5084,-1.7578492,1.6032441,-1.0838273,0.78930974,13.855475081549738,6.6668574464864285,1560.0,200000000000.0,206000000000.0,0.0124,0.024,0.00783,1.229,8.643,4.321,4e-26,0.3,0.0923,0.3749,0.0001,1000,5,512
509,2.4804306e-12,1564.8762,-1.6842849,2.0337706,-1.1720848,0.6357245,10.597452416935091,9.57989408576612,1560.0,200000000000.0,206000000000.0,0.0124,0.024,0.00783,1.229,8.643,4.321,4e-26,0.3,0.0923,0.3749,0.0001,1000,5,512
510,2.4902153e-12,1563.2473,-1.6436993,2.3753662,-1.2186092,0.4865461,-10.240276020505604,14.006816945966685,1560.0,200000000000.0,206000000000.0,0.0124,0.024,0.00783,1.229,8.643,4.321,4e-26,0.3,0.0923,0.3749,0.0001,1000,5,512
511,2.5e-12,1561.6221,-1.593727,2.556745,-1.2224672,0.39295283,24.01787740135673,22.294866537717187,1560.0,200000000000.0,206000000000.0,0.0124,0.024,0.00783,1.229,8.643,4.321,4e-26,0.3,0.0923,0.3749,0.0001,1000,5,512
